Region code,Region name,LA code,LA name,1997 Ratio,1998 Ratio,1999 Ratio,2000 Ratio,2001 Ratio,2002 Ratio,2003 Ratio,2004 Ratio,2005 Ratio,2006 Ratio,2007 Ratio,2008 Ratio,2009 Ratio,2010 Ratio,2011 Ratio,2012 Ratio,2013 Ratio,2014 Ratio,2015 Ratio,2016 Ratio,2017 Ratio,2018 Ratio,2019 Ratio,2020 Ratio,2021 Ratio,2022 Ratio,2023 Ratio,2024 Ratio,5 Year Average
K04000001,England and Wales,NA,NA,3.55,3.66,3.89,4.13,4.42,5.06,5.85,6.53,6.74,6.96,7.17,6.9,6.35,6.85,6.74,6.76,6.74,6.95,7.37,7.59,7.77,7.85,7.73,7.81,8.95,8.45,8.28,7.54,8.21
E12000001,North East,E06000001,Hartlepool,2.64,2.74,2.85,3.02,2.75,2.9,3.2,3.19,2.88,4.2,5.02,5.23,4.7,4.73,4.48,4.14,4.26,4.65,4.7,4.6,4.8,4.82,5,4.63,4.94,4.65,4.7,4.25,4.63
E12000001,North East,E06000002,Middlesbrough,2.83,2.74,2.89,2.73,2.58,2.47,2.56,3.49,4.17,4.9,5.27,4.69,4.87,5.02,4.67,4.26,4.48,5.01,5.01,5.09,4.88,5.28,5.15,5,5.4,4.95,4.74,4.69,4.96
E12000001,North East,E06000003,Redcar and Cleveland,2.34,2.45,2.12,2.21,2.39,2.69,3.4,3.64,3.99,5.02,5.09,4.74,4.52,4.97,4.41,4.86,4.62,4.65,4.67,5.31,5.11,5.12,5.03,5.15,5.84,5.67,5.17,5.22,5.41
E12000001,North East,E06000004,Stockton-on-Tees,2.97,2.93,3.05,3.06,3.07,3.53,4.29,4.84,5.38,5.72,5.84,5.79,5.19,5.53,5.25,5.34,5.28,5.3,5.33,5.02,5.64,5.5,5.06,5.01,5.53,5.22,5.67,5.26,5.34
E12000001,North East,E06000005,Darlington,3.04,3.46,3.14,3.24,3.19,3.18,3.94,5.2,6.03,5.72,5.35,5.45,5.3,5.62,5.14,5.05,5.64,4.9,4.93,4.92,5.37,5.34,5.04,5.35,5.5,5.27,5.43,4.54,5.22
E12000001,North East,E06000047,County Durham,,,,,,,3.38,4.4,4.85,5.61,5.43,5.47,4.93,5.12,4.64,4.54,4.47,4.64,4.57,4.59,4.54,4.53,4.59,4.51,5.15,4.69,4.42,4.14,4.58
E12000001,North East,E06000057,Northumberland,,,,,,,4.72,5.96,6.45,6.51,6.75,6.93,6.05,6.3,6.36,5.87,6.04,6.53,6.5,6.26,6.42,6.59,6.56,6.29,7.04,6.16,6.62,6.15,6.45
E12000001,North East,E08000021,Newcastle upon Tyne,3.08,3.29,3.31,3.01,3.3,3.95,5.03,6.19,5.75,6.51,6.61,6.43,5.43,5.62,5.36,5.23,5.43,5.44,5.55,5.78,5.47,5.75,5.71,5.55,6.07,5.97,6.03,5.38,5.8
E12000001,North East,E08000022,North Tyneside,3.4,3.37,3.5,3.3,3.24,3.31,4.41,5.46,5.88,6.22,6.67,5.93,5.46,5.69,5.43,5.44,5.48,5.75,6.06,6.12,6.3,6.12,6.03,6.26,6.78,6.15,6.27,5.42,6.18
E12000001,North East,E08000023,South Tyneside,2.98,2.72,2.74,2.77,2.63,2.77,3.58,4.57,5.27,5.31,5.81,5.4,5.14,5.97,4.56,4.71,4.81,4.89,5.29,5.89,5.73,5.8,5.56,5.04,6.05,5.3,5.48,4.62,5.3
E12000001,North East,E08000024,Sunderland,2.94,2.83,2.87,2.89,2.75,3.13,3.71,4.66,4.9,5.08,5.21,4.98,4.65,4.72,4.62,4.63,4.54,4.59,4.75,4.62,4.78,4.87,4.79,4.55,5.43,5.15,4.95,4.25,4.87
E12000001,North East,E08000037,Gateshead,,,,,,,4.2,4.83,4.72,5.66,5.75,5.73,5.56,5.22,4.76,4.5,4.88,4.88,5.07,5.19,5.25,5.32,5.35,5.51,5.92,5.09,5.07,4.84,5.29
E12000002,North West,E06000006,Halton,2.83,2.71,2.74,2.8,3.02,2.91,3.71,4.44,4.87,4.59,5.1,4.66,4.63,4.68,4.7,4.57,4.75,4.66,4.55,4.92,4.76,4.79,4.93,4.94,5.58,4.88,4.68,4.76,4.97
E12000002,North West,E06000007,Warrington,3.33,3.45,3.61,3.6,3.75,4.5,4.93,6.43,6.37,6.69,5.83,5.46,5.19,5.66,5.53,5.38,5.77,5.71,5.99,6.14,6.35,6.31,6.75,6.54,7.34,7.43,7.44,6.11,6.97
E12000002,North West,E06000008,Blackburn with Darwen,2.32,2.28,2.45,2.48,2.23,2.39,2.66,3.18,3.66,4.08,4.78,4.49,4.26,4.25,4.03,4.1,3.94,4.07,4.39,4.16,4.25,4.96,4.77,4.93,5.26,4.95,4.99,4.06,4.84
E12000002,North West,E06000009,Blackpool,3,3.13,2.97,3.03,3.07,3.26,3.68,4.77,5.3,5.88,6.21,6.28,5.15,5.63,5.04,4.62,4.73,4.82,4.66,5.05,4.65,4.53,4.45,4.77,4.4,4.84,4.44,3.92,4.47
E12000002,North West,E06000049,Cheshire East,,,,,,,6.03,6.68,6.8,7.04,6.99,7.05,6.75,7.4,6.8,6.84,6.82,7.14,7.4,7.44,7.65,8.05,8.06,8,9.06,8.67,8.24,7.95,8.38
E12000002,North West,E06000050,Cheshire West and Chester,,,,,,,4.97,5.92,6.28,6.48,6.8,6.65,6.05,6.49,6.5,6.24,6.84,6.92,7.14,7.11,7.19,6.99,6.9,7.41,7.56,7.55,7.58,6.65,7.35
E12000002,North West,E06000063,Cumberland,,,,,,,3.23,3.92,4.36,5.12,5.09,5.01,4.76,4.79,4.83,4.92,4.48,4.64,4.86,4.73,4.83,4.79,4.92,4.47,4.96,4.86,4.6,4.42,4.66
E12000002,North West,E06000064,Westmorland and Furness,,,,,,,5.21,6.21,6.86,6.9,7.35,7.23,6.93,7.26,6.94,6.5,6.04,6.34,6.83,7.09,7.07,6.78,6.79,6.58,7.39,7.49,7.39,5.95,6.96
E12000002,North West,E07000117,Burnley,2.04,2.29,2.19,2.06,2,1.66,1.67,2.03,2.42,3.05,3.62,3.76,3.74,3.76,3.59,3.41,3.31,3.82,3.68,3.92,3.88,4,3.92,4.24,5.12,4.84,4.12,3.86,4.44
E12000002,North West,E07000118,Chorley,3.46,3.56,3.47,3.72,3.74,4.25,4.88,6.29,7.04,6.58,5.91,6.06,5.84,6.24,6.46,6.21,6.44,6.3,6.65,6.87,6.91,6.61,6.83,6.56,7.2,6.42,6.87,6.1,6.63
E12000002,North West,E07000119,Fylde,2.95,2.93,3.14,3.04,3.18,3.66,4.75,5.72,6.11,6.35,6.43,5.8,5.25,5.75,5.42,6.69,6.98,5.44,5.32,5.81,5.87,5.4,5.48,6.13,6.85,7.04,5.97,5.56,6.31
E12000002,North West,E07000120,Hyndburn,2.35,2.1,2.55,2.55,2.65,2.25,2.45,3.42,3.71,4.36,4.97,4.61,4.04,3.93,4.05,4.38,3.92,3.92,4.05,4.14,4.16,4.23,3.77,3.68,4.64,4.23,4.24,4.29,4.22
E12000002,North West,E07000121,Lancaster,2.75,2.82,2.89,2.82,2.84,2.96,3.82,4.73,5.4,5.62,5.61,5.87,5.19,5.57,4.97,5.17,5.03,5.42,5.35,5.14,5.41,5.73,5.67,5.45,6.4,5.96,6.17,5.84,5.96
E12000002,North West,E07000122,Pendle,2.1,2.19,2.14,2.24,2,2.15,2.35,3.16,3.17,3.96,4.64,4.35,4.27,4.2,3.8,3.67,3.75,3.87,3.83,3.87,4.04,3.66,4.41,5.03,5.54,5.05,4.46,4.71,4.96
E12000002,North West,E07000123,Preston,3.05,2.86,2.8,2.69,2.93,3.45,3.81,4.71,5.58,5.7,5.95,5.37,4.87,4.71,5.08,5.38,5.04,5.33,5.08,4.9,5.39,5.21,5.31,5.7,6.15,5.92,6.44,5.18,5.88
E12000002,North West,E07000124,Ribble Valley,3.6,3.66,3.93,4.44,4.1,4.24,6.38,8.63,7.3,8.21,7.69,7.92,7.09,7.69,6.97,7.03,7.36,6.83,6.57,7.59,6.76,7.11,7.06,6.22,6.58,7.15,6.27,6.23,6.49
E12000002,North West,E07000125,Rossendale,2.68,3.23,3.2,3.05,3.22,3.27,4,5.35,5.86,6.31,6.65,6.66,5.64,6.13,5.74,4.95,5.37,5.94,5.78,6.27,6.43,5.85,5.63,5.78,7.26,6.36,6.15,5.8,6.27
E12000002,North West,E07000126,South Ribble,3.01,3.09,3.2,3.15,3.39,3.55,4.45,6.13,6.21,6.14,6.04,5.87,6.41,6.55,6.05,5.89,5.96,6.54,6.31,6.28,6.12,6.58,5.81,5.61,6.3,6.27,6.38,5.39,5.99
E12000002,North West,E07000127,West Lancashire,3.28,3.55,3.88,3.76,4.12,4.53,5.55,6.34,6.32,7.03,7.15,7.27,6.85,6.93,6.49,6.78,6.96,7.16,6.47,6.47,6.51,6.54,6.7,6.41,8.01,6.54,6.53,6.71,6.84
E12000002,North West,E07000128,Wyre,3.69,3.83,3.72,4.21,4.03,4.71,5.27,6.54,7.2,7.52,7.87,6.22,6.53,7.69,7.02,6.39,6.48,6.46,6.09,6.31,6.69,6.54,6.09,6.43,7.48,6.85,6.9,6.09,6.75
E12000002,North West,E08000001,Bolton,2.86,2.91,2.83,2.9,2.9,3.23,3.5,4.34,5.14,5.62,5.72,5.68,5.1,5.06,4.76,4.84,4.76,5.12,5.11,5.07,5.26,5.33,5.34,5.63,6.13,6.37,6.11,6.2,6.09
E12000002,North West,E08000002,Bury,2.98,2.92,3.04,3.12,3.28,3.49,4.22,5.18,6.23,6.16,5.97,5.56,5.12,5.41,5.06,5.18,5.15,5.44,5.78,5.9,6.57,6.23,6.81,6.76,7.8,7.91,7.52,6.51,7.3
E12000002,North West,E08000003,Manchester,2.3,2.49,2.45,2.58,2.73,3.29,3.54,4.19,4.68,5.33,5.31,5.13,4.54,4.67,4.86,4.61,4.48,4.77,5.1,5.18,5.36,5.67,5.84,6.2,7.16,7.01,6.47,6.46,6.66
E12000002,North West,E08000004,Oldham,2.79,2.87,2.85,2.68,2.71,2.91,3.44,3.95,4.68,5.17,6.01,5.75,5.04,4.97,4.77,5.11,5.29,5.24,5.18,5.31,5.59,5.11,5.36,5.1,6.28,6.33,6.08,5.69,5.9
E12000002,North West,E08000005,Rochdale,2.61,2.67,2.83,2.75,2.79,3.05,3.47,4.18,4.8,5.09,5.67,5.5,4.74,5.3,4.87,5.04,5.08,5.56,5.54,5.46,5.63,5.53,5.58,5.66,6.42,6.35,5.96,6,6.08
E12000002,North West,E08000006,Salford,2.5,2.54,2.57,2.61,2.56,2.59,3.43,4.22,4.96,5.03,5.54,5.46,4.92,4.81,4.33,4.3,4.33,4.47,4.6,5.09,5.64,5.82,5.7,5.71,7.08,6.98,6.49,5.89,6.43
E12000002,North West,E08000007,Stockport,3.57,3.46,3.77,3.88,4.06,4.42,5.39,6.13,6.36,6.58,6.64,6.71,5.9,6.39,5.99,5.88,5.89,6.71,6.87,7.21,7.55,7.99,7.74,8.01,10.06,9.29,8.97,8.58,8.98
E12000002,North West,E08000008,Tameside,2.84,2.8,2.87,2.98,2.97,3.08,3.84,4.69,5.13,5.82,5.91,5.81,4.91,5.29,5.11,4.68,5.13,5.46,5.75,5.56,5.55,6.07,6.31,6.47,6.77,7.38,7.16,6.11,6.78
E12000002,North West,E08000009,Trafford,3.72,3.68,3.85,4.15,4.41,5.35,5.85,6.75,7.16,7.27,7.42,7.05,6.35,6.9,6.89,6.71,7.4,7.58,8.16,8.56,8.94,9.27,9.39,9.43,9.82,10.24,10.87,10.12,10.1
E12000002,North West,E08000010,Wigan,2.83,3,2.99,2.82,2.89,3.13,3.55,4.51,4.84,5.31,5.29,5.2,4.89,4.92,4.97,5.11,4.72,5.35,5.2,5.17,5.37,5.37,5.8,5.72,5.96,6.23,6.17,5.83,5.98
E12000002,North West,E08000011,Knowsley,2.52,2.7,2.75,2.86,2.8,3.24,3.36,4.64,5.35,5.61,5.13,5.19,4.43,4.67,4.58,4.32,4.15,4.07,5,4.41,4.57,4.12,5.22,4.45,5.93,5.69,5.77,4.78,5.32
E12000002,North West,E08000012,Liverpool,2.49,2.33,2.48,2.42,2.67,2.83,3.16,4.1,4.6,5.01,5.23,4.9,4.55,4.49,4.22,4.27,4.17,4.24,4.36,4.43,4.63,4.66,4.29,4.18,5.17,4.84,4.67,4.38,4.65
E12000002,North West,E08000013,St. Helens,2.85,2.86,2.9,2.93,3.08,3.25,3.67,4.89,5.35,5.6,5.88,5.28,4.72,4.76,4.91,4.86,4.72,5.37,5.24,5.34,5.63,5.3,4.86,5.31,4.93,5.59,5.86,5.43,5.42
E12000002,North West,E08000014,Sefton,3.7,3.72,3.74,3.8,3.95,4.49,5.06,6.15,6.33,7.06,6.91,6.51,6.86,6.66,6.54,5.99,5.8,6.25,6.19,6.61,6.56,6.49,6.56,6.48,6.76,6.7,6.32,6.43,6.54
E12000002,North West,E08000015,Wirral,3.01,3,3.13,3.31,3.28,3.73,4.68,5.74,5.74,6.28,6.64,6.44,5.93,6.09,6.17,6.07,5.63,5.6,5.4,5.7,5.92,6.22,6.21,6.28,7.27,6.89,6.8,6.38,6.72
E12000003,Yorkshire and The Humber,E06000010,"Kingston upon Hull, City of",2.18,2.16,2.2,2.19,2.19,2.22,2.65,3.09,3.28,3.81,4.12,4.07,3.68,3.97,3.71,3.81,3.89,4.09,4.14,4.11,4.61,4.34,4.36,4.29,4.52,4.59,4.24,4.09,4.35
E12000003,Yorkshire and The Humber,E06000011,East Riding of Yorkshire,3.32,3.28,3.47,3.27,3.4,3.95,4.75,6.05,6.23,6.1,6.09,6.29,5.64,5.88,5.95,5.86,5.65,6.11,6.37,6.51,6.61,6.65,6.51,6.46,7.53,7.14,7.27,6.42,6.96
E12000003,Yorkshire and The Humber,E06000012,North East Lincolnshire,2.53,2.38,2.5,2.55,2.68,2.79,2.87,3.9,4.01,4.72,5.14,5.13,4.55,5.25,4.82,4.49,4.44,5.16,4.9,4.96,5.79,5.65,5.25,5.23,5.6,5.58,4.89,4.51,5.16
E12000003,Yorkshire and The Humber,E06000013,North Lincolnshire,2.55,2.34,2.4,2.46,2.66,2.67,3.21,4.03,4.53,4.72,5.24,5.05,4.82,4.64,4.45,4.28,4.18,4.3,4.49,4.48,4.82,4.77,4.92,4.74,5.48,5.42,5.38,4.93,5.19
E12000003,Yorkshire and The Humber,E06000014,York,3.71,3.56,3.64,3.72,4.27,4.99,6.22,6.5,6.94,7.32,7.11,7.16,6.48,7.11,7.01,6.74,6.52,7.34,8.2,8.29,8.59,8.87,8.21,8.04,8.46,8.92,8.71,8.28,8.48
E12000003,Yorkshire and The Humber,E06000065,North Yorkshire,,,,,,,6.6,7.59,8.08,8.42,8.38,7.94,7.1,7.56,7.67,7.65,7.33,7.34,7.78,7.91,8.21,8.13,7.73,8.23,9.03,8.78,8.97,7.95,8.59
E12000003,Yorkshire and The Humber,E08000016,Barnsley,2.63,2.77,2.72,2.75,2.53,2.7,3.16,4.21,4.82,5.18,5.39,5.24,4.41,4.47,4.35,4.48,4.46,4.73,4.44,4.64,4.9,5.14,4.87,5.1,5.24,5.76,5.15,4.67,5.18
E12000003,Yorkshire and The Humber,E08000017,Doncaster,2.65,2.82,2.92,2.71,2.66,2.89,3.54,4.64,5.2,5.14,5.18,4.94,4.74,4.84,4.54,4.45,4.57,4.76,5.31,5.07,5.19,4.79,4.95,5.03,5.75,5.61,5.39,5.07,5.37
E12000003,Yorkshire and The Humber,E08000018,Rotherham,2.72,2.52,2.84,2.76,2.87,3.26,3.83,4.41,4.88,5.76,5.54,5.53,4.85,5,4.84,5.12,5.15,5.16,5.08,5.35,5.21,5.41,5.32,5.22,5.98,5.98,5.78,5.88,5.77
E12000003,Yorkshire and The Humber,E08000019,Sheffield,2.84,2.79,3,2.96,3.17,3.47,4.19,5.03,5.29,5.61,5.93,5.48,5.09,5.45,5.17,5,4.87,5.18,5.28,5.22,5.52,5.66,5.65,5.83,6.15,6.33,6.49,5.63,6.09
E12000003,Yorkshire and The Humber,E08000032,Bradford,2.98,2.85,2.83,2.85,2.87,2.95,3.49,4.36,5.07,5.74,5.95,5.61,5.06,5.26,5.4,5.04,4.98,5.1,5.22,5.07,5.17,5.21,5.22,5.02,5.44,5.02,5.23,5.13,5.17
E12000003,Yorkshire and The Humber,E08000033,Calderdale,2.79,2.8,2.75,2.74,2.67,2.99,3.4,4.05,4.66,5.4,5.71,5.4,4.63,5.31,4.85,4.95,5.06,4.98,5.18,5.14,5.02,5.1,5.33,5.45,6.02,5.51,5.54,4.64,5.43
E12000003,Yorkshire and The Humber,E08000034,Kirklees,2.95,2.94,3.02,3.14,3,3.27,3.98,5.13,5.5,5.82,6.02,6.1,5.63,5.61,5.52,5.29,5.36,5.35,5.75,5.68,5.69,5.76,5.84,5.82,6.8,6.06,6.39,5.87,6.19
E12000003,Yorkshire and The Humber,E08000035,Leeds,3.36,3.34,3.43,3.39,3.66,4.12,4.77,5.71,5.86,6.01,6.24,5.99,5.24,5.7,5.63,5.56,5.42,5.65,5.72,5.77,6,6.24,6.14,6.43,7.19,6.73,6.79,6.4,6.71
E12000003,Yorkshire and The Humber,E08000036,Wakefield,2.94,2.91,2.95,2.91,2.94,3.27,4.04,4.84,5.33,5.38,5.43,5.07,4.97,5.31,4.97,4.74,4.89,5.11,5.35,5.51,5.79,5.61,5.63,5.73,6.37,6.29,5.89,5.59,5.97
E12000004,East Midlands,E06000015,Derby,2.52,2.23,2.33,2.52,2.51,2.87,3.3,4.11,4.4,4.49,5.71,4.47,3.77,3.87,3.82,3.73,3.73,3.88,4.03,4.44,4.5,4.28,4.22,4.2,5.17,5.35,5.01,5.21,4.99
E12000004,East Midlands,E06000016,Leicester,2.58,2.59,2.74,2.72,2.96,3.51,4.49,5.66,5.55,5.68,5.55,5.44,5.01,4.88,5,4.88,4.78,4.92,5.33,5.56,6.03,6.62,6.82,6.42,7.65,7.69,7.47,7.35,7.32
E12000004,East Midlands,E06000017,Rutland,5.31,5.48,5.83,5.71,6.69,8.04,7.93,8.99,9.58,9.63,8.86,9.7,7.74,9.27,9.13,9.36,9.3,9.19,10.34,9.63,9.72,9.91,8.93,9.81,10.3,9.06,9.48,10.01,9.73
E12000004,East Midlands,E06000018,Nottingham,2.59,2.66,2.69,2.57,2.67,3.27,4.25,4.47,4.78,5.01,4.83,4.69,3.99,4.08,3.97,3.87,3.95,4.28,4.33,4.6,4.98,5.13,4.91,5.21,6,6.11,6.3,5.74,5.87
E12000004,East Midlands,E06000061,North Northamptonshire,,,,,,,5.04,6.06,6.56,6.53,6.5,6.57,5.79,6.22,5.85,5.58,6,6.23,6.61,6.99,7.28,7.6,7.67,7.48,8.42,7.92,8.59,7.33,7.95
E12000004,East Midlands,E06000062,West Northamptonshire,,,,,,,6.01,6.34,6.61,6.53,6.81,6.57,6.19,6.68,6.23,6.37,6.14,7.02,7.69,8.44,8.8,8.92,8.22,8.3,9.59,9.05,8.68,7.77,8.68
E12000004,East Midlands,E07000032,Amber Valley,2.98,3.05,3.21,3.32,3.45,3.99,4.96,5.49,5.54,5.85,6.02,5.4,5.03,5.71,5.4,4.71,5.2,5.36,5.69,5.59,5.39,5.94,5.96,6.04,6.77,7.18,7.07,6.65,6.74
E12000004,East Midlands,E07000033,Bolsover,2.7,2.65,2.66,2.8,2.65,2.55,3.21,3.71,4.74,4.81,4.6,4.98,4.56,4.91,4.41,4.2,4.26,4.6,4.94,5.28,5.59,5.4,5.59,5.06,6.49,6.63,5.71,5.47,5.87
E12000004,East Midlands,E07000034,Chesterfield,2.72,2.78,3,2.9,3.34,3.36,4.03,5.21,5.32,5.54,5.73,5.81,4.77,4.75,4.34,4.6,5.1,4.97,5.15,5.35,5.68,5.75,5.66,5.96,6.73,6.44,6.49,5.32,6.19
E12000004,East Midlands,E07000035,Derbyshire Dales,4.66,4.9,4.84,4.57,5.05,6.43,6.63,8.61,9.41,9.13,9.92,8.57,8.22,8.88,8.59,8.17,8.61,8.55,9.07,8.97,9.35,9.21,9.73,10.29,10.63,10.17,10.93,9.05,10.21
E12000004,East Midlands,E07000036,Erewash,2.98,2.97,3.08,3.12,3.26,3.89,4.44,4.95,5.9,6.2,6.14,5.95,5.49,5.53,5.85,5.21,4.94,5.39,5.81,5.24,5.5,5.9,6.18,6.14,6.29,6.37,6.17,5.62,6.12
E12000004,East Midlands,E07000037,High Peak,3.64,3.65,3.65,3.63,3.84,4.39,5.83,6.6,6.65,6.64,7.46,6.75,5.89,5.73,6.27,6.32,5.99,6.99,6.91,7.07,7.28,7.76,7.5,7.33,8.5,8.31,8.73,7.97,8.17
E12000004,East Midlands,E07000038,North East Derbyshire,3.45,3.36,3.56,3.67,3.38,3.82,4.43,5.9,6.3,5.99,5.88,5.8,5.77,5.89,5.98,6.24,6.16,6.94,7.72,7.41,7.31,6.43,7.17,7.5,8.37,7.83,8.5,6.96,7.83
E12000004,East Midlands,E07000039,South Derbyshire,3.05,3.26,3.75,4.7,4.54,4.22,6.02,6.09,6.21,5.98,5.64,5.69,5.6,6.88,5.85,6.25,5.82,6.04,6.45,7.2,7.45,7.13,7.29,7.39,7.84,7.75,7.55,6.6,7.43
E12000004,East Midlands,E07000129,Blaby,3.11,3.26,3.94,3.65,3.92,4.42,5.66,5.93,6.26,6.5,6.62,6.25,5.34,5.6,5.82,6.23,6.59,6.53,6.97,7.48,7.69,7.72,8.13,7.28,8.25,7.51,7.95,7.36,7.67
E12000004,East Midlands,E07000130,Charnwood,3.19,3.29,3.49,3.39,3.64,4.1,5.4,6.15,6.34,6.18,6.58,6.22,5.41,5.81,5.87,6,6.06,6.33,6.71,6.73,7.3,7.2,7.7,7.75,8.45,7.85,8.13,7.76,7.99
E12000004,East Midlands,E07000131,Harborough,4.13,4.37,4.6,5.33,5.56,6.27,8.31,8.46,8.2,8.75,8.8,8.04,6.83,7.74,7.55,7.83,7.52,8.04,8.91,9,9.66,10.14,10.88,9.83,10.89,11.13,10.85,10.19,10.58
E12000004,East Midlands,E07000132,Hinckley and Bosworth,3.47,3.48,3.97,4.15,4.22,4.54,5.72,6.42,6.48,6.79,6.72,6.32,6.18,6.43,6.38,5.79,5.55,6.3,6.8,7.1,7.26,7.17,7.3,7.28,8.56,8.73,7.78,7.69,8.01
E12000004,East Midlands,E07000133,Melton,3.13,3.58,4.2,3.96,4.06,5.62,6.23,6.56,7.45,7.04,7.87,6.88,6.7,7.13,7.17,6.93,7.23,7.93,7.46,7.54,7.73,8.35,8.67,8.91,12.63,8.33,9.44,8.42,9.55
E12000004,East Midlands,E07000134,North West Leicestershire,3.25,3.2,3.31,3.75,4.11,4.76,6.04,6.26,7.03,6.6,7.02,6.13,5.84,6.16,5.9,5.52,6.02,6.61,7.17,6.93,7.38,7.89,7.2,7.86,8.33,8.11,8.21,7.66,8.03
E12000004,East Midlands,E07000135,Oadby and Wigston,3.51,3.76,3.73,4.11,4.62,4.71,5.91,6.44,6.92,6.52,7.5,7.7,6.51,7.17,7.53,6.69,6.73,6.94,7.41,7.7,7.82,8.16,8.91,9.67,10.74,10.74,10.76,9.32,10.25
E12000004,East Midlands,E07000136,Boston,3.02,2.87,2.92,2.77,3.48,3.99,4.89,6.41,6.41,6.39,6.57,6.31,5.61,5.76,5.61,5.74,5.68,6,6.5,6.33,7.14,6.92,6.78,6.98,7.64,7.41,6.98,6.22,7.05
E12000004,East Midlands,E07000137,East Lindsey,3.43,3.48,3.55,3.75,3.99,4.65,5.73,7.31,7.61,7.69,8.15,7.29,6.07,6.61,6.51,6.11,5.63,5.77,6.06,5.91,6.46,6.48,6.64,6.65,7.73,7.57,7.26,6.86,7.21
E12000004,East Midlands,E07000138,Lincoln,2.45,2.53,2.49,2.49,2.64,3,4.22,5.02,5.42,5.56,5.99,5.73,4.95,5.01,5.01,4.92,4.94,4.91,5.52,5.39,5.54,5.41,5.81,5.52,6.07,5.75,5.46,5.07,5.57
E12000004,East Midlands,E07000139,North Kesteven,3.48,3.41,3.88,3.99,4.48,5.36,7.35,7.25,7.96,8.01,7.5,8.07,7.05,6.86,7.11,6.81,6.59,6.61,7.25,7.53,7.46,7.39,7.54,6.92,8.27,7.8,7.59,6.62,7.44
E12000004,East Midlands,E07000140,South Holland,3.41,3.42,3.53,4.04,4.38,4.57,5.52,6.99,7.07,6.92,7.42,6.67,6.09,5.92,6.06,6.16,5.96,6.58,6.86,6.95,7.09,7.77,7.37,7.29,8.52,8.26,8,7.41,7.9
E12000004,East Midlands,E07000141,South Kesteven,3.61,3.87,4.15,4.25,4.67,5.15,6.92,7.55,8.49,7.86,8.14,7.9,6.3,7.04,6.91,6.94,6.71,7.76,7.69,8.42,8.76,9.02,8.55,8.09,9.11,8.57,8.74,7.8,8.46
E12000004,East Midlands,E07000142,West Lindsey,3.91,3.45,3.62,3.25,3.78,4.06,4.98,6.6,6.37,6.43,7.82,7.1,6.05,6.22,6.2,5.9,5.7,6.57,6.51,5.78,5.99,6.37,6.47,6.42,7.27,6.36,7.25,6.95,6.85
E12000004,East Midlands,E07000170,Ashfield,2.78,3.01,2.99,3.06,2.84,3.2,3.99,4.97,4.97,5.15,5.66,5.2,4.45,4.47,5.04,4.91,5.03,5.27,5.6,5.25,5.56,5.04,5.76,5.29,6.32,5.9,6.42,5.48,5.88
E12000004,East Midlands,E07000171,Bassetlaw,2.85,2.82,3.19,3.33,3.32,3.92,4.29,5.19,6.1,5.99,6.27,5.92,5.21,5.73,5.62,5.14,5.17,5.38,5.9,5.84,6.1,6.23,6.42,6.56,7.44,7.68,7.19,6.06,6.99
E12000004,East Midlands,E07000172,Broxtowe,3.11,3.16,3.3,3.46,3.65,4.42,4.87,5.86,6.01,5.74,5.82,5.64,5.37,5.88,5.7,5.82,5.69,5.5,5.38,5.89,6.04,6.81,6.76,7.69,8.09,8.22,8.09,7.96,8.01
E12000004,East Midlands,E07000173,Gedling,2.93,3.18,3.4,3.4,3.75,4.13,5.14,5.68,5.42,6.07,5.08,5.29,4.82,5.72,6.67,4.8,4.4,4.69,6.35,6.25,5.41,5.29,6.26,6.68,8.36,7.25,7.36,7.09,7.35
E12000004,East Midlands,E07000174,Mansfield,2.94,3.01,3.24,3.13,2.96,3.48,4.2,5.02,5.62,5.39,5.49,5.18,4.84,5.35,5.32,5.26,5.29,5.53,5.89,6.19,6.03,5.98,6.26,5.87,6.62,6.13,5.93,5.52,6.01
E12000004,East Midlands,E07000175,Newark and Sherwood,3.42,3.56,4.14,4.08,4.02,4.14,6.05,6.74,7.1,6.48,6.82,6.5,6.11,7,6.29,6.35,6.15,6.49,6.71,6.73,7.28,7.77,8.1,7.29,8.11,8.38,7.5,6.53,7.56
E12000004,East Midlands,E07000176,Rushcliffe,4.29,4.13,4.25,4.81,5.59,5.46,6.69,7.44,7.34,7.97,8.19,7.38,7.1,7.06,7.49,7.71,7.39,7.2,8.38,9.08,9.94,8.98,9.21,9.55,10.01,10.03,11.02,10.08,10.14
E12000005,West Midlands,E06000019,"Herefordshire, County of",,4.48,5.03,5.34,5.45,6.36,7.61,8.38,8.69,8.82,9.09,8.97,8.67,9.39,9.19,9.22,8.8,9.12,9.66,8.87,9.51,9.81,9.29,9.04,10.27,10.18,9.76,8.78,9.61
E12000005,West Midlands,E06000020,Telford and Wrekin,3.12,3.17,3.6,3.47,3.81,4.01,4.65,5.69,5.98,6.16,5.65,5.66,5.94,6.2,6.14,5.78,5.72,5.83,5.61,6.1,6.44,6.19,6.03,5.95,7.28,6.95,7.05,6.14,6.67
E12000005,West Midlands,E06000021,Stoke-on-Trent,2.39,2.31,2.3,2.41,2.27,2.45,2.68,3.81,4.38,4.44,4.39,4.22,3.92,3.85,3.75,3.81,3.8,4.13,4.12,4.29,4.5,4.39,4.51,4.44,4.76,4.68,4.55,4.38,4.56
E12000005,West Midlands,E06000051,Shropshire,,,,,,,6.76,7.73,8.13,8.5,8.41,8.73,8.07,7.79,7.61,7.68,7.22,7.54,7.62,7.81,8.52,8.11,8.02,8.03,9.41,8.36,8.5,8.15,8.49
E12000005,West Midlands,E07000192,Cannock Chase,3.08,2.93,3.23,3.06,3.52,3.86,4.72,5.7,6.02,6.27,6.43,5.5,5.54,5.56,5.67,5.61,5.07,5.6,5.65,6.05,6.31,6.35,6.71,6.89,7.11,7.97,7.56,6.74,7.25
E12000005,West Midlands,E07000193,East Staffordshire,3.02,3.33,3.73,3.34,3.49,3.93,4.63,5.27,5.87,5.94,6.46,5.85,5.79,6.39,5.49,5.35,5.19,5.62,5.99,5.64,6.4,6.63,6.59,6.84,7.91,7.2,6.84,6.06,6.97
E12000005,West Midlands,E07000194,Lichfield,4.04,4.09,4.28,4.97,5.16,6.07,7.15,7.39,8.04,7.85,9.44,8.24,6.94,7.22,7.15,7.97,7.08,7.89,7.55,7.78,8.46,8.95,9.13,9.33,10.59,11.26,9.53,8.59,9.86
E12000005,West Midlands,E07000195,Newcastle-under-Lyme,3.43,2.98,3.24,3.27,3.32,3.57,4.26,5.18,5.68,6.31,6.03,5.99,5.84,6.23,5.85,5.88,5.37,5.68,6.34,6.05,5.52,5.84,6.18,5.94,6.33,6.29,5.72,6.08,6.07
E12000005,West Midlands,E07000196,South Staffordshire,4.1,3.94,4.24,4.42,5.23,6.21,7.51,6.94,7.34,7.04,8.11,7.56,7.07,7.35,7.6,7.88,6.87,7.39,7.41,7.78,7.77,7.39,8.21,7.65,8.47,9.42,8.44,7.94,8.38
E12000005,West Midlands,E07000197,Stafford,3.84,3.59,3.94,3.89,3.77,4.48,6.08,6.66,6.69,6.81,7.15,7.15,5.99,6.32,6.26,6.28,5.87,6.2,6.81,6.66,7.35,7.38,7.35,7.45,7.92,7.55,7.43,6.73,7.42
E12000005,West Midlands,E07000198,Staffordshire Moorlands,3.16,3.02,3.46,3.45,3.51,4.05,4.55,6.54,5.96,6.44,6.66,6.15,5.8,6.19,6.04,5.18,5.26,5.16,7.09,5.97,6.07,6.52,5.82,6.41,6.62,6.77,6.46,7.34,6.72
E12000005,West Midlands,E07000199,Tamworth,3.42,3.19,3.55,3.62,4.35,4.57,4.84,6.21,6.01,6.3,6.68,6.09,6.04,6.47,6.18,5.83,6.15,6.19,6.46,6.85,6.99,7.72,8.31,8.63,8.87,7.91,8,7.19,8.12
E12000005,West Midlands,E07000218,North Warwickshire,4.01,3.75,4.09,3.73,4.28,4.96,5.18,5.68,6.06,6.25,7.14,6.89,6.27,6.38,5.32,5.86,6.02,7.05,7.58,6.69,7.03,7.24,7.32,7.64,8.9,7.96,7.87,6.45,7.76
E12000005,West Midlands,E07000219,Nuneaton and Bedworth,3.13,3.01,3.51,3.59,3.73,4.34,4.92,5.83,6.24,6.1,5.9,5.95,5.11,5.54,5.67,5.64,5.51,5.73,6.14,6.25,6.74,6.63,7.17,7.61,8.23,8.58,7.8,6.93,7.83
E12000005,West Midlands,E07000220,Rugby,3.19,3.14,3.12,3.84,3.58,5.05,5.2,5.79,6.04,6.57,6.33,6.06,5.52,5.74,5.68,5.79,5.84,5.87,6.15,6.5,6.74,7.73,7.72,7.34,7.64,7.66,8.71,7.4,7.75
E12000005,West Midlands,E07000221,Stratford-on-Avon,4.92,5.25,5.46,6.04,6.58,8.09,8.67,8.39,8.84,8.52,9.2,8.72,8.55,8.82,9.17,8.79,8.76,8.76,9.68,9.54,9.3,10.33,11.26,9.83,10.79,11.36,11.28,9.63,10.58
E12000005,West Midlands,E07000222,Warwick,4.21,4.56,5.05,5.63,5.69,6.52,7.82,7.59,8.19,7.39,7.74,7.69,6.9,7.83,7.62,7.69,7.51,8.33,8.59,9.35,9.27,9.62,9.1,9.25,10.95,10.71,10.21,9.28,10.08
E12000005,West Midlands,E07000234,Bromsgrove,4.64,4.73,4.99,6.21,6.64,8.56,8.36,9.43,9.57,9.57,10.38,9.44,8.37,8.96,9.86,9.11,9.27,9.79,10.33,10.39,10.34,10.58,10.12,10.13,11.2,11.19,10.01,10.53,10.61
E12000005,West Midlands,E07000235,Malvern Hills,,5.44,5.12,5.07,5.66,8.54,8.33,9.4,9.88,9.71,9.86,8.19,7.43,9.32,9.18,8.85,7.77,8.86,9.68,10.37,10.81,11.41,11.17,12.02,11.85,10.77,10.24,10.09,10.99
E12000005,West Midlands,E07000236,Redditch,3.43,3.73,4.11,4.44,4.63,5.07,6.26,7.03,7.16,7.24,7.57,6.87,5.64,6.34,6.34,6.39,6.39,6.6,7.32,7.15,7.67,8.25,8.44,8.15,7.57,8.91,7.65,7.27,7.91
E12000005,West Midlands,E07000237,Worcester,3.46,3.67,3.88,4.17,4.69,5.05,6.07,6.88,6.71,7.09,7.42,7.48,6.56,6.36,6.65,6.48,6.59,6.69,6.99,6.94,6.71,6.79,6.86,7.3,8.31,7.19,7.42,7,7.44
E12000005,West Midlands,E07000238,Wychavon,4.65,4.79,5.02,5.55,6.37,7.19,8.48,9.33,9.1,9.67,10.19,10.36,8.13,8.66,8.46,8.24,8.08,8.61,8.86,9.35,9.47,9.78,9.63,10.05,10.72,10.42,10.08,9.44,10.14
E12000005,West Midlands,E07000239,Wyre Forest,3.87,3.6,3.87,4,4.55,5.06,6.7,7.35,7.18,7.23,7.58,6.72,7.34,7.59,7.84,7.83,7.94,7.46,7.08,7.35,7.39,8.29,7.12,7.29,8.05,8.38,7.35,7.25,7.66
E12000005,West Midlands,E08000025,Birmingham,2.81,2.84,2.93,3.04,3.16,3.76,4.67,5.54,5.58,5.61,5.68,5.42,4.82,5.02,4.88,4.8,4.77,5.24,5.07,5.33,5.62,5.67,5.86,5.68,6.6,6.33,6.54,6.01,6.23
E12000005,West Midlands,E08000026,Coventry,2.67,2.5,2.55,2.81,2.86,3.3,3.81,4.6,4.84,4.99,5.35,4.83,4.59,4.84,4.62,4.5,4.24,4.83,5.11,5.33,5.52,5.66,6.08,5.69,6.09,6.38,5.62,5.86,5.93
E12000005,West Midlands,E08000027,Dudley,3.62,3.34,3.58,3.63,3.79,4.19,4.98,5.92,6.33,6.51,6.5,6.28,5.92,6.34,5.79,5.85,6.08,6.1,5.96,5.95,6.08,6.21,6.35,6.19,6.68,6.78,6.84,6.53,6.6
E12000005,West Midlands,E08000028,Sandwell,2.93,2.89,2.85,2.79,3.06,3.37,4.11,5.03,5.2,5.44,5.59,5.12,4.88,5.04,4.82,4.68,4.59,4.92,5.04,5.34,5.4,5.68,5.86,5.64,6.33,6.86,6.59,6.39,6.36
E12000005,West Midlands,E08000029,Solihull,4.15,4.18,4.45,4.92,5.33,5.83,6.73,7.06,7.37,7.39,7.26,6.72,6.24,7.22,7.34,6.76,6.87,7.16,7.66,7.54,7.74,7.62,8.44,9.31,9.16,7.85,9.33,8.62,8.85
E12000005,West Midlands,E08000030,Walsall,3.29,3.33,3.32,3.46,3.6,4.12,4.92,5.96,5.99,6.04,6.36,5.96,5.73,5.55,5.37,5.25,5.34,5.4,5.24,5.39,5.99,6.2,5.71,5.59,6.54,6.48,6.43,6.16,6.24
E12000005,West Midlands,E08000031,Wolverhampton,2.91,2.82,2.86,2.84,3.01,3.26,4.13,4.55,5.23,5.38,5.42,5.2,4.77,4.78,4.83,4.6,4.76,5.21,5.16,5.37,5.47,5.57,5.31,5.81,6.33,6.25,6.23,5.9,6.1
E12000006,East of England,E06000031,Peterborough,,2.74,2.91,3.06,3.28,3.85,4.37,5.54,5.53,5.7,6.03,5.81,5.25,5.48,5.19,5.01,5.07,5.54,5.76,5.93,6.67,6.82,6.78,7.03,7.42,7.49,7.29,6.92,7.23
E12000006,East of England,E06000032,Luton,2.51,2.58,2.65,3.31,3.87,4.12,5.18,5.86,5.8,5.94,6.51,6.05,5.33,5.7,5.71,6.08,5.93,6.4,6.34,7.31,7.36,8.32,7.54,7.5,8.21,8.85,9.13,7.94,8.33
E12000006,East of England,E06000033,Southend-on-Sea,3.34,3.62,3.7,3.88,4.2,5.04,6.39,7.04,7.73,7.95,7.95,7.86,7.48,7.49,7.44,7.49,7.45,7.52,8.92,9.03,10.3,10.32,10.56,10.36,10.99,11.43,10.52,10.43,10.75
E12000006,East of England,E06000034,Thurrock,2.89,3.22,3.24,3.38,4.12,4.32,5.48,5.9,6.58,6.97,7.3,7.08,6.57,6.54,6.67,6.63,6.57,7.61,8.32,9.85,10,10.04,9.54,9.37,10.43,9.82,9.66,9.97,9.85
E12000006,East of England,E06000055,Bedford,3.43,3.55,3.94,4.14,4.42,5.2,6.06,6.72,6.89,7.03,7.07,7.53,7.1,7.33,7.13,7.32,7.31,7.94,8.46,8.55,9.35,9.83,9.02,8.93,10.37,9.79,10.14,9.35,9.72
E12000006,East of England,E06000056,Central Bedfordshire,,,,,,,6.24,7.11,7.27,7.3,7.95,7.37,7.18,7.97,8.37,7.85,7.75,8.6,9.51,10.44,10.57,10.88,10.36,10.35,11.23,11.05,10.71,10.07,10.68
E12000006,East of England,E07000008,Cambridge,4.44,5.34,5.6,5.98,6.57,7.72,8.28,8.41,8.64,9.05,9.97,9.1,8.15,8.76,8.85,9.44,9.61,11.39,12.56,13,13.53,12.96,12.71,12.34,12.63,12.9,11.94,11.31,12.22
E12000006,East of England,E07000009,East Cambridgeshire,3.91,5.08,5.66,4.96,6.23,6.68,7.36,7.47,8.44,8.15,8,8.16,7.2,7.72,7.92,7.95,7.53,8.46,8.92,9.49,9.82,10.66,10.32,11.41,10.98,11.16,10.78,10.09,10.88
E12000006,East of England,E07000010,Fenland,2.75,2.79,2.97,3.24,3.61,4.85,5.27,5.78,6.53,6.18,6.41,6.69,5.49,6.64,5.62,5.49,5.57,5.76,6.12,6.49,7.12,8.48,8.18,7.43,8.95,8,7.72,7.34,7.89
E12000006,East of England,E07000011,Huntingdonshire,,3.69,4.09,4.22,4.36,5.57,6.09,6.69,7.01,7.45,7.64,7.44,6.44,6.75,6.69,6.89,6.96,7.11,8.06,8.22,8.81,9.36,9.28,9.39,9.97,10.03,9.17,8.73,9.46
E12000006,East of England,E07000012,South Cambridgeshire,4.53,4.77,5.48,5.68,6.12,6.24,6.94,6.8,7.59,7.34,7.88,7.71,6.67,7.17,7.83,7.42,7.74,7.8,9.15,10.25,10.98,10.35,9.83,10.31,10.83,10.67,10.72,9.54,10.41
E12000006,East of England,E07000066,Basildon,3.41,3.57,3.57,3.5,3.74,4.74,5.47,5.94,6.4,6.66,6.61,7.09,6.72,7.25,6.79,6.67,6.55,7.32,7.89,9.11,10.27,10.66,9.39,9.85,10.51,11.41,10.51,9.06,10.27
E12000006,East of England,E07000067,Braintree,4.2,4.58,4.89,5.38,5.46,6.22,7.23,7.73,7.48,7.46,7.51,8.1,7.3,7.62,7.43,7.51,7.17,7.93,8.23,8.59,9.5,10.26,10.23,9.81,11.26,10.49,10.8,8.85,10.24
E12000006,East of England,E07000068,Brentwood,5.36,5.14,6,6.83,7.06,6.22,8.06,8.99,10.08,9.78,9.37,9.41,8.87,9.65,9.38,9.47,8.91,9.66,10.57,12.44,11.24,13.24,12.26,13.19,15.62,13.07,11.85,11.01,12.95
E12000006,East of England,E07000069,Castle Point,4.29,3.77,4.23,4.92,5.17,7.43,8.98,9.88,8.25,8.52,10.11,9.21,8.45,10.04,10.19,9.14,9.55,9.77,11.21,11.12,11.56,10.66,10.77,11.15,12.24,12.29,11.43,9.31,11.28
E12000006,East of England,E07000070,Chelmsford,3.68,3.97,4.23,4.68,5.36,6.26,8.15,8.55,8.58,8.51,8.79,8.52,7.43,8.09,8.06,8.21,8.17,9.54,9.79,10.99,11.46,11.99,11.52,10.98,12.06,12.38,11.59,9.82,11.37
E12000006,East of England,E07000071,Colchester,3.65,3.84,4.05,4.24,4.72,5.77,6.55,7.62,7.47,7.45,8,7.63,6.6,7.03,7.26,7.21,7.41,7.54,8.36,8.7,8.99,9.58,9.5,9.58,10.55,9.88,9.57,8.55,9.63
E12000006,East of England,E07000072,Epping Forest,5.62,5.61,6.46,6.65,7.17,9.43,10.25,10.48,9.56,9.61,9.92,9.19,8.57,10.96,10.39,10.04,11.33,11.43,12.93,14.1,14.5,14.42,13.67,14.67,15.39,15.28,13.39,11.84,14.11
E12000006,East of England,E07000073,Harlow,3.18,3.6,3.73,3.81,4.11,5.07,5.13,5.73,6.02,6.05,5.32,5.16,5.18,5.97,6.1,6.1,6.57,6.45,7.81,9.2,9.26,9.5,9.19,9.34,11.26,10.95,10.12,8.91,10.12
E12000006,East of England,E07000074,Maldon,4.22,4.79,5.4,5.25,4.77,6.36,7.15,8.01,8.68,8.74,10.71,9.19,7.72,8.3,7.62,8.06,7.32,8.87,9.99,10.04,10.83,11.46,11.93,11.86,13.54,12.86,12.29,11.34,12.38
E12000006,East of England,E07000075,Rochford,4.56,4.95,4.59,5.08,6.55,7.32,9.1,8.58,8.96,8.54,8.83,9.6,7.83,9.51,9.47,9.52,8.99,9.63,9.71,12.32,11.91,11.92,10.39,11.72,12.45,12.72,11.45,11.02,11.87
E12000006,East of England,E07000076,Tendring,3.26,3.34,3.66,4.08,5.3,5.57,6.62,7.28,8,8.42,9.08,8.96,7.49,7.07,7.45,6.84,6.69,6.42,6.87,7.99,9.08,9,8.76,8.59,9.64,8.98,8.88,9.08,9.03
E12000006,East of England,E07000077,Uttlesford,5.31,5.66,5.77,7.01,7.49,8.2,8.55,10.64,10.76,10.6,9.87,10.2,9.64,9.73,10.03,10.71,11.22,11.52,12.35,12.37,13.52,13.7,13.5,12.81,13.68,13.73,12.21,12.03,12.89
E12000006,East of England,E07000095,Broxbourne,4.16,4.92,5.47,6.04,6.55,7.37,8.21,8.63,8.21,8.69,9.77,8.78,8.35,8.89,8.58,8.98,8.64,8.76,9.6,12.45,11.35,11.11,11.32,12.26,11.33,12.01,12.56,10.9,11.81
E12000006,East of England,E07000096,Dacorum,4.28,4.77,4.83,5.67,6.05,6.21,7.07,7.67,8.13,8.42,8.23,8.29,7.88,8.75,8.63,8.75,8.86,10.15,11.91,11.16,12.93,12.28,12.09,12.02,13.71,13.87,13.29,13.17,13.21
E12000006,East of England,E07000098,Hertsmere,5.04,5.22,5.95,6.15,6.56,7.78,9.02,8.95,9.3,9.73,10.37,10.16,8.5,8.51,10.87,9.63,10.17,12.48,12.67,13.98,14.21,14.26,13.9,14.9,15.53,14.84,14.79,11.64,14.34
E12000006,East of England,E07000099,North Hertfordshire,4.06,4.26,4.54,5.06,5.95,6.01,7.37,7.8,7.67,8.02,8.87,8.38,7.32,7.74,8.3,8.16,8.07,8.53,8.98,10.49,10.31,10.83,10.2,11.14,11.3,11.61,10.69,11.14,11.18
E12000006,East of England,E07000102,Three Rivers,5.28,5.05,5.42,6.32,6.68,6.73,6.94,7.56,7.45,7.33,7.65,7.52,7.62,8.72,9.31,10.01,10.28,11.29,13.15,13.37,13.84,13.64,13.67,15.97,14.14,13.06,11.45,12.31,13.39
E12000006,East of England,E07000103,Watford,3.21,3.65,3.75,5.06,5.01,6.42,6.46,7.38,7.73,7.63,8.7,8.58,7.47,8.15,8.74,8.04,7.74,8.36,10.98,11.08,12.77,12.53,11.82,11.92,12.17,13.94,11.89,10.15,12.01
E12000006,East of England,E07000143,Breckland,3.39,3.49,3.62,4.06,4.33,5.24,7.03,7.62,7.38,7.5,8.06,7.59,6.98,7.33,6.95,6.33,6.99,7.51,8.15,8.06,9.33,9.12,8.67,8.5,9.49,9.49,8.84,8.23,8.91
E12000006,East of England,E07000144,Broadland,4.07,3.99,4.16,4.58,5.15,6.52,7.53,7.72,8.48,8.1,8.68,8.06,7.15,7.53,7.53,7.27,7.19,7.72,8.08,9.27,9.82,9.27,8.9,8.57,9.31,9.13,9.52,8.1,8.93
E12000006,East of England,E07000145,Great Yarmouth,2.83,2.9,2.64,2.77,3.15,3.56,4.43,5.55,5.56,5.43,5.62,5.55,5.29,5.74,5.16,5.08,5.28,5.66,5.43,5.31,6.43,6.38,6.33,6.4,6.9,6.96,7.02,6.7,6.8
E12000006,East of England,E07000146,King's Lynn and West Norfolk,3.16,3.31,3.44,3.62,4.19,4.78,6.02,7.13,7.35,7.08,7.08,6.88,6.65,7.03,6.18,6.05,6.54,6.05,6.59,6.99,7.91,7.88,7.46,7.8,8.92,8.87,8.66,7.41,8.33
E12000006,East of England,E07000147,North Norfolk,4.03,4.09,4.39,4.69,5.27,6.23,7.36,8.06,8.94,9.7,9.8,9.5,8.45,8.41,8.13,8.22,8.59,9.14,8.23,8.68,9.6,9.82,9.87,9.14,11.61,10.72,10.91,10.29,10.53
E12000006,East of England,E07000148,Norwich,2.68,2.72,2.78,3.21,3.55,4.69,5.6,6.32,6.26,6.27,6.99,6.67,5.67,6.01,5.46,5.67,5.94,6.47,6.54,6.24,6.93,7.01,7,6.94,7.22,7.8,7.42,6.63,7.2
E12000006,East of England,E07000149,South Norfolk,3.81,3.85,3.58,3.66,4.3,5.76,6.95,7.06,7.38,7.69,8.97,7.65,6.5,7.37,7.07,7.02,7.13,7.54,7.94,8.35,8.93,8.74,9.07,8.94,9.31,9.52,9.01,8.19,8.99
E12000006,East of England,E07000200,Babergh,4.22,4.11,4.45,4.77,5.1,7.1,7.88,8.17,8.59,8.15,8.3,8.86,7.47,8.63,8.02,8.3,8.91,9.24,9.48,11.26,10.74,11.48,10.87,10.68,11.91,12.7,11.89,10,11.44
E12000006,East of England,E07000202,Ipswich,3.01,3.07,3.39,3.77,3.87,4.59,5.37,6.06,6.27,5.99,6.21,5.6,5.11,5.56,5.41,5.44,5.53,5.63,6.15,5.82,6.74,6.82,7.44,7.2,7.95,7.31,7.34,7.17,7.39
E12000006,East of England,E07000203,Mid Suffolk,3.93,4.05,4.45,5.57,5.5,6.24,7.55,8.1,8.58,8.28,8.87,8.59,7.61,8.47,7.9,7.98,7.35,8.02,7.53,8.98,10.2,9.44,8.98,8.74,10.32,10.97,10.23,8.32,9.72
E12000006,East of England,E07000240,St Albans,,,,,,,10.51,10.28,10.37,10.52,11.09,11.17,10.05,12.36,12.69,12.47,13.92,13.62,15.01,16.94,16.6,16.75,16.15,16.09,17.66,18.29,18,15.55,17.12
E12000006,East of England,E07000241,Welwyn Hatfield,,,,,,,6.73,7.67,6.6,7.18,7.18,7.38,7.43,7.8,9.17,8.1,8.74,8.71,9.74,11.08,11.23,10.98,10.69,10.28,12.23,10.92,11.25,9.66,10.87
E12000006,East of England,E07000242,East Hertfordshire,,,,,,,8,8.37,8.75,9.6,9.7,10.3,8.95,9.26,9.32,9.25,9.12,9.9,10.3,11.41,13,12.4,12.49,12.67,12.73,12.83,11.31,10.5,12.01
E12000006,East of England,E07000243,Stevenage,,,,,,,5.09,5.32,6.09,5.88,6.4,6.51,5.61,5.71,5.46,5.24,5.73,5.94,6.67,7.43,7.61,8.2,7.62,7.71,8.33,8.37,8.06,8.23,8.14
E12000006,East of England,E07000244,East Suffolk,,,,,,,5.79,6.35,6.77,6.87,7.09,6.83,6.28,6.86,6.58,7.08,6.82,6.79,7.6,7.69,8.26,8.7,7.89,8.35,9.73,8.5,8.54,8.12,8.65
E12000006,East of England,E07000245,West Suffolk,,,,,,,6.65,7.5,7.74,7.71,8.55,7.77,6.87,7.11,6.77,7.34,7.46,7.91,8.81,8.75,9.24,9.31,9.13,8.72,9.74,9.86,8.74,8.39,9.09
E12000007,London,E09000001,City of London,4.61,5.5,5.45,5.5,6.01,6.04,6.88,6.46,6.78,6.98,7.91,7.47,7.32,8.66,8.37,8.78,10.61,12.79,15.25,14.42,15.1,14.51,14.95,14.82,12.67,13.73,15,11.72,13.59
E12000007,London,E09000002,Barking and Dagenham,3.02,2.58,2.93,3.32,3.85,4.31,5.41,5.97,6.11,6.21,5.96,6.5,5.28,5.85,6.03,5.19,5.54,6.27,7.12,8.94,10.58,10.17,10.98,9.86,10.31,11.41,11.01,10.12,10.54
E12000007,London,E09000003,Barnet,5.45,6.1,6.59,6.98,8.13,8.48,9.44,9.8,9.25,10.16,10.57,10.29,9.18,10.58,10.81,10.98,11.41,12.52,14.24,14.41,15.91,17.21,16.28,16.24,16.44,17.34,14.59,16.69,16.26
E12000007,London,E09000004,Bexley,3.88,4.11,4.48,4.93,5.54,6.26,7.15,8.26,7.6,7.69,7.86,7.59,6.91,7.57,7.58,7.69,7.72,8.74,9.14,11.04,10.9,11.34,11.21,11.55,13.26,11.87,11.63,11.07,11.88
E12000007,London,E09000005,Brent,4.59,4.92,5.72,5.95,7.04,8.38,8.99,9.56,9.71,9.83,10.64,10.36,9.82,10.77,11.21,11.5,12.13,12.68,13.34,14.66,15.76,16.3,15.61,14.39,15.46,12.51,15.21,14.67,14.45
E12000007,London,E09000006,Bromley,5.75,5.94,6.67,7.93,9.43,10.22,10.45,10.38,9.49,9.33,9.74,9.55,9.16,9.74,9.76,9.79,10.22,11.64,11.99,13.25,14.59,14.3,13.85,12.87,14.38,13.65,12.71,12.03,13.13
E12000007,London,E09000007,Camden,6.51,6.86,7.71,8.89,9.09,9.88,9.33,9.67,10.22,10.64,12.1,12.46,11.27,12.59,13.62,13.39,15.69,17.69,18.46,19.49,20.1,19.39,19.26,19.79,18.9,18.39,17.65,15.66,18.08
E12000007,London,E09000008,Croydon,3.8,4.09,4.34,4.81,5.91,6.31,7.37,7.51,7.87,7.68,8.47,8.37,7.26,7.52,7.59,7.8,7.6,8.02,9.63,10.51,11.21,11.09,10.8,11.34,11.8,10.72,10.85,9.58,10.86
E12000007,London,E09000009,Ealing,4.53,5,5.69,6.31,6.7,7.4,8.62,8.51,8.7,9.22,9.46,9.51,8.85,9.57,9.98,9.74,10.93,12.84,14.48,15.73,16.19,15.62,15.15,14.84,15.92,15.1,14.05,13.13,14.61
E12000007,London,E09000010,Enfield,4.25,4.31,4.67,4.85,5.18,5.88,7.79,6.89,8.13,8.25,8.62,9.24,8.09,8.71,9.09,9.03,9.69,10.85,12.2,12.97,13.8,13.68,14.46,13.49,14.93,12.68,13.24,11.79,13.23
E12000007,London,E09000011,Greenwich,3.41,3.63,3.96,4.7,5.73,6.52,7,6.99,7.42,7.58,7.47,7.61,7.3,7.54,8.35,8.14,8.72,10.71,10.89,12.76,12.87,12.97,13.78,13.04,13.36,14.09,12.56,11.76,12.96
E12000007,London,E09000012,Hackney,3.39,3.4,4.44,5.36,6.37,7.12,7.71,7.87,7.61,7.97,8.62,8.63,8.08,8.34,8.8,9.19,11.12,12.68,14.63,16.57,15.77,15.59,16.45,17.67,15.28,13.96,13.31,11.88,14.42
E12000007,London,E09000013,Hammersmith and Fulham,5.95,7.07,7.2,8.63,9.12,8.92,9.26,10.12,10.31,11.32,11.78,12.58,11.23,13.13,12.73,13.52,15.92,18.55,21.06,20.86,20.69,19.28,19.06,18.6,19.53,18.66,18.17,16.61,18.31
E12000007,London,E09000014,Haringey,4.32,4.98,5.43,6.45,7.13,7.74,8.48,8.84,9.08,8.56,9.51,9.04,8.77,9.46,10.81,10.65,11.15,12.7,14.02,15.46,16.86,17.48,16.88,15.17,16.62,17.28,16.27,14.32,15.93
E12000007,London,E09000015,Harrow,4.86,5.01,5.68,6.42,6.97,8.06,9.87,9.7,9.52,9.78,10.53,10.28,9.08,10.14,10.71,11.22,12.22,13.63,14.46,14.73,16,15.55,13.96,15.69,15.38,15.69,15.22,14.93,15.38
E12000007,London,E09000016,Havering,4.56,4.98,5.1,5.88,6.63,8.56,9.22,10.14,8.03,7.58,8.36,7.85,7.06,7.74,7.74,7.78,7.7,8.33,9.15,11.24,12.01,11.93,11.33,11.11,12.51,12.89,10.7,10.16,11.47
E12000007,London,E09000017,Hillingdon,3.56,3.73,4.08,4.79,5.22,6.08,7.04,7.32,7.36,7.86,7.92,7.93,7.28,7.8,7.44,7.39,7.28,8.68,10.38,11.78,12.35,13.02,11.65,11.18,13.12,13.19,12.87,12.09,12.49
E12000007,London,E09000018,Hounslow,3.87,4.52,5.3,5.51,6.26,6.89,7.41,7.65,7.44,8.61,8.97,8.48,7.55,7.92,7.63,8.17,8.88,9.38,10.08,10.76,11.14,11.41,11.18,11.5,11.86,12.17,12.13,11.4,11.81
E12000007,London,E09000019,Islington,5.18,6.13,6.37,7.33,7.59,7.02,8.53,8.22,8.8,8.38,9.63,9.76,9.19,10.77,11.25,11.05,11.92,13.61,15.72,15.17,15.66,14.73,14.56,15.44,15.26,14.68,14.37,12.86,14.52
E12000007,London,E09000020,Kensington and Chelsea,11.78,11.93,13.08,14.38,14.61,14.63,15.32,16.76,17.13,18.78,22.39,22.01,22.57,24.34,24.85,28.48,30.34,38.33,37.91,38.82,41.04,43.97,39.39,35.47,37.01,39.73,33.39,27.09,34.54
E12000007,London,E09000021,Kingston upon Thames,4.83,5.39,6.28,7.05,7.7,8.42,9.03,9.7,9.62,9.61,10.27,11.02,9.64,10.45,10.35,10.7,11.21,12.16,13.97,14.64,15.49,15.79,15.19,14.04,14.7,14.86,14.76,13.51,14.37
E12000007,London,E09000022,Lambeth,3.92,4.28,4.97,6.12,7.08,7.53,7.78,8,7.94,8.09,8.81,9.16,7.93,8.93,8.76,9.07,9.61,11.8,12.91,14.42,14.7,14.5,14.3,15.07,15.69,14.41,13.47,11.72,14.07
E12000007,London,E09000023,Lewisham,3.38,3.51,3.79,4.25,5.37,5.93,7.14,6.97,6.6,7.4,7.86,7.82,6.96,7.4,8.02,8.17,8.2,10,11.25,12.02,12.61,13.66,13.27,12.5,13.9,12.78,11.9,11.25,12.47
E12000007,London,E09000024,Merton,4.8,5.23,6.06,7.15,7.29,7.98,8.71,9.48,8.85,9.65,9.49,9.48,8.93,10.29,10.51,10.1,10.92,13.62,13.2,16.19,15.46,15.36,14.81,14.65,15.92,16.19,14.67,13.94,15.07
E12000007,London,E09000025,Newham,2.85,3.25,3.61,4.45,4.99,6.21,7.27,7.14,7.41,7.69,8.2,8.14,6.51,6.63,7.17,7.17,7.7,8.6,10.13,11.06,12.67,13.49,12.34,12.14,11.92,10.93,11.31,9.2,11.1
E12000007,London,E09000026,Redbridge,4.07,4.6,4.75,5.63,6.25,7.18,8.15,9.47,8.35,8.34,8.5,8.54,7.36,8.08,8.38,9.34,8.67,9.32,11.68,13.46,14.22,15.74,14.22,13.22,15.72,14.18,14.52,13.21,14.17
E12000007,London,E09000027,Richmond upon Thames,7,7.54,7.84,9.3,9.48,10.51,10.38,10.76,11,11.18,11.98,12.02,11.03,12.56,13.04,13.49,14.38,16.17,17.27,18.15,19.91,18.47,17.94,18.55,19.39,20.47,18.31,17.21,18.79
E12000007,London,E09000028,Southwark,3.82,4.4,5.05,5.83,6.49,6.7,6.82,7.43,8.02,7.68,8.38,9.13,8.26,8.7,8.94,9.01,9.53,11.56,12.69,13.46,14.15,13.88,13.87,12.33,13.34,12.63,12.87,11.09,12.45
E12000007,London,E09000029,Sutton,3.57,4.39,4.8,5.22,5.61,6.43,7.07,7.55,7.78,8.21,9.01,9.2,8.16,8.56,8.79,9.51,8.32,10.54,11.49,12.18,12.88,13.34,11.52,11.08,13.82,11.95,12.64,11.58,12.21
E12000007,London,E09000030,Tower Hamlets,3.8,4.25,5.04,5.52,5.76,6.34,6.08,5.83,6.08,6.29,6.69,7.16,6.37,6.86,6.53,6.73,6.79,7.76,8.78,10.06,9.82,9.85,10.68,10.21,11.93,10,8.36,7.31,9.56
E12000007,London,E09000031,Waltham Forest,3.48,3.68,4.15,4.63,5.3,6.42,7.3,7.75,9.01,8.97,9.25,9.02,7.59,8.11,8.21,8.81,8.79,11.33,12.26,14.79,15.64,14.85,14.41,13.26,15.39,16.17,14.27,13.26,14.47
E12000007,London,E09000032,Wandsworth,5.55,6.1,6.8,7.71,9.07,9.57,9.88,9.95,10.25,10.91,11.47,11.62,10.5,11.79,12.16,12.95,14.29,16.57,17.05,18.71,19.62,17.9,17.95,19.26,19.11,19.21,16.99,16.25,18.16
E12000007,London,E09000033,Westminster,6.98,7.58,8.39,9.58,10.29,10.73,11.09,10.86,11.38,12.25,12.74,13.87,13.46,14.75,16.33,16.15,19.76,22.28,22.34,24.5,25.33,24.64,21.46,21.62,20.09,24.21,21.31,18.04,21.05
E12000008,South East,E06000035,Medway,,2.95,3.14,3.45,3.91,4.66,5.53,6.31,6.33,6.3,6.6,6.47,5.34,5.74,5.66,5.73,6.24,6.3,6.9,7.93,8.28,8.67,8.44,7.75,9.04,8.95,9.08,8.41,8.65
E12000008,South East,E06000036,Bracknell Forest,4.01,4.06,4.35,4.8,5.05,5.8,6.14,5.99,5.91,5.89,6.31,6.18,5.55,6.63,5.73,6.38,6.5,6.79,8.56,9.08,9.15,8.99,9.33,8.57,9.41,9.41,9.34,8.28,9
E12000008,South East,E06000037,West Berkshire,4.77,5.01,5.29,5.91,6,6.13,7.03,6.87,7.57,7.35,8.44,7.83,6.83,7.3,8.07,8.05,8.02,7.78,8.48,10.02,10.5,9.61,9.59,9.47,9.88,10.21,9.73,8.49,9.56
E12000008,South East,E06000038,Reading,3.49,3.62,4,5.11,5.34,5.91,6.03,6.47,6.42,6.57,7.19,7.48,6.37,6.39,6.16,6.18,6.33,7.27,7.82,8.36,8.17,8.52,8.98,8.82,9.3,8.69,8.82,7.45,8.62
E12000008,South East,E06000039,Slough,3.02,3.48,3.75,3.77,4.44,4.82,5.41,6,6.45,6.46,6.76,6.8,5.61,6.01,5.97,6.31,6.25,7.3,8.15,8.82,9.83,9.58,8.78,9.34,8.94,8.51,9.54,9.2,9.11
E12000008,South East,E06000040,Windsor and Maidenhead,6.07,7.21,6.97,7.99,8.16,8.53,8.99,9.1,9.11,9.03,9.97,9.48,9.05,10,10.1,9.96,9.93,11.23,12.1,13.66,13.79,13.17,13.91,14.24,15.03,13.62,13.5,12.32,13.74
E12000008,South East,E06000041,Wokingham,4.98,5.4,5.85,6.51,6.02,6.18,7.34,7.61,8.18,8.11,7.94,8.09,7.25,7.48,7.7,7.14,8.05,8.47,9.95,10.57,12.17,11.15,10.78,11.15,11.76,12.73,10.42,10.63,11.34
E12000008,South East,E06000042,Milton Keynes,3.16,3.26,3.57,3.92,4.48,5.18,5.83,6.38,6.73,6.84,6.73,6.76,5.84,6.6,6.6,6.55,6.61,6.84,7.74,7.63,8.66,8.79,8.32,8.77,9.95,9.93,9.21,8.3,9.23
E12000008,South East,E06000043,Brighton and Hove,3.81,4.24,4.55,5.36,6.16,6.86,7.97,8.27,8.78,8.73,9.94,9.5,8.5,9.21,9.64,9.43,9.77,9.84,11.11,11.45,12.29,12.41,11.91,10.79,12.64,12.82,12.11,11.31,11.93
E12000008,South East,E06000044,Portsmouth,3.02,3.2,3.49,3.77,3.84,4.58,5.39,5.96,5.98,5.75,6.04,5.94,5.05,5.19,5.43,5.54,5.54,5.96,6.1,6.45,7.08,7.1,6.78,6.63,7.41,7.32,7.38,6.56,7.06
E12000008,South East,E06000045,Southampton,3.01,3.22,3.29,3.88,4,4.97,5.62,6.25,6.24,6.27,6.4,5.99,5.39,5.99,5.78,5.79,5.69,5.81,6.22,6.36,6.59,7.49,6.85,6.77,7.4,7.25,6.92,6.76,7.02
E12000008,South East,E06000046,Isle of Wight,3.51,3.53,3.85,4.12,4.43,5.99,6.29,7.86,7.62,8.03,7.97,7.74,6.89,7.88,7.1,6.83,7.32,7.5,7.76,7.58,8.19,8.23,8.48,8.09,9.9,9.21,9.55,8.23,9
E12000008,South East,E06000060,Buckinghamshire,5.08,5.68,6.15,6.43,7.05,7.22,8.13,8.63,8.94,9.34,9.53,9.33,8.43,9.41,9.63,9.49,9.47,10.32,11.07,11.43,11.98,12.37,11.73,11.43,12.31,11.57,11.67,11.29,11.65
E12000008,South East,E07000061,Eastbourne,3.29,3.49,3.72,4.52,4.88,5.61,6.84,7.51,7.24,7.6,7.33,7.24,6.48,7.17,6.96,7.62,7.19,6.77,7.28,8.73,8.78,8.23,8.08,9.01,9.41,9.56,9.17,8.48,9.13
E12000008,South East,E07000062,Hastings,3.45,3.1,3.43,3.82,4.24,5.36,5.83,6.9,7.18,6.9,7.79,7.82,6.69,6.77,6.55,6.69,7.01,6.68,6.75,7.7,8.29,8.8,9.36,9.22,10.7,10.77,10.99,8.37,10.01
E12000008,South East,E07000063,Lewes,3.86,4.32,4.87,4.81,6.1,7.11,7.87,8.2,8.87,8.78,9.67,10.53,8.28,9.19,9.12,9.06,8.82,9.46,10.51,10.03,9.94,9.88,10.9,11.38,11.82,12.37,11.47,12.09,11.83
E12000008,South East,E07000064,Rother,5.85,5.69,5.7,6.06,5.86,7.03,9.09,9.49,9.22,9.83,10.05,10.67,9.23,10.06,10.05,10.1,10.53,11.05,11.35,11.93,11.19,12.74,12.31,12.82,13.71,12.2,12.41,11.07,12.44
E12000008,South East,E07000065,Wealden,5.22,5.67,5.88,6.6,7.1,7.83,9.37,9.41,9.84,10.54,10.37,10.75,9.47,10.18,9.74,10.07,10.51,11.71,10.77,11.45,11.59,11.82,11.57,11.66,13.7,13.42,12.29,11.62,12.54
E12000008,South East,E07000084,Basingstoke and Deane,3.94,4.21,4.55,5.49,5.46,5.66,6.5,6.64,7.33,6.69,7.13,6.71,6.34,6.85,6.91,7.6,7.1,7.63,7.96,8.22,9.55,9.51,8.44,9,9.28,9.08,9.11,8.75,9.04
E12000008,South East,E07000085,East Hampshire,5.04,5.31,6.08,6.62,7.19,7.47,9.87,10.81,9.92,10.22,10.52,11.02,10.26,9.9,10.27,10.51,11.41,11.8,11.55,12.86,12.22,12.59,13.44,12.48,14.28,12.86,12.68,12.33,12.93
E12000008,South East,E07000086,Eastleigh,4.23,4.42,4.82,5.4,6.06,7.11,7.76,8.34,8.05,8.25,8.85,9.18,7.69,7.54,7.95,8.14,8.2,8.16,8.47,9.19,9.62,10.44,9.93,9.73,9.8,10.28,9.63,9.05,9.7
E12000008,South East,E07000087,Fareham,4.77,4.49,5.08,5.53,5.77,6.9,8.2,8.38,8.04,9.03,8.69,8.1,7.94,8.24,7.99,8.07,8.19,8.04,8.78,9.29,9.87,9.24,9.04,10.38,10.79,10.6,9.73,8.81,10.06
E12000008,South East,E07000088,Gosport,3.49,3.28,3.74,4.14,4.63,5.13,5.79,6.29,6.51,6.35,6.28,6.99,5.85,6.36,5.61,6.59,6.01,5.57,5.9,7.05,7.87,7.43,7.67,6.79,6.64,8.26,7.94,6.8,7.29
E12000008,South East,E07000089,Hart,4.88,5.82,5.94,5.57,6.69,6.94,7.84,7.72,9.03,8.22,8.93,9.58,7.57,8.23,9.32,8.45,9.36,10.26,10.92,12,11.83,12.28,10.66,10.84,11.37,11.87,12.17,11.52,11.55
E12000008,South East,E07000090,Havant,4.05,4.57,4.65,4.96,5.3,6.68,7,8.25,8.29,7.82,8.42,8.59,7.23,7.67,6.95,6.77,6.74,8.32,8.11,8.87,9.25,9.51,9.95,9.91,10.41,10.29,10.22,8.93,9.95
E12000008,South East,E07000091,New Forest,4.85,4.91,5.51,6.05,6.75,7.94,9.37,9.95,11,10.46,10.56,10.51,9.35,10.04,10.01,9.81,9.92,9.51,10.56,11.18,11.9,11.51,11.15,10.7,12.33,11.9,11.44,11.39,11.55
E12000008,South East,E07000092,Rushmoor,3.56,3.79,4.24,4.86,4.68,5.07,5.3,5.75,6.33,5.97,5.84,6.06,5.05,5.62,5.84,6.16,6.25,6.96,7.7,9.42,9.19,8.18,8.11,8.46,9.47,9.8,9.22,8.34,9.06
E12000008,South East,E07000093,Test Valley,4.93,5.25,5.53,6.2,7,6.96,8.31,8.62,8.61,9.22,9.5,9.45,8.2,8.94,8.76,8.49,8.52,8.65,9.02,10.06,10.3,10.12,9.91,9.96,10.52,10.68,10.41,9.45,10.2
E12000008,South East,E07000094,Winchester,5.62,6.31,6.49,7.45,7.91,8.4,8.64,9.97,9.92,9.79,10.11,9.78,8.75,9.86,11.03,9.9,9.93,10.27,11.03,11.96,12.15,12.19,13.02,12.34,13.84,13.31,12.64,12.06,12.84
E12000008,South East,E07000105,Ashford,3.85,4.34,4.58,5.38,5.82,6.07,7.1,7.12,7.41,8.51,9.15,9.06,7.55,8.24,7.21,7.6,8.18,8.95,9.02,8.81,9.62,10.61,9.33,10.38,10.94,10.57,11.47,10.15,10.7
E12000008,South East,E07000106,Canterbury,4.17,4.45,4.76,5.17,5.77,6.98,7.4,7.87,8.12,8.43,9.05,8.58,7.37,8.5,7.53,7.89,8.1,8.85,9.49,10.62,11.12,10.96,10.64,11.29,13.01,10.57,11.39,9.55,11.16
E12000008,South East,E07000107,Dartford,3.42,3.5,3.84,4.82,4.86,5.66,6.89,7.78,7.03,6.4,6.83,6.74,5.76,6.31,6.38,6.7,6.87,7.55,8.48,8.63,9.88,9.67,9.18,8.73,9.08,9.56,10.01,9.3,9.34
E12000008,South East,E07000108,Dover,3.15,3.23,3.35,3.63,4.03,4.38,5.47,6.6,5.69,6.1,7.48,6.84,5.6,6.26,5.99,6.03,6.32,7.24,7.29,7.85,8.3,9.37,8.21,7.12,9.25,9.88,8.57,7.41,8.45
E12000008,South East,E07000109,Gravesham,3.4,3.93,3.99,4.39,5.32,5.83,6.46,6.99,6.66,7.31,6.78,6.21,6.34,6.38,5.8,6.46,6.52,6.77,7.44,8.52,9.41,9.83,8.68,8.65,11.03,10.43,8.91,8.87,9.58
E12000008,South East,E07000110,Maidstone,4.59,4.92,4.92,5.55,6.31,6.7,7.71,8.38,8.7,8.68,9.56,8.62,7.43,8.05,8.03,8.19,8.94,9.4,9.05,10.11,10.3,11.21,10.46,10.36,11.26,11.99,11.55,10.29,11.09
E12000008,South East,E07000111,Sevenoaks,5.94,5.96,6.61,6.98,7.56,8.53,9.01,9.49,10.1,10.34,9.61,10,8.98,10.44,11.02,11.32,10.7,10.86,13.86,13.41,14.72,14.81,13.29,12.43,14.87,15.75,14.53,13.2,14.16
E12000008,South East,E07000112,Folkestone and Hythe,3.9,3.98,4.1,4.6,4.82,5.58,7.08,7.99,7.86,8.74,9.2,7.94,7.57,7.18,7.2,6.61,7.13,7.55,7.8,9.17,9.7,9.24,9.38,10.82,11.3,10.16,9.32,8.63,10.05
E12000008,South East,E07000113,Swale,3.12,3.24,3.59,4.15,4.64,5.4,5.56,6.1,6.73,6.61,6.57,6.73,5.81,6.1,6.16,6.28,6.65,7.11,7.11,8.64,9.13,9.13,9.07,9.31,10.46,11.13,9.73,8.95,9.92
E12000008,South East,E07000114,Thanet,3.42,3.48,3.68,3.73,4.64,5.04,6.54,7.18,7.78,8,8,7.79,7.46,8.37,7.32,7.66,7.42,8.15,8.51,9.53,10.46,10.45,9.58,10.14,11.42,10.55,10.54,8.36,10.2
E12000008,South East,E07000115,Tonbridge and Malling,4.53,4.78,5.26,5.78,6.79,7.51,7.74,8.54,8.76,9.89,10.05,9.27,7.79,8.67,9.34,8.21,9.25,9.46,9.97,11.48,11.8,11.93,11.79,11.93,13.36,12.95,12.72,11.23,12.44
E12000008,South East,E07000116,Tunbridge Wells,4.72,5.52,5.82,6.14,6.82,7.29,8.31,8.7,10.33,9.92,9.91,9.86,8.32,9.91,9.26,8.7,8.91,9.94,10.98,12.05,13.45,12.71,12.49,13.35,15.68,14.2,13.42,11.51,13.63
E12000008,South East,E07000177,Cherwell,3.89,3.95,4.64,4.91,6.67,6.23,7.02,7.54,7.64,8.47,8.78,8.55,7.23,7.43,7.81,7.81,8.46,8.86,8.92,9.35,9.82,9.77,10.39,9.43,10.67,9.93,10.14,9.03,9.84
E12000008,South East,E07000178,Oxford,4.63,5.39,5.78,6.53,6.79,8.04,8.87,8.93,8.76,8.99,9.36,9.7,8.44,8.64,8.77,9.32,9.69,10.01,10.91,11.64,12.17,11.08,11.31,11.19,12.16,11.98,11.65,11,11.6
E12000008,South East,E07000179,South Oxfordshire,5.34,5.21,5.91,6.98,7.68,7.62,7.87,8.5,9.06,9.72,9.79,9.71,9.33,10.41,10.21,10.22,10.5,10.49,10.68,11.3,11.81,12.37,11.69,12.05,13.24,11.99,11.1,10.31,11.74
E12000008,South East,E07000180,Vale of White Horse,4.35,4.76,4.97,5.71,5.99,6.9,7.55,7.64,7.89,8.3,7.76,8.35,7.26,8.03,7.16,7.56,7.5,8.43,8.72,9.28,8.97,9.87,9.54,9.51,10.26,9.37,9.82,9.07,9.61
E12000008,South East,E07000181,West Oxfordshire,5.13,5,5.17,6.64,6.25,7.06,8.34,7.97,8.54,9.22,9.74,9.35,8.26,8.91,9.11,8.98,9.36,9.06,9.95,11.6,11.24,11.55,10.48,10.47,11.86,11.76,11.18,9.17,10.89
E12000008,South East,E07000207,Elmbridge,6.44,6.99,7.74,8.12,9.56,9.66,9.99,10.89,9.56,11.21,11,12.35,12.15,12.73,12.42,12.56,13.31,14.28,14.81,15.26,16.53,15.83,15.81,16.38,17.76,19.19,15.68,16.08,17.02
E12000008,South East,E07000208,Epsom and Ewell,5.44,6.11,6.12,8.53,8.25,8.84,9.6,10.24,10.19,10.6,11.11,10.2,8.64,10.18,10.77,9.95,11.46,14.6,14.92,16.16,17.84,16.75,16.39,16.95,17.48,19.35,16.26,15.01,17.01
E12000008,South East,E07000209,Guildford,4.84,5.65,5.99,6.87,7.48,7.87,8.21,9.03,9.14,9.27,9.65,9,8.35,10.05,10.11,9.59,9.81,10.97,11.24,12.04,12.6,12.54,12.28,12.5,13.2,12.65,12.32,10.83,12.3
E12000008,South East,E07000210,Mole Valley,5.71,6.3,6.75,8.27,8.45,8.78,8.17,8.57,9.16,8.98,9.84,10.45,8.33,9.64,9.59,9.62,10.53,11.07,12.27,13.96,14.37,14.57,13.36,14.78,13.38,13.36,13.06,13.4,13.6
E12000008,South East,E07000211,Reigate and Banstead,4.74,5.29,5.78,6.22,6.79,7.06,7.87,8.35,8.58,8.67,8.33,8.32,7.84,9.24,8.81,8.06,9.31,10.41,10.56,11.51,11.48,12.33,12.26,12.17,13.49,14.19,13.41,11.6,12.97
E12000008,South East,E07000212,Runnymede,4.08,5.27,5.78,6.26,6.41,6.41,7.83,8.19,8.11,7.66,8.52,8.22,7.4,7.45,8.14,7.35,7.73,8.43,9.22,10.49,10.78,10.91,9.75,10.23,10.39,11.85,10.54,10.29,10.66
E12000008,South East,E07000213,Spelthorne,4.62,4.54,4.89,5.38,6.23,6.22,6.71,6.49,6.71,7.89,8.46,7.92,7.45,8.23,7.64,7.57,8.13,8.06,8.83,10.88,11.08,11.79,10.73,12.24,11.84,11.18,11.64,10.44,11.47
E12000008,South East,E07000214,Surrey Heath,4.56,5.67,5.64,6.21,6.2,6.84,7.7,8.34,8.48,8.58,9.25,8.77,8,9.51,9.38,9.41,9.34,9.65,10.89,12.33,13.03,13.13,11.25,11.22,11.58,11.59,12.32,10.42,11.43
E12000008,South East,E07000215,Tandridge,6.48,6.82,7.45,8.58,8.32,9.64,10.63,11.84,11.59,11.36,11.07,11.65,11.02,11.48,12.96,14.06,14.08,13.63,14.9,14.86,14.1,15.64,14.96,13.95,15.87,14.68,12.44,12.98,13.98
E12000008,South East,E07000216,Waverley,5.99,7,6.61,8.08,8.49,9.44,10.19,11.33,10.66,11.3,10.05,11.67,10.29,12.63,12.87,12.57,13.07,13.62,14.97,14.84,14.47,16.21,15.57,16.48,18.24,17.08,17.06,13.42,16.46
E12000008,South East,E07000217,Woking,5.24,4.57,5.05,6.09,6.37,7.06,7.21,7.59,7.85,7.75,8.76,8.41,9.49,9.47,10.44,9.96,10.78,12.22,13.24,11.61,12.24,11.85,10.49,10.22,12.6,11.01,12.28,10.57,11.34
E12000008,South East,E07000223,Adur,3.54,3.68,3.87,4.69,6.63,5.64,7.36,7.35,8.27,8.31,9.57,9.52,8.91,9.36,8.57,9.41,9.84,10.22,10.81,11.74,11.59,11.81,11.49,11.52,13.81,14.1,11.45,10.06,12.19
E12000008,South East,E07000224,Arun,4.18,5.03,5.15,5.39,6.62,7.67,8.97,9.66,9.88,10.63,10.27,9.74,8.38,9.63,9.97,9.44,9.61,11.03,11.08,12.06,12.26,12.12,12.16,11.53,12.13,12.92,12.38,10.18,11.83
E12000008,South East,E07000225,Chichester,5.11,5.79,6.54,6.85,7.26,8.09,9.76,11,11.91,10.66,12.86,11.66,10.18,10.62,11.05,10.49,11.13,11.53,12.38,12.1,13.5,12.83,13.14,14.39,14.46,12.99,14.16,12.82,13.76
E12000008,South East,E07000226,Crawley,3.57,4.12,3.85,4.59,4.83,5.81,6.45,6.61,7.05,6.63,7.68,7.22,5.98,6.29,6.26,6.57,6.29,7.24,7.82,8.1,8.9,9.09,9.05,8.21,9.04,8.97,8.8,7.93,8.59
E12000008,South East,E07000227,Horsham,4.85,4.8,6.47,6.98,6.92,7.87,8.16,9.48,9.78,10.51,10.44,9.67,10.05,10.85,9.8,10.46,11.1,12.11,12.99,13.09,13.8,13.87,12.76,12.57,14.2,13.25,13.29,11.68,13
E12000008,South East,E07000228,Mid Sussex,4.21,4.63,5,6.54,6.77,7.32,8.5,9.29,9.48,9.38,9.81,9.94,8.72,8.73,9.62,9.71,10.22,11.38,11.23,12.61,12.6,12.68,12.84,12.48,13.56,13.11,12.48,11.35,12.6
E12000008,South East,E07000229,Worthing,3.4,3.86,3.86,4.47,4.92,6.3,7.22,7.27,8.19,8.08,8.73,8.48,7.51,8.1,7.92,7.76,8.25,8.78,9.45,10.77,11.34,11.73,10.64,9.71,11.06,10.97,10.97,9.7,10.48
E12000009,South West,E06000022,Bath and North East Somerset,4.65,4.52,4.85,5.34,6.41,6.9,7.68,8.34,8.96,8.72,9.2,9.49,8.21,8.87,9.13,9.13,8.9,9.48,9.98,10.6,11.11,10.85,10.2,10.29,12.27,11.63,11.3,10.72,11.24
E12000009,South West,E06000023,"Bristol, City of",3.03,3.24,3.51,3.87,4.34,5.06,6.19,6.41,6.49,6.77,7,6.96,6.12,6.22,6.37,6.54,6.23,6.73,7.34,8.22,9.04,8.7,8.75,8.49,9.66,9.44,9.29,8.6,9.1
E12000009,South West,E06000024,North Somerset,3.66,4.02,4.04,4.48,4.84,5.42,6.12,6.87,7.24,7.43,7.67,7.43,6.93,7.21,7.01,6.78,6.85,7.24,8.13,8.35,8.98,9.65,9.66,9.5,10.75,10.17,10.17,8.7,9.86
E12000009,South West,E06000025,South Gloucestershire,3.32,3.44,3.65,4.24,4.39,4.97,5.59,6,6.33,6.19,7.15,7.06,6.05,6.83,6.62,6.93,6.94,7.04,7.45,8.29,8,8.21,8.75,8.3,9.07,8.87,8.32,7.98,8.51
E12000009,South West,E06000026,Plymouth,3.02,3.11,2.98,2.9,3.19,4.13,4.43,5.52,6.14,6.13,6.62,5.89,5.57,5.8,5.47,5.4,5.34,5.69,5.9,6.26,6.05,6.09,6.44,6.15,7.3,7.13,6.41,6.05,6.61
E12000009,South West,E06000027,Torbay,3.91,4.57,4.3,4.62,4.96,6.12,7.88,8.76,8.9,8.75,8.78,8.67,8.39,8.33,7.25,7.36,7.35,8.03,7.86,8.17,7.71,8.84,7.85,7.42,8.77,9.41,9.42,8.23,8.65
E12000009,South West,E06000030,Swindon,3.02,3.3,3.58,3.99,4.4,5.17,5.63,5.78,5.98,6.1,6.1,5.91,5.17,5.8,5.62,5.55,5.57,5.7,5.89,6.47,7.09,7.6,7.62,7.24,7.86,7.51,7.58,6.79,7.4
E12000009,South West,E06000052,Cornwall,,,,,,,8.01,9.39,9.77,9.56,9.83,9.46,8.34,8.68,8.86,8.85,8.56,8.65,9,9.13,8.96,9.3,9.07,9.33,11,9.97,9.47,8.85,9.72
E12000009,South West,E06000053,Isles of Scilly,,14.22,,,,,,,,,,,24.94,,,,,,,,,,16.96,,,,,,
E12000009,South West,E06000054,Wiltshire,,,,,,,7.76,8.12,8.51,8.57,8.63,8.41,7.66,8.29,8.27,8.44,8.1,8.35,8.83,9.55,9.54,9.8,9.68,9.58,10.32,9.73,9.6,8.87,9.62
E12000009,South West,E06000058,"Bournemouth, Christchurch and Poole",,,,,,,8.49,9.25,8.96,8.93,8.65,8.69,7.35,8.64,8.17,8.19,7.69,8.47,8.86,9.22,9.64,9.19,9.34,9.73,11.01,10.18,10.31,9.43,10.13
E12000009,South West,E06000059,Dorset,,,,,,,8.85,9.67,9.93,10.07,10.79,10.7,9.32,10.16,9.96,9.67,9.38,9.58,10,10.53,10.97,10.49,10,10.14,12.26,11.85,11,10.07,11.06
E12000009,South West,E06000066,Somerset,,,,,,,7.01,7.78,7.99,7.75,8.32,8.36,7.34,7.63,7.55,7.33,7.35,7.54,7.7,8.21,8.69,8.71,8.27,8.31,9.37,9.4,9.07,8.1,8.85
E12000009,South West,E07000040,East Devon,5.24,5.01,5.38,6,6.41,7.63,9.59,9.61,10.46,10.24,11.06,10.63,9.68,11.08,10.94,10.56,9.99,10.05,10.36,9.39,9.84,9.93,10.56,10.12,10.45,10,10.11,8.64,9.86
E12000009,South West,E07000041,Exeter,3.25,3.29,3.35,3.77,4.11,5.2,6.45,7.09,7.2,7.6,8.22,7.92,7.06,7.2,7.17,7.22,6.98,7.29,8.07,7.69,8.55,8.7,8.45,8.71,9.38,9.42,9.16,8.59,9.05
E12000009,South West,E07000042,Mid Devon,4.16,4.39,4.36,5.06,5.54,7.23,8.24,8.79,8.49,9.22,9.87,9.51,7.82,8.18,7.97,7.84,8.49,8,8.82,8.81,8.72,9.09,9.26,9.47,9.45,10.99,9.59,8.39,9.58
E12000009,South West,E07000043,North Devon,4.37,4.5,4.99,5.44,6.24,7.62,8.3,9.44,10.52,10.65,11.08,10.09,9.44,9.46,9.11,9.09,8.74,9.22,9.59,9.76,10.02,9.85,10.28,10.33,10.62,10.33,10.1,9.07,10.09
E12000009,South West,E07000044,South Hams,5.05,5.34,5.75,5.73,6.69,7.57,9.96,10.48,11.7,11.41,11.9,11.22,9.81,11.47,11.85,11.27,11.82,11.1,12.25,12.06,11.96,11.78,11.86,11.84,12.44,12.3,13.35,11.57,12.3
E12000009,South West,E07000045,Teignbridge,4.77,5.05,4.97,5.08,5.63,7.15,7.75,8.92,9.17,9.16,9.9,9.27,8.4,8.7,8.8,8.76,8.56,8.87,9.41,9.94,10.89,10.5,10.45,10.37,11.41,10.56,11.18,9.48,10.6
E12000009,South West,E07000046,Torridge,4.44,4.81,5.28,5.64,5.92,6.99,8.29,10.04,11.2,11.7,11.34,10.82,9.74,10.32,10.63,9.94,9.79,8.68,10.03,10,9.45,9.76,9.52,9.17,10.29,10.28,10.48,9.31,9.91
E12000009,South West,E07000047,West Devon,4.98,4.78,5.19,5.63,5.9,7.33,,8.84,10.29,10.46,12.13,12.53,11.18,11.13,9.19,9.32,9.54,8.76,9.48,9.69,10.1,9.73,10.62,8.78,12.78,10.47,10.06,8.41,10.1
E12000009,South West,E07000078,Cheltenham,3.68,3.96,4.23,4.71,5.17,5.81,6.49,7.51,7.6,7.69,7.52,7.42,6.37,7.34,7.43,7.06,7.19,7.84,8.38,8.84,8.99,8.98,8.73,8.94,10.53,9.08,8.93,8.17,9.13
E12000009,South West,E07000079,Cotswold,5.63,5.88,6.67,8,6.79,8.76,10.36,10.7,11.76,11.83,11.14,12.4,11.66,13.47,12.53,11.33,12.06,12.48,12.16,13.2,14,13.34,13.38,14.09,15.7,14.35,15.24,13.84,14.64
E12000009,South West,E07000080,Forest of Dean,3.71,3.63,3.94,3.86,4.52,5.33,6.46,7.33,8,7.85,8.44,8.32,7.43,8.21,7.84,7.65,7.25,7.1,8.09,8.23,8.73,8.93,9.42,9.11,10.59,8.86,9.74,8.88,9.44
E12000009,South West,E07000081,Gloucester,3.07,3.18,3.43,3.43,3.85,4.52,5.54,5.83,5.95,6.27,6.15,5.94,5.36,5.83,5.53,5.3,5.48,5.6,6.06,6.24,6.26,6.67,6.86,7.02,7.54,7.96,7.59,7.27,7.48
E12000009,South West,E07000082,Stroud,3.72,3.84,4.47,4.84,5.72,6.22,7.47,8.11,7.69,8.34,8.82,7.87,7.1,7.72,7.74,7.01,6.99,7.89,7.8,8.21,8.79,8.99,8.69,8.44,10.28,9.73,9.65,9.55,9.53
E12000009,South West,E07000083,Tewkesbury,3.84,3.97,3.69,4.16,4.9,5.26,6.33,7.15,7.01,7.74,7.59,7.58,6.54,6.89,7.06,7.42,7.11,8.23,8.22,7.98,7.92,8.67,7.94,8.37,9.34,8.95,9.28,7.92,8.77
W92000004,Wales,W06000001,Isle of Anglesey,2.7,3.01,3.18,3.37,3.47,4.22,4.57,5.87,6.32,6.93,7.96,7.03,5.96,6.63,6.96,6.11,6.09,5.85,5.8,6.32,6.76,6.94,6.77,6.75,7.15,7.65,6.8,6,6.87
W92000004,Wales,W06000002,Gwynedd,3.12,2.88,3.25,3.54,3.46,3.63,4.72,5.67,6.67,7,7.05,7.16,6.51,6.23,6.39,6.28,6.21,6.26,6.91,6.98,6.56,6.41,6.63,6.35,6.89,6.44,5.98,6.36,6.4
W92000004,Wales,W06000003,Conwy,3.62,3.77,3.67,3.63,4.04,4.37,5.11,5.81,6.56,7.12,7.94,7.13,6.63,7.32,6.86,5.99,6,6.4,6.23,6.37,6.26,6.36,6.83,5.72,7.65,6.81,7.34,7.05,6.91
W92000004,Wales,W06000004,Denbighshire,2.95,2.81,2.85,3.06,2.91,3.38,4.36,5.19,6.33,6.49,6.65,6.54,5.22,5.9,5.36,5.37,5.33,5.02,5.27,5.25,5.6,5.71,5.65,5.89,6.65,6.13,6.15,5.75,6.11
W92000004,Wales,W06000005,Flintshire,3.02,3.03,3.08,3.08,3.02,3.23,3.91,4.97,5.38,5.49,6.4,5.89,5.37,5.35,5.23,5.25,5.21,4.78,5.23,5.21,5.48,5.66,5.51,5.54,6.49,6.16,5.93,5.04,5.83
W92000004,Wales,W06000006,Wrexham,3.12,3.05,3.01,3.32,3.3,3.53,4.53,5.58,6.34,6.42,6.49,6.66,5.5,5.54,5.87,5.95,5.33,5.76,5.73,5.75,5.81,5.69,5.44,5.45,6.13,6.06,5.73,5.38,5.75
W92000004,Wales,W06000008,Ceredigion,3.53,4.27,4.76,4.22,4.28,4.83,6.04,8.1,8.55,9.19,9.73,9.73,8.41,8.98,7.93,7.95,6.95,7.7,7.75,7.56,7.4,7.13,7.32,6.95,7.81,8.4,7.68,7.49,7.67
W92000004,Wales,W06000009,Pembrokeshire,3.36,3.45,3.47,3.64,3.45,4.72,5.36,7.24,8.03,8.22,8.18,7.22,7.26,7.02,6.64,7.05,6.62,6.51,7.19,6.92,6.84,7.17,7.15,6.43,7.34,6.89,7.18,6.74,6.92
W92000004,Wales,W06000010,Carmarthenshire,2.67,2.72,3,2.72,2.81,2.96,3.76,5.09,6.1,6.53,6.35,6.27,5.65,5.75,5.7,5.49,5.17,5.22,5.57,5.75,5.12,5.34,5.53,5.1,5.8,5.67,5.47,5.4,5.49
W92000004,Wales,W06000011,Swansea,3.05,3.1,3.01,3.19,3.42,3.42,4.34,5.44,6.24,6.54,6.98,6.72,6.07,5.95,5.48,5.46,5.39,5.57,5.62,5.75,5.61,5.48,5.51,5.69,6.1,5.95,5.72,5.4,5.77
W92000004,Wales,W06000012,Neath Port Talbot,2.19,2,2.14,2.07,2.09,2.13,2.31,3.2,3.73,3.76,4.18,4.1,4.03,3.52,3.74,3.66,3.89,3.69,3.65,3.65,3.81,3.59,3.78,4.33,4.45,4.33,4.25,4.17,4.31
W92000004,Wales,W06000013,Bridgend,3.24,3.15,3.13,3.35,3.13,3.38,3.97,4.93,5.18,5.53,5.56,5.3,5.02,4.98,5.1,4.55,4.86,4.79,5,5.35,5.55,5.05,5.38,5.63,5.79,6.85,6.19,6.08,6.11
W92000004,Wales,W06000014,Vale of Glamorgan,3.49,3.7,3.97,3.87,3.69,4.14,5.16,6.03,6.08,6.58,6.31,6.45,6.37,6.27,6.18,6.3,7.23,8.16,7.74,7.96,8.33,8.66,7.87,8.75,9.41,9.86,9.7,8.38,9.22
W92000004,Wales,W06000015,Cardiff,3.33,3.58,3.75,3.94,4.18,4.91,5.99,6.45,6.76,6.96,7.07,6.94,6.13,6.51,6.2,6.27,6.27,6.23,6.45,6.53,6.52,7.02,7.04,7.26,8.29,7.7,7.4,7.04,7.54
W92000004,Wales,W06000016,Rhondda Cynon Taf,2.47,2.4,2.43,2.5,2.55,2.47,2.91,3.58,4.43,4.51,4.73,4.49,4.07,4.06,3.92,4.05,3.79,3.8,4.13,4.28,4.09,4.4,4.16,4.22,5.04,5.22,4.65,4.53,4.73
W92000004,Wales,W06000018,Caerphilly,2.74,2.71,2.78,2.7,2.99,3.06,3.78,4.63,5.18,5.96,5.88,5.69,4.82,4.88,4.91,4.82,4.71,5.02,4.93,4.8,4.78,5.07,5.09,4.92,5.31,5.79,5.23,5.69,5.39
W92000004,Wales,W06000019,Blaenau Gwent,2.21,2.02,2.09,2.18,2.09,2.33,2.28,3.1,3.79,4.29,4.49,5.05,3.73,3.9,3.63,3.6,3.52,3.51,3.38,3.73,3.39,3.59,3.24,3.06,3.66,4.6,4.52,3.75,3.92
W92000004,Wales,W06000020,Torfaen,2.46,2.63,2.69,2.84,2.72,3.05,3.65,4.51,4.69,5.02,5.83,5.72,5.12,5.16,5.48,5.39,4.94,5.1,4.95,4.84,4.85,5.31,5.41,5.49,5.82,5.59,5.42,4.84,5.43
W92000004,Wales,W06000021,Monmouthshire,4.15,4.72,4.64,5.31,5.97,6.97,6.75,7.98,8.44,8.83,9.68,8.63,7.84,8.1,8.09,8.5,7.88,8.17,8.93,8.51,8.42,8.66,8.69,8.59,10.24,9.96,9.41,8.51,9.34
W92000004,Wales,W06000022,Newport,2.87,2.67,2.9,3.15,3.25,3.77,4.44,5.37,5.78,5.81,5.91,5.66,5.34,5.24,5.07,5.19,5.23,5.48,5.96,6.11,6,6.08,6.18,6.31,7.35,6.9,7.46,6.61,6.93
W92000004,Wales,W06000023,Powys,3.68,3.71,3.91,4.38,4.03,4.66,5.22,7.5,7.96,7.93,8.66,8.58,7.39,8.28,8.08,7.97,7.76,8.2,7.19,7.19,7.46,7.51,6.9,6.31,7.96,8.21,7.93,7.03,7.49
W92000004,Wales,W06000024,Merthyr Tydfil,1.92,2.09,2.27,2.36,2.17,2.28,2.27,3.02,3.85,4.48,5.02,4.71,4.34,4.4,4.03,4.08,3.92,4.37,4.25,3.83,4.14,3.76,4.09,4.61,4.94,4.89,4.84,4.8,4.82
