Area Code,Area Name,2011,2012,2013,2014,2015,2016,2017,2018,2019,2020
E92000001,England,0.0018490535618646891,0.0018776219545285392,0.0018321823653022844,0.0018440765218482491,0.0017970724702898956,0.0017253362597248064,0.0017921075422743455,0.001794642095033801,0.0018195866001719297,0.0016030022773772896
N92000002,Northern Ireland,0.005689741269171116,0.0056661588893385404,0.005664239161622648,0.006020653105844179,0.005656125092554038,0.005803010197423713,0.005750911090989366,0.005553662999477584,0.0060448853995977115,0.005298837779805963
S92000003,Scotland,0.0082427970339063,0.008490665462210178,0.00895039135086435,0.009208242950108459,0.008776102735901731,0.0085675430643699,0.008768618197905913,0.008771445909416892,0.008694378855270624,0.007647274057811928
W92000004,Wales,0.018644422960299084,0.019268610606079827,0.017847711467513103,0.018590986650866937,0.018559665656261232,0.018840724025504713,0.021659656370143658,0.02202074726210249,0.022507365490397824,0.02079041237562256
,,,,,,,,,,,
E12000001,North East,0.016285754230502446,0.016107904012739073,0.01588546225469372,0.016816128086221748,0.0165378904578601,0.01634308570657012,0.019507873591489783,0.01988480418253597,0.020580604590138885,0.01924340197175207
E12000002,North West,0.01546040291322472,0.015609212827494506,0.015009105385973763,0.01596895903645942,0.016275415048936766,0.016232645774250442,0.0187674611190243,0.018898826441187736,0.01956166270455114,0.017622908097449107
E12000003,Yorkshire and The Humber,0.019252064781063997,0.019939449645159573,0.018750866439113216,0.01971281597024841,0.019478643785929717,0.019406234044866986,0.022550838236886094,0.023055816877645602,0.023751732474499666,0.021368353434002552
E12000004,East Midlands,0.02474188133946659,0.02589190677871482,0.02500397951701276,0.025986502260225572,0.025846486047344425,0.025923786184844002,0.03163968307924318,0.03141825950860392,0.031767842697409884,0.02896713507918784
E12000005,West Midlands,0.018197906917989604,0.018603829365153205,0.018368889679878344,0.019104430799033647,0.018938556727399605,0.019092468420294512,0.023090050925605208,0.0230009471666093,0.02321910025164993,0.020820107049245303
E12000006,East,0.024793864920583965,0.02568256158149272,0.025116037913054817,0.02638132037060119,0.026003420030052814,0.025607092831544435,0.028607756395790697,0.028940139785532316,0.02980946980727612,0.027271751355564165
E12000007,London,0.0245745975303273,0.02448984111246429,0.023352774673779185,0.023941149013080313,0.02371439483184934,0.022615132469802988,0.02599489790426086,0.026635927535908127,0.028486868261052317,0.024315722498047206
E12000008,South East,0.02647621852111413,0.02759277784298048,0.026453306742950253,0.02730706146773638,0.026849421726079268,0.026439294082497605,0.02960634083356964,0.030029807442280586,0.03079965599634428,0.027959269913580654
E12000009,South West,0.02580199217820753,0.02616551108584146,0.02544413952279245,0.026912874464484395,0.026876184523385256,0.02661495715132193,0.03053577094736115,0.030283218759459152,0.030494092480731403,0.02800494703880075
,,,,,,,,,,,
E10000003,Cambridgeshire,0.04666308861150034,,0.04559735927418201,0.04752151338348137,0.04741054114888921,0.04590001163557383,0.05371337952014464,0.05382497137296195,0.05485687879951709,0.05017924419206213
E10000006,Cumbria,0.02264228707707021,,0.02292080826641578,0.024503587652695957,0.02429494906544774,0.023821505113343612,0.026656634060697265,0.02725060534629015,0.027565338431877636,0.0246147812741981
E10000007,Derbyshire,0.031063153961136025,,0.031676235677064894,0.03397823117396352,0.03329919472034857,0.033117928041752356,0.040707555627388044,0.040743987881558814,0.04331787704903737,0.037886080356003535
E10000008,Devon,0.04050773763589846,,0.03987835288219229,0.04350714395934625,0.04368816399665461,0.0428835010419462,0.05045536484448741,0.04977203169677324,0.050315625486835956,0.04572131301220156
E10000011,East Sussex,0.03774783814388601,,0.038507844398247164,0.04140587563806306,0.03953425647819075,0.03843459368182008,0.03949052890038913,0.03914423267639157,0.03969642642432465,0.03597911432722796
E10000012,Essex,0.03163470688436695,,0.032594617930637504,0.035653137344918866,0.0346109485561359,0.034502129761096366,0.03833938278559056,0.03867329289385856,0.03997074917958701,0.03519858668851264
E10000013,Gloucestershire,0.03611298218753813,,0.036464513275650666,0.0391915506449646,0.03880478100552688,0.03814031269760261,0.04338052564798556,0.042681175204164416,0.043463041737956586,0.03883087489268711
E11000001,Greater Manchester (Met County),0.023373548532687666,,0.022852903847769657,0.023844346939680006,0.02424857943868901,0.024245157225648042,0.028013801634200957,0.027810873262131525,0.0294091094712179,0.02606374500313522
E10000014,Hampshire,0.03720999184641613,,0.03762479666910415,0.0382498275449439,0.038077544926506675,0.03715104281508428,0.04244386924320507,0.04240741225125625,0.043300673686586015,0.03858463035719684
E10000015,Hertfordshire,0.04076354855763049,,0.04259357646468844,0.04411646212295149,0.043207429299118194,0.04284308041748202,0.04653520010432421,0.04646793851557586,0.04863226228416696,0.04370094808609719
E10000016,Kent,0.033076116323187854,,0.03402821217937813,0.03606768961260875,0.03506467073731206,0.035117933990202785,0.037741953743512954,0.037972795247806515,0.039243655769163895,0.03389494524110841
E10000017,Lancashire,0.03097926009638447,,0.031960115188097,0.0336299947996161,0.033058984333929134,0.03296671122569678,0.03776245886567015,0.03724299679435529,0.03831532900092556,0.035204828388787655
E10000018,Leicestershire,0.0409027318141402,,0.042519711249672805,0.04518346078040205,0.045132979908228274,0.04452536937921953,0.05375015212717252,0.05414683187544037,0.05455884331343685,0.0477755106333747
E10000019,Lincolnshire,0.03534293644930943,,0.036873915665893285,0.03880659009736489,0.036734251034108635,0.03718392988288304,0.04386351443279892,0.0436141316931121,0.04438509558290332,0.04048109633801494
E11000002,Merseyside (Met County),0.020673247535795244,,0.0215971985595144,0.023199774962900453,0.023919812545843216,0.02467057126963374,0.028222257512395675,0.029481436195816776,0.029466889524515528,0.029011557211543824
E10000020,Norfolk,0.028898357741096965,,0.029361274784670963,0.03046998591273188,0.03039622581797303,0.03074245484344494,0.03513618806976925,0.03597291076487252,0.03636093240504098,0.03489019615136772
E10000023,North Yorkshire,0.03593111179861811,,0.03832161448859314,0.03967390405635573,0.03969195583622242,0.03967595129425893,0.045514221763704704,0.04529987550955647,0.04655094862261226,0.04125296079663557
E10000024,Nottinghamshire,0.03418293941504532,,0.038189504823441814,0.03849973054430051,0.0380890008521279,0.03735629705120132,0.043691332528785806,0.04419857956133083,0.04471254153465729,0.04137503194832591
E10000025,Oxfordshire,0.04790841657872512,,0.04658447766408935,0.04811638284554145,0.04651345774135602,0.04579032077396077,0.05444695828522194,0.055973318749600015,0.05814647800169735,0.054577545631959594
E10000027,Somerset,0.03684292704216291,,0.03759682003083381,0.039037039632757474,0.039254043252462185,0.03954693659941318,0.04218337701168058,0.04257426273554297,0.04242607496998533,0.035197241824524564
E11000003,South Yorkshire (Met County),0.02498800049114269,,0.024272737979565997,0.025843137484554437,0.02559512947333141,0.025541842035551852,0.030283218928626534,0.031428779158867444,0.031614171551858736,0.028308460313175327
E10000028,Staffordshire,0.03198414211826081,,0.03373220344126129,0.03385162873457616,0.03287533955178005,0.03293630183627067,0.03956363218786783,0.03965750286499722,0.04123311655827914,0.036253413831054425
E10000029,Suffolk,0.04491099566791256,0.04726924871929935,0.04635221595881736,0.048126664143655414,0.04857342316920188,0.0483522481445735,0.05319969668867523,0.05065413759827884,0.0354226045839627,0.032163058984874794
E10000030,Surrey,0.046532971277128896,,0.046907816756430784,0.04914719159518768,0.0469292431988891,0.04633364833236801,0.052349532320780615,0.05218524724900709,0.054511818738108536,0.050387125271904455
E11000007,Tyne and Wear (Met County),0.024552117890740403,,0.025622910784956123,0.02715486533993477,0.02634310289588504,0.02592556752960937,0.03028229240627584,0.031439556271675356,0.03204730045231189,0.029327835454342487
E10000031,Warwickshire,0.03957157023825642,,0.0384828858797817,0.04096117295682867,0.04052569197015603,0.04065539516736406,0.050885465192485504,0.05359625925990788,0.05567946457461332,0.04874902789720891
E11000005,West Midlands (Met County),0.02273688713462224,,0.023950005625948817,0.024783215028666473,0.024776944000508026,0.024697349045531676,0.029335557930944743,0.029244035058965362,0.029522377989149733,0.02656324459756994
E10000032,West Sussex,0.035724219606660244,,0.037146085984397406,0.03889407979655923,0.03913657911213142,0.03782436402452272,0.04117542849030859,0.041823271064164724,0.0415275816569828,0.03698329366611536
E11000006,West Yorkshire (Met County),0.024374475558853914,,0.024054004098382507,0.025164507062429783,0.025182676587367787,0.024957898062112613,0.028441267687746394,0.028855527981470674,0.030265354008992187,0.02709877688163446
E10000034,Worcestershire,0.030826554080171986,,0.03273240390979597,0.034401459739962115,0.03421638891287453,0.03432615070326706,0.040510223158896616,0.03984075857561012,0.04015367934123998,0.03436387044994733
,,,,,,,,,,,
,,,,,,,,,,,
S12000033,Aberdeen City,0.03730108783601546,0.04107420746076208,0.04582287400361122,0.04370085619430369,0.04111135228999349,0.03545074834667595,0.03562937062937063,0.03388117419581649,0.0363405781256833,0.03200034925347071
S12000034,Aberdeenshire,0.029166173861620345,0.03130380341211457,0.03326608992512705,0.035619698307296666,0.03209650328294396,0.027380906975857204,0.024690603514132926,0.024974184418862583,0.024845909421538227,0.021895850908812027
E07000223,Adur,0.051619004141259334,0.05985154106825884,0.058318025716795785,0.0587677425473398,0.05681138431508359,0.0524512346552239,0.0582853376437909,0.05993517982119651,0.06045007076095239,0.050197080405689626
E07000026,Allerdale,0.02722823607482062,0.029147492962428197,0.02887741640611204,0.031616458790867275,0.032349415023357725,0.031143472126386473,0.033431742668161665,0.035990033529176534,0.0350651077628093,0.02968384254479664
E07000032,Amber Valley,0.039381004072771196,0.03995179074577762,0.04192018900899735,0.04224103184199919,0.04216993590362998,0.0424272046922325,0.050167595990404934,0.049740286395427775,0.05406291212435718,0.045975673179175496
S12000041,Angus,0.026600688468158346,0.030640165203923594,0.03152463668415169,0.03332191194106562,0.03435414884516681,0.03059560590456574,0.02996216030271758,0.031627025163736645,0.031841652323580036,0.026938352616128477
N09000001,Antrim and Newtownabbey,0.03074626219789255,0.03481678966922253,0.03371889691549134,0.03283654601831874,0.03608676771056547,0.032992512337625506,0.033324629314664386,0.032865002947533896,0.033218586241498496,0.027289295751133865
N09000011,Ards and North Down,0.022791714189227937,0.02519713011539169,0.023978685612788632,0.027011796290785216,0.029005585747841584,0.026799421027238035,0.026315131981661233,0.026084145613686095,0.025821610759004483,0.023584439946685097
S12000035,Argyll and Bute,0.037951197571123356,0.040467149925209986,0.041976149914821126,0.040456360524814605,0.04159281850615721,0.04314243085045334,0.04475290865107707,0.04440064920009274,0.04238965878653779,0.03663818330797144
N09000002,"Armagh City, Banbridge and Craigavon",0.02070914337636921,0.021709700688741982,0.019641043007111413,0.022050352193125306,0.02353739466883545,0.023342528298297346,0.02365288959782537,0.023662945490214395,0.023764482782544345,0.021543787287324152
E07000224,Arun,0.04410891056063974,0.050964659927683495,0.04795017416820793,0.05026090667494326,0.04826121002837007,0.04786155244870841,0.053051551460067944,0.05376438273883637,0.05168016521728312,0.044791867082911815
E07000170,Ashfield,0.03955757099111461,0.04239094239094239,0.046122455695785956,0.04560372275287779,0.047168971572379974,0.04604338502806936,0.055483339145873625,0.05296065308176892,0.05284635469597711,0.046315559815174115
E07000105,Ashford,0.04698281322579283,0.04973028769312733,0.04983399625258867,0.051559366347566964,0.04795762896321556,0.050917208888465175,0.051769429218910507,0.051345518676371625,0.050156884459210044,0.045344914439237355
E07000200,Babergh,0.050977804575602095,0.05177776768685859,0.05197059884559885,0.056378826345162336,0.055417130144605115,0.05349584487534626,0.059805714033967006,0.0601634555420619,0.06151940545004129,0.052946568178142014
E09000002,Barking and Dagenham,0.057958926155836796,0.06280715188578802,0.06349190033714333,0.06507928517493078,0.0636284410219546,0.0609418681730409,0.0649277920943852,0.06725535146557986,0.07115346678816004,0.06027360151699851
E09000003,Barnet,0.055792670988817974,0.05711466090489503,0.05610628263295511,0.05882085379068616,0.05743469789692115,0.059286750144240515,0.06453792260503399,0.06468098128219514,0.06715100197287487,0.05760299944612501
E08000016,Barnsley,0.02712354171608479,0.029029525756966486,0.030253041630797544,0.030121317303368898,0.02833795418065081,0.02867515412636915,0.03160996297376932,0.03341367623848385,0.035529396514708385,0.030160720116418283
E07000027,Barrow-in-Furness,0.02179390639481001,0.019526514874910545,0.021343617522374,0.023594859006330328,0.02526745079496424,0.02426997571521649,0.024605433762053087,0.026110788387923203,0.025220361228355383,0.023259299223690914
E07000066,Basildon,0.03935509312971864,0.041888998402610206,0.04258311017490392,0.04516371847948814,0.04379750592192404,0.04484458665273606,0.04760433436868153,0.05005864566183513,0.05158681403212624,0.04245620021540004
E07000084,Basingstoke and Deane,0.046004153070305545,0.04646407836382703,0.0424411508282476,0.043910851684797025,0.043002179648961796,0.039657356784952004,0.04711498428740083,0.0478805433366149,0.05114904123863134,0.045415166516651666
E07000171,Bassetlaw,0.03320265833650434,0.03598710646001678,0.03793182297896292,0.038282453437893854,0.036568459050126866,0.035846960386070895,0.04444387123400743,0.0443944230950282,0.04395576328761525,0.041469394656746705
E06000022,Bath and North East Somerset,0.06491471932003327,0.06916070340188266,0.06960882647943832,0.0720918555955882,0.07349948721287991,0.07439046569597638,0.08305684817519796,0.08717062455102911,0.0874111401992943,0.08451952311351263
E06000055,Bedford,0.04688291941206285,0.048164950523627556,0.04912938787890042,0.04937225226983091,0.049093619272010385,0.04910730152712453,0.05319224068929799,0.05383311094666799,0.054428363686725295,0.04820049574381608
N09000003,Belfast,0.03697869090582369,0.04049263089812613,0.04236526990776796,0.041905412225751865,0.038969392783270926,0.04570070587403815,0.04533537123038034,0.04901177909014061,0.04884118972352725,0.04572921531994395
E09000004,Bexley,0.04293434833787279,0.04734793519640815,0.04828643334909803,0.05094660355976268,0.05097220560508608,0.050984312205471345,0.054415660398823354,0.05535917948054259,0.05737312062250541,0.04898095073826419
E08000025,Birmingham,0.035410594787407046,0.039014078536820006,0.03739733929078274,0.038584829522088096,0.03853811941237252,0.038361743037044455,0.044957317722005445,0.04404603574288533,0.04552484813665249,0.040431380285394884
E07000129,Blaby,0.044703182764628396,0.05265939455437172,0.05272067714631197,0.054447180600192,0.05517427274046735,0.056620405485742396,0.06929892803378562,0.0669680644486711,0.06352067450702283,0.052623835213339874
E06000008,Blackburn with Darwen,0.03027286210609724,0.03157168558172251,0.030447405642819923,0.030661529277690346,0.032152905529704574,0.031098867050154248,0.034878875057134405,0.03410052235098226,0.038297616502778964,0.03337999066853296
E06000009,Blackpool,0.05282235360360361,0.05668945415631138,0.05590277042153062,0.057552271856236424,0.053366818395856226,0.05534243443846753,0.05715307070851505,0.05461397652632712,0.05701131620842477,0.04796901308705675
W06000019,Blaenau Gwent / Blaenau Gwent,0.022345728528046754,0.025456264504483857,0.02410985608623359,0.023889853990495744,0.024832127913497346,0.027617406290392072,0.02712292950624201,0.030295640698291566,0.02980160888608972,0.026392459297343615
E07000033,Bolsover,0.04387799392337134,0.045972803347280336,0.04329590746867429,0.04687236990327718,0.047845784616964204,0.04825822946628316,0.06055778907178437,0.059084622155161574,0.06239914599935453,0.054621486993419836
E08000001,Bolton,0.02869136229877099,0.031617720829571025,0.02945720392049124,0.02967363277632947,0.030625062094610897,0.030564020089159753,0.035556663494994964,0.034667031103261706,0.038261171970092156,0.0314069828758569
E07000136,Boston,0.03090613634604968,0.034816128286176855,0.03542404034573377,0.03439973515514491,0.03187989712303367,0.030424315822121135,0.040196822801074644,0.04301819335120952,0.044091032163367676,0.03753688044383585
E06000058,"Bournemouth, Christchurch and Poole",0.050432082985233544,0.052566956121926495,0.04988343051783851,0.053025816385911966,0.051165420362302344,0.05126025040037156,0.05720886264716736,0.05646008934166111,0.05588228598313818,0.052210514649020504
E06000036,Bracknell Forest,0.05286025893611033,0.055756849047259076,0.05703474254137958,0.05519631855047162,0.054007801686170885,0.0507057546145494,0.05422132134876264,0.058170880042078967,0.05712000913920146,0.05421012362582048
E08000032,Bradford,0.02564636838935989,0.025841650997547608,0.02637963554500928,0.027319752751783187,0.027009940005170992,0.026950138863069184,0.03106581899775617,0.032490463965984887,0.03368804837562248,0.028692485907387186
E07000067,Braintree,0.04547364995864799,0.04508171861836563,0.044371438149513914,0.04719608731576001,0.04665515179698399,0.04713257027236119,0.0501921847082946,0.04824460118368182,0.054533301879374066,0.0457897590322096
E07000143,Breckland,0.04546252547534902,0.04579203227739142,0.048212338809729686,0.04899953085555564,0.05103980898760483,0.050728178350823716,0.05574234138035526,0.05463327806845667,0.05436242569730224,0.05017875473434569
E09000005,Brent,0.053980047718938655,0.0560120536693442,0.05461477332929691,0.05433597520782503,0.05439907495292834,0.05534468656085434,0.06731043870897169,0.07076890521319851,0.07439404920384145,0.06526866268195868
E07000068,Brentwood,0.053439146273750356,0.054463057376385855,0.05375063558755051,0.06329530784835471,0.05660772482755913,0.05581680105250817,0.05723800195886386,0.059203135205747874,0.06483945936822424,0.05328707180031589
W06000013,Bridgend / Pen-y-bont ar Ogwr,0.02656911268919016,0.027803017836573202,0.029985199521830704,0.02971257086639252,0.03036011781328422,0.03246680798839674,0.03285789532047017,0.03323531847925122,0.03941543295092112,0.027274144463497785
E06000043,Brighton and Hove,0.06478062076848677,0.06834007920964442,0.06370709843124418,0.06540530910386602,0.06757065965438461,0.06825502397509516,0.07371727021915289,0.07650958177654574,0.07718857967925469,0.07089237603603234
E06000023,"Bristol, City of",0.05884496605727047,0.0629983627491958,0.06126336151245706,0.06430729780459721,0.06512293626841825,0.06464078461990587,0.07367197094405686,0.07484813500070132,0.07853432518230297,0.07103330142143878
E07000144,Broadland,0.046681096681096684,0.050665878424260825,0.04940278408592897,0.0519149544285306,0.051900873438314406,0.05176527841007206,0.061251799120862024,0.05935240684669097,0.060481866909307784,0.05372505324753091
E09000006,Bromley,0.047820990874372894,0.053152633908527286,0.05353792190893462,0.05640512185869491,0.055877136085434195,0.05302826790402344,0.056850369317923075,0.056225384782661224,0.05792330653314717,0.05118526710583257
E07000234,Bromsgrove,0.04727307643067469,0.05182380331137769,0.05128367402906989,0.05515133114877668,0.05417536534446764,0.056618786814095275,0.0634465233518454,0.06493888224443048,0.06467696558905098,0.05262058884944665
E07000095,Broxbourne,0.043478260869565216,0.050002642845816375,0.047073296392484254,0.05113891294593946,0.050887229911432755,0.04977240119321642,0.05507327256567661,0.057785209959123,0.061452111966611496,0.052412082957619475
E07000172,Broxtowe,0.05775906841975781,0.06277584834671876,0.06059760346426353,0.06472465795183531,0.06417375287248406,0.060642548788754504,0.07139054986781171,0.0736898792287591,0.07650416984557101,0.06825617001230076
E06000060,Buckinghamshire,0.041993880169775934,,0.04650914684413995,0.048007295066231526,0.0489097235133197,0.046302827470284545,0.05150414802264525,0.05195173119973929,0.053449343993176135,0.047744305926223814
E07000117,Burnley,0.035136501516683516,0.038488477569438864,0.03655460733165187,0.04179186641282657,0.03794320551901171,0.03741885343329981,0.04336126788666553,0.04134331898742757,0.04322986954565902,0.04046158667621776
E08000002,Bury,0.036414233478228045,0.0381412839108246,0.03704657099341442,0.03907372108048076,0.039331586682855135,0.038137324074417916,0.045768557386040035,0.044264312916868304,0.045792973454107544,0.03560416972544413
W06000018,Caerphilly / Caerffili,0.02190377107315054,0.02537231724893025,0.025146459856050886,0.026721057282432906,0.02627547622219262,0.025690900123577883,0.0272242042091872,0.028543964998149367,0.027933176860416953,0.027155521072354194
E08000033,Calderdale,0.03221335161874908,0.033099415204678365,0.03308495362285093,0.0330754146501676,0.03239154701874591,0.03408922413174598,0.03723968031166748,0.03795184737388258,0.041956917547468726,0.03247272262922166
E07000008,Cambridge,0.10406192707272358,0.10601055456317648,0.10221582780595656,0.10394795328726715,0.10997162383597778,0.10789906527059012,0.12505703695995005,0.12914486553539337,0.13107581852273273,0.11811646929947306
E09000007,Camden,0.09089587299567899,0.09074369798362165,0.08787518547764289,0.08887307115438392,0.0851798537547624,0.08147309782390573,0.08757859339045868,0.08645214433351384,0.08940150872684045,0.07531590320410995
E07000192,Cannock Chase,0.03464778340267672,0.035636972593227956,0.034901025421482886,0.03687010192065619,0.034013605442176874,0.035650117243409496,0.04496297641385711,0.046579228640781546,0.046624719636370854,0.03999645264278113
E07000106,Canterbury,0.0755179282868526,0.08005978214758881,0.08090176260641148,0.08239092228929472,0.08015006607667399,0.07774673542479477,0.08492382693479586,0.08231390494248053,0.08546863852376749,0.07913073721831113
W06000015,Cardiff / Caerdydd,0.05721655154845097,0.059752124889597504,0.05534068255780273,0.055939621620555255,0.05669154340188422,0.05565000221503566,0.0596158299242466,0.05995365794733259,0.062441571750571676,0.05677650716951696
E07000028,Carlisle,0.03345894394045127,0.03572851517257355,0.03308578413215794,0.035240007773531125,0.03397496970649992,0.03356460124737056,0.037063376249145685,0.03852860582911235,0.03775373120594785,0.03228778887619328
W06000010,Carmarthenshire / Sir Gaerfyrddin,0.03274063524333962,0.03511598637241499,0.033681884885931046,0.03398425673630033,0.034105815478793176,0.03607997674343487,0.0371731062150044,0.03860466604111575,0.03924861339930392,0.034770851199276066
E07000069,Castle Point,0.040732572415988356,0.044865618517552906,0.044416100413120524,0.04668661148101494,0.04516505202726947,0.04754211605312417,0.04824414901908389,0.05060508493394027,0.049471098521731434,0.043833679466218904
N09000004,Causeway Coast and Glens,0.02813203034625675,0.028034277472177835,0.031002335937444867,0.03146806462267134,0.030395115544750887,0.03247517854032399,0.032531962201222904,0.03159186389917225,0.03188389787210539,0.02667945330233264
E06000056,Central Bedfordshire,0.048966531582982586,0.05401574014507437,0.05361779880436555,0.05515482777416874,0.05494436919327071,0.05462344298253539,0.05847230653858515,0.05974485730203169,0.06117832099997229,0.05327172079865078
W06000008,Ceredigion / Ceredigeon,0.07550502702774495,0.08516830848654058,0.0748921347425088,0.07110058163523351,0.06829176267669214,0.06745401479671485,0.07530516174941157,0.07225449364313898,0.07315496251461585,0.06486041566636944
E07000130,Charnwood,0.06353541199450191,0.06756548078636336,0.06266140370485844,0.06802744743491666,0.06449845005052321,0.06427516377453799,0.07891921258183794,0.07811961038747721,0.08473992606980861,0.07201086956521739
E07000070,Chelmsford,0.045753185630093,0.045466084933787544,0.04591600072807981,0.04788740602599219,0.048176517927963916,0.04986308604625797,0.06013825669432557,0.05486251898869996,0.06031235284884633,0.053667800990258925
E07000078,Cheltenham,0.06031389165117385,0.06272725706112461,0.060420768991605346,0.06587958308629564,0.06405242212158639,0.0659204722864431,0.0746362953350181,0.07355026048338885,0.07419221708252369,0.06685452806287324
E07000177,Cherwell,0.04542642634198465,0.0486161638775396,0.04743363324108968,0.051120952117354,0.04996770957857565,0.048201316193269,0.058813566211839946,0.06011625022626558,0.06098217311282832,0.054726499216311265
E06000049,Cheshire East,0.036691877778257304,0.03895451725776956,0.03657581915572403,0.03955355760452315,0.03958511878463332,0.039252272046604454,0.04439270838282574,0.0453740907061635,0.04694495928694892,0.04154996418106536
E06000050,Cheshire West and Chester,0.036470566814151235,0.0395610252434711,0.03903717956075622,0.041959599364376175,0.042886788102374916,0.04268982854964197,0.04914404738657814,0.051115705634621825,0.05045019835544246,0.04231537738894722
E07000034,Chesterfield,0.03399236906000694,0.03265310055112344,0.034593431091807125,0.03409341422971121,0.03474914563051033,0.03430692548336793,0.043565151703496875,0.04454830446916695,0.04567206863679695,0.039464404841322784
E07000225,Chichester,0.06145006359928067,0.06460456574904916,0.06405008635578584,0.06734846595160889,0.06761529579569381,0.0663420776495278,0.07558739350372737,0.07117184265010353,0.07068497221969966,0.06595450505316522
E07000118,Chorley,0.044185851976466434,0.047481090992436394,0.047525128696926655,0.046415165333309444,0.048166213715995505,0.04751194581065234,0.05254292920568013,0.0509326234153106,0.05331765581647154,0.04506603852948599
S12000036,City of Edinburgh,0.039086496212913754,0.04046785322089385,0.04222500307717556,0.042583382391750066,0.04367594875804415,0.043220222016286454,0.04222832758519904,0.041909353905496625,0.041034042634255995,0.03538531518896175
E09000001,City of London,0.11926605504587157,0.1294615849969752,0.10412866854584646,0.147581039257208,0.11993420068790189,0.1028153463980127,0.11183694800104521,0.1069377440845394,0.11480300380619278,0.08036204059243006
S12000005,Clackmannanshire,0.027592233009708738,0.026638065522620904,0.029797191887675507,0.03135378003516312,0.03430685358255452,0.0311587147030185,0.03308066083576287,0.03171206225680934,0.03104384943733023,0.027880678494833302
E07000071,Colchester,0.05201769442556476,0.05531685444277322,0.05123235183406089,0.05641172992656363,0.05834000302840209,0.05625343089968183,0.06411429894054646,0.06617391168847359,0.06542684868468357,0.06104969574036511
W06000003,Conwy / Conwy,0.04087543138581066,0.04285479390409595,0.04041859341569466,0.0423209070606425,0.0399313009875483,0.04102893340181476,0.04101383671478569,0.0424130191754636,0.04125321024205865,0.04091924456779259
E07000029,Copeland,0.02415506817506053,0.023126484518340467,0.024025009992576944,0.02560616036412561,0.025714613706807485,0.024471185755923008,0.02608860225072428,0.026014264000935344,0.027704853115879325,0.02516129980452962
E06000052,Cornwall,0.03830560551558753,0.039323807382828396,0.03703266154487963,0.039297678771926935,0.03899629826834556,0.03848974069329816,0.0456739034005583,0.043892940943657595,0.044194122666254665,0.03956923001784409
E07000079,Cotswold,0.06454676604953113,0.06451497177843682,0.06516269907198632,0.06960668864813943,0.06973862626829383,0.06738193936438266,0.0823229610668617,0.0775875626249691,0.07587189245732345,0.0653416644509439
E06000047,County Durham,0.030744998966849516,0.031190387760300704,0.03157447913739066,0.03270263325173454,0.03302993952020518,0.03302566618625617,0.038744457302611224,0.0403848343390641,0.04284334476526805,0.040979163423358195
E08000026,Coventry,0.04670653014215168,0.05082727656091087,0.047715902966601,0.05048086968461396,0.04872083836787806,0.04824823407839418,0.05587964981160575,0.0575187098709053,0.05744224418000598,0.05453270670845337
E07000163,Craven,0.044861970104040826,0.046547250054061844,0.04818865345181134,0.049955156950672645,0.04995880055887938,0.053103313632571925,0.057716769132923465,0.05616554054054054,0.05929088936334045,0.05186787121978444
E07000226,Crawley,0.03920487982588064,0.04123473215440619,0.039365598010151166,0.03801627318564901,0.03885036117849703,0.03622720671292561,0.03978005444906147,0.04425156516789983,0.044062308178170785,0.040222629229866455
E09000008,Croydon,0.05068870523415978,0.05266137398459868,0.051385335146188184,0.05299504340008433,0.053555923908753654,0.053889762875651254,0.05996304929099853,0.059419327046342764,0.06402989320162396,0.05884502641785245
E07000096,Dacorum,0.045568418009883135,0.05030396379695764,0.049002194833699136,0.05084439688325586,0.04991758732764498,0.05237298697891043,0.05590414568603407,0.053227897329530725,0.05456730613906425,0.04911325961519906
E06000005,Darlington,0.032997423852098806,0.033790508326777435,0.034305658021678676,0.035701804924582296,0.035311987018622995,0.03491117025778965,0.03947455029290906,0.039628023947600545,0.04271415596940161,0.04080929591627717
E07000107,Dartford,0.05096102618745133,0.060151136559063643,0.0596818693413281,0.06130771492990883,0.06284108141522829,0.06306306306306306,0.07445403474831654,0.07482521944416592,0.07979148535602011,0.06238437190379743
W06000004,Denbighshire / Sir Ddinbych,0.044783270690701565,0.04958906148660861,0.047895638925918874,0.04970633824351255,0.04576321228225568,0.046260422808051885,0.04567092970712176,0.04571488513584391,0.047828540377863236,0.04722544070181246
E06000015,Derby,0.039261999734879066,0.04340694862360425,0.04077003883618769,0.04249087442977571,0.04309995076317085,0.04225945832016018,0.049417586778402856,0.05109381197166121,0.05109948620686975,0.045562157826286726
E07000035,Derbyshire Dales,0.04476541404140414,0.042123105370800995,0.04080031384856807,0.043643237188462615,0.043982552839371115,0.04465772206444031,0.055366115046834335,0.0538505355877572,0.05761493259592119,0.04998481124520173
N09000005,Derry City and Strabane,0.017065813713383404,0.01878629246597003,0.019598740513482964,0.02080456842585021,0.02045185418102266,0.022232286768525795,0.02429284304670525,0.023460468943913883,0.025085270088046323,0.022103249971874607
E08000017,Doncaster,0.02318922993506751,0.025046216822923545,0.02557187686248942,0.026044849177721274,0.024753188257784064,0.026267673908658508,0.03044604130251829,0.03178636062110761,0.0333547083907788,0.029234138465719265
E06000059,Dorset,0.045695919890023695,0.04608056332194263,0.0467284394459443,0.0490493524770965,0.04873047820986126,0.047052142045819846,0.052731495183321736,0.052467037111802894,0.05245067475456265,0.04480622236967174
E07000108,Dover,0.03662793820154317,0.04006332850319326,0.04228820339585741,0.04282738410479116,0.04033637148951924,0.04270676954229655,0.04697633049230158,0.04746556780001539,0.048480077202427814,0.03922743304588487
E08000027,Dudley,0.026607206131628258,0.02848805689319769,0.029122939842281228,0.030428983725800166,0.029399584612320638,0.029374161570484763,0.03769969851511651,0.03669072377162177,0.037839400987574476,0.031191544935367892
S12000006,Dumfries and Galloway,0.024067102569183013,0.023806682577565633,0.025159701889805697,0.02557348626300347,0.024366940602659183,0.023702514713750667,0.025247989276139412,0.025270515491632502,0.026534999328227865,0.02205138579809832
S12000042,Dundee City,0.0349116847826087,0.03633779943158749,0.03846725185685348,0.03767636535475596,0.03799338776060995,0.03664261145208066,0.038941564118082174,0.037714285714285714,0.03830699169568712,0.032388119876360706
E09000009,Ealing,0.06052211226179881,0.061807294054041347,0.059221064693020915,0.059120050612687575,0.05817854393888784,0.058653952123247546,0.06900646561785165,0.07239854729196274,0.07801208872869406,0.0675616514025639
S12000008,East Ayrshire,0.024386665579916863,0.024166870365843723,0.024748836069590788,0.0258331286334234,0.026724561690971652,0.026775777414075285,0.026595046744300476,0.027084701247537753,0.02794852880911401,0.021957236842105262
E07000009,East Cambridgeshire,0.05079233188913289,0.05479934287725886,0.04959158502245701,0.050491125280027575,0.049838807058314255,0.04785177289684654,0.053962501969434376,0.0551576732839462,0.05555431878895815,0.05027059397595706
E07000040,East Devon,0.048112131580527046,0.05266681544298148,0.051656472609333114,0.05770667604271964,0.059567856626680155,0.05928524071262057,0.06526552560362703,0.06307642204314114,0.06295972218424435,0.055334954078876286
S12000045,East Dunbartonshire,0.027552380952380953,0.03136569701548923,0.032454648526077094,0.03696935619904414,0.038257292445774124,0.037288450809001304,0.03616942569129751,0.03572417612849626,0.03433357879234168,0.030068965517241378
E07000085,East Hampshire,0.05385742608395828,0.056384785629728755,0.05557874294086081,0.057515785904987925,0.057896776585168584,0.05709110820942673,0.06323706781023854,0.06393715663609019,0.06712561729404454,0.05819699930554434
E07000242,East Hertfordshire,0.05338207086243712,0.055127147519816365,0.056701104078562714,0.05913952136488748,0.05628841149438016,0.05540272360227195,0.059314658689148765,0.05914047466324567,0.06392072014317386,0.05638859973910637
E07000137,East Lindsey,0.04927459888940102,0.05123270228538394,0.04954714581246939,0.05403639215230682,0.05136599356838659,0.050070994572699166,0.05970597918664739,0.059208048827278474,0.06050364433029698,0.04932760684362458
S12000010,East Lothian,0.03227582065652522,0.03581201665675193,0.03474701647105237,0.03716328729552356,0.03808830664725861,0.03410510135459698,0.03636016787485692,0.03856697230362038,0.03809879540573349,0.03531047265987025
S12000011,East Renfrewshire,0.033058033256249314,0.035325131810193325,0.03908008303288539,0.04001731414349097,0.04105874757908328,0.041541413495362965,0.041082735331363446,0.03877272249658506,0.03590495132419135,0.034874037060170726
E06000011,East Riding of Yorkshire,0.04108786785907438,0.04396831209195567,0.041934466423861554,0.04475421210881207,0.04155234056705746,0.0435548424530201,0.047260701471036295,0.04823417173614751,0.04789359064169791,0.04400628203297776
E07000193,East Staffordshire,0.0387061076077219,0.036921222496877376,0.03842874543239951,0.03829070169374352,0.036533099246101416,0.035711536981451554,0.04392098815843201,0.045220706056977075,0.047597575028809055,0.04262216451791636
E07000244,East Suffolk,0.0373917464762905,0.03897800259576026,0.0400826754367798,0.04111008799276568,0.041251479873717446,0.0422076464369824,0.04787921251614941,0.04688034997119827,0.046111416213355995,0.04160592396144952
E07000061,Eastbourne,0.05736697949812704,0.061641024614368226,0.05783007682113926,0.0616439707913953,0.06022269187115964,0.057406094968107724,0.060319028387134266,0.05888910430399379,0.06248011952383247,0.05178854864310325
E07000086,Eastleigh,0.04928010679210501,0.05287987440733991,0.04823143575012328,0.049694646418400365,0.0460624762554564,0.04885523289024748,0.057709696700332574,0.05956652682845417,0.06326356449874236,0.05472992916174734
E07000030,Eden,0.03681764504209364,0.0434642321635318,0.04176082951934216,0.044578244601037056,0.04161594643944005,0.04302648075681015,0.046628393868773564,0.04600896352186986,0.04833530505323644,0.04449901402686312
E07000207,Elmbridge,0.06168396384332106,0.06392604248623131,0.060202698147551664,0.06345627554085424,0.05779996750321275,0.05628834919351876,0.061439077863894,0.06222827280312678,0.06465148579991958,0.06154574937142441
E09000010,Enfield,0.05237708442830522,0.05042914734741866,0.05064670310973192,0.05288077704379348,0.05315175002585646,0.05064628891960003,0.054751206023354024,0.05466215791223504,0.05508786856564228,0.04701921837481676
E07000072,Epping Forest,0.05322709801409353,0.05832678555838631,0.05683169408373954,0.06343274867459187,0.05991924130142179,0.05601779515559216,0.0621553731160397,0.06269016372190915,0.06368033776549294,0.05570644978248534
E07000208,Epsom and Ewell,0.06342514396669814,0.06802568599269505,0.0674329701193665,0.07201107862748116,0.06551192342497356,0.06450714566007165,0.07302614189878039,0.07078870983885496,0.0741314944125417,0.06357789217683296
E07000036,Erewash,0.038806581795828916,0.0433117970806413,0.04331278808964555,0.048074985764968686,0.044347947403299504,0.04262804920425325,0.04781726416566939,0.04866222183738852,0.05000390046025431,0.04518260326708979
E07000041,Exeter,0.07945294414118893,0.0811491935483871,0.08009584400561844,0.08871059519745078,0.08789057837824935,0.085812644092784,0.1022060876850042,0.10141227343821879,0.10817701000722955,0.09670524176310441
S12000014,Falkirk,0.0236544,0.022512755102040816,0.024440061084245356,0.024389625214027523,0.02588034835289663,0.0261387878027356,0.02660962967588834,0.0246975177747287,0.02604263782708683,0.02061534628799203
E07000087,Fareham,0.0483512163743735,0.0552760257954787,0.05181210646948794,0.05380113898990956,0.0513621920091681,0.04939646687043465,0.05479310611862088,0.054255236850927036,0.05264425765488286,0.04474892124671217
E07000010,Fenland,0.04331611862435968,0.04777285751497786,0.047144912386019026,0.05233064524392618,0.051126358613151984,0.04931952306395279,0.05648170199253791,0.05454670857514459,0.05168384879725086,0.046571316614420065
N09000006,Fermanagh and Omagh,0.021559281416022768,0.022962444191543377,0.02219210422769204,0.021923264227076668,0.026129337183789923,0.0238171314087341,0.02783582282073111,0.02496683356870801,0.024711023279981603,0.024169699242353224
S12000047,Fife,0.024297837393922803,0.0239725840364818,0.02439084219133279,0.025228046289993193,0.025459139317539667,0.025255852887964787,0.02553781535230608,0.025785808394504048,0.026556016597510373,0.02218480207414535
W06000005,Flintshire / Sir y Fflint,0.029011043716348106,0.030711630098968424,0.031078885023788857,0.03157607317691573,0.032060226498361294,0.03153415337653435,0.033263510682865524,0.032752116097767896,0.033311979500320305,0.03211409845263218
E07000112,Folkestone and Hythe,0.043031820996497196,0.04621999613298837,0.04461831253964897,0.048909663020013906,0.048107212440139116,0.04916054186482202,0.04550064167571594,0.0506049139263444,0.04842649297320259,0.040848923402753264
E07000080,Forest of Dean,0.04698296836982968,0.047753759852990955,0.04760527045435367,0.053368705336870534,0.05259175179720015,0.05371673437847584,0.05409681584978536,0.05420426839836844,0.053991773340553745,0.04753923335667627
E07000119,Fylde,0.056939735604089464,0.05356696856966335,0.059060981345038406,0.06219859994814623,0.059646405987869404,0.061098102440085476,0.06471983059229297,0.06563871129497305,0.06703391928695221,0.05933925207176368
E08000037,Gateshead,0.03235354306734748,0.03489753934648877,0.0339433677498026,0.03697561024200497,0.03902857369475125,0.03756637779576367,0.04202668721809712,0.0431489126355502,0.042349855237435355,0.03764793265659817
E07000173,Gedling,0.04878627759558998,0.05084998378060862,0.053507749578165495,0.05556275093899754,0.05265106507551101,0.050802597091120894,0.05839765043371355,0.05759597914862547,0.05812750220533351,0.054660475815932134
S12000049,Glasgow City,0.03214177317640711,0.03329356210193759,0.035070073090592103,0.035713094523380694,0.03775439522380183,0.038213536670622855,0.037805545715113846,0.038489168436008366,0.03681766489764973,0.03165313699578378
E07000081,Gloucester,0.04923680087925788,0.04763988493172886,0.048074838398843696,0.049520232961507246,0.051466945560631916,0.049012504382377,0.052253201428538225,0.050972657307498934,0.054411126943807696,0.05132257591994387
E07000088,Gosport,0.03924082787985823,0.04624603708329331,0.04151205381724163,0.04400920019917957,0.04296990219096948,0.04226126421185608,0.045562455414049984,0.04340841668327803,0.04216271010632028,0.037600821927514495
E07000109,Gravesham,0.038165988640606885,0.045261751772150666,0.04388535832777149,0.04847235739775958,0.04606725630232228,0.042376312196959,0.04556119900867877,0.04906706772571321,0.05417106948821291,0.044709514454111705
E07000145,Great Yarmouth,0.03594596813926753,0.03773256111936856,0.03590284030449374,0.03753299295810531,0.036505602595953965,0.03640698238241474,0.043111339106993773,0.04307134950186173,0.041455262945961184,0.03651283292001855
E09000011,Greenwich,0.06249339486384613,0.06695745155508373,0.06679364021552688,0.0675090105001618,0.07013134602355924,0.06622865310830804,0.07341019413185126,0.07440266120634832,0.07692521410561849,0.0652103212770816
E07000209,Guildford,0.07152202354993459,0.07499031132928562,0.06768237627704274,0.0760429600634159,0.07384734171630267,0.06965167353331744,0.08056734133187167,0.07886320145514542,0.08263869313682062,0.08073055230392678
W06000002,Gwynedd / Gwynedd,0.04516840433498186,0.0468415746637488,0.04283494858326552,0.04425867740797559,0.04444897459942104,0.045847084485456886,0.048431413747959465,0.047383594517547395,0.04867533718689788,0.04253381374279985
E09000012,Hackney,0.06979877175522489,0.07482990500055509,0.07328423375130129,0.07600945604913496,0.07457952692591187,0.07077320587471042,0.07708867136111101,0.08133302343875709,0.08468269778030735,0.07107186206356494
E06000006,Halton,0.024625761600992665,0.027325271702403384,0.027515586084363153,0.02970727504130402,0.02738342316463987,0.0278305814337109,0.030157921548650025,0.03459418213529338,0.03509002395487211,0.02967038895182608
E07000164,Hambleton,0.04309055601437468,0.044011849344054166,0.04335700078891518,0.045209364399710836,0.04544041565823656,0.04663818701637028,0.05125774377742014,0.05347071345491255,0.05481800117911654,0.05035243440804073
E09000013,Hammersmith and Fulham,0.09394063964482446,0.0919024583097679,0.08617524983326076,0.08991683133438648,0.09059571968844514,0.08727438759399944,0.10442190625034153,0.10821028334753487,0.11485176323166417,0.099932441267489
E07000131,Harborough,0.04902040863954072,0.04999536865505743,0.05401139249193604,0.05436970489566157,0.058332585479673335,0.05634286600702485,0.06408195843036923,0.06461691477745705,0.06357734497425566,0.05967321561279923
E09000014,Haringey,0.0738671049542146,0.07514986545068206,0.0754655541636498,0.07801118011482688,0.0773380155153196,0.07833415417637589,0.08284296374952069,0.08631533049544755,0.08985024958402663,0.07808692844565752
E07000073,Harlow,0.0396704674057218,0.04079020455478542,0.03987391835854167,0.04555714437655846,0.043018691041190604,0.043485856033167576,0.04773120163358123,0.05159710834468901,0.05299367154030804,0.04585242896425298
E07000165,Harrogate,0.03980892723228071,0.04155060352831941,0.040593941595325624,0.04248548214319274,0.042240926486405365,0.04155400330479195,0.04725575466746645,0.04858191150729133,0.04950538142522275,0.04510817419294933
E09000015,Harrow,0.05519357668846856,0.057625073353775966,0.05473160935622459,0.055900697127053346,0.054011457835328056,0.053386249130468,0.060840565734490516,0.06363807170926128,0.06733158146201625,0.061421585333956835
E07000089,Hart,0.055050075276559536,0.05973499306037474,0.05707892726901107,0.05742954739538856,0.05674029344774617,0.05636474779199427,0.062389357356099094,0.0656330158993904,0.06363252397680097,0.05362265388082944
E06000001,Hartlepool,0.02215272348188689,0.022306283261616502,0.02495089680775291,0.023346219467421117,0.023103202231399597,0.025214066454844097,0.027983530246508778,0.030426202784153065,0.032659641480627354,0.028134191568268043
E07000062,Hastings,0.047852461379792176,0.049736105425052836,0.04788462807735463,0.0486646234676007,0.04896831525936239,0.04881435475711226,0.04723476237165052,0.048645737978568734,0.04824036002201573,0.04522765088488882
E07000090,Havant,0.04131376104253082,0.047145153976171826,0.04434910537432914,0.04663860394785239,0.04765192248339046,0.04675884446812117,0.055035381601567186,0.052387273175268055,0.052273807637458404,0.04354158256753655
E09000016,Havering,0.039608787569296464,0.043309057236529266,0.04513880285121953,0.05086778035198959,0.049523809523809526,0.04870328490632314,0.05355434133081288,0.05327566812769093,0.056855658981629885,0.04876635808034498
E06000019,"Herefordshire, County of",0.03378190710111699,0.03690664535602629,0.03433142513774955,0.03702520014701417,0.035173613689648955,0.03529219340269717,0.04005946367533671,0.03976429802141515,0.03884834622227063,0.034832011982542675
E07000098,Hertsmere,0.06097889000687395,0.06262946627682243,0.06384488757898057,0.06702750146284377,0.06497862481460298,0.0650209729521238,0.06839307514106373,0.06981430833453289,0.07222714665599177,0.06794284684889686
E07000037,High Peak,0.03775472071398738,0.03686924089512944,0.034824288158645196,0.038253278930614656,0.0376954426756116,0.03722197993894461,0.04693525086082356,0.04609579163097342,0.04904711544687372,0.040611876976887284
S12000017,Highland,0.027869204657757916,0.027437846193481902,0.0277293607521573,0.027990389565814313,0.029063260860279355,0.028610980960088597,0.027940301046007313,0.02853018595567632,0.028071068142305897,0.02336150872870917
E09000017,Hillingdon,0.05731055285137151,0.06122790108791908,0.05779801116099526,0.05832829960736938,0.05762761099251493,0.057412662262961864,0.06525700942307247,0.06562803453796288,0.06760517482973245,0.059094409962008196
E07000132,Hinckley and Bosworth,0.0397140361537293,0.04367850805994941,0.0429562458343894,0.048056898475269616,0.048663480750992145,0.048916555182424624,0.055993535063302506,0.05451731407274312,0.0540765096874558,0.045800855136980276
E07000227,Horsham,0.04762049566671735,0.049120339918498186,0.04960464959113334,0.05187834090419086,0.05488118128843811,0.057210715909993284,0.058269469538039985,0.06119521576182876,0.06005939175609044,0.055040763297908905
E09000018,Hounslow,0.061645098400718634,0.06149668495037096,0.05860874557458617,0.05937582850433663,0.05882242541627254,0.05644686323480076,0.06507617985878855,0.06552503489892238,0.06810104484702953,0.05721813170841199
E07000011,Huntingdonshire,0.04551308817388952,0.04755674450661776,0.046233742092513956,0.04827959029922419,0.04619183957475447,0.04425452170703314,0.052260437679046666,0.051056655690378455,0.052050145254912535,0.047383858982596304
E07000120,Hyndburn,0.03344548039081801,0.03577844311377246,0.035908596300326445,0.0408109794135995,0.03744710596282751,0.0403025176634491,0.04210919039920408,0.04479366454247355,0.04417408042644028,0.0401562865911528
S12000018,Inverclyde,0.01426988426495937,0.015466600570083033,0.01657953696788648,0.01634747778195018,0.017056603773584905,0.017673067205659424,0.018004062976130015,0.017786308381317978,0.018766066838046273,0.015312743316895925
E07000202,Ipswich,0.046272685804874036,0.04864324584459334,0.043228813309341904,0.04550352197846499,0.04472961784827226,0.044370645778435545,0.04760976314269209,0.046411017072390426,0.047037169589447314,0.04197706998874826
W06000001,Isle of Anglesey / Ynys M�n,0.031739447599158956,0.033225295201107986,0.03362207983103335,0.033888880968335214,0.032415351178220086,0.03153663963252709,0.03559045190130957,0.0360915367133117,0.035935068457947264,0.03336172629187961
E06000046,Isle of Wight,0.031128966992311696,0.0343739645311397,0.030803651979358377,0.034256308672810265,0.03285561987078125,0.0328737238350539,0.03772059240764909,0.03659088018765279,0.03503537394812761,0.03286107831562377
E06000053,Isles of Scilly,0.06654676258992806,0.09346204475647214,0.07076514816452897,0.08769633507853403,0.08394004282655246,0.07636207636207636,0.08322266489597167,0.09589652096342552,0.10926258992805755,0.07322551662174304
E09000019,Islington,0.09733620961291417,0.09402053267573235,0.09053762942716176,0.09371513741785416,0.0928454948638943,0.08898321518605504,0.0966468085106383,0.09626079902317451,0.1004177888124982,0.08902323519335792
E09000020,Kensington and Chelsea,0.06724760033111955,0.06566738044254104,0.06612532693568196,0.06968890578470506,0.0697084917617237,0.06336550298839724,0.06770856742925754,0.07255581093106782,0.07932542961269207,0.06645246838025295
E07000146,King's Lynn and West Norfolk,0.03552211767250703,0.039958540574374576,0.038394766300012734,0.03929061206012755,0.04039375648713151,0.03818916052359401,0.042067853499621576,0.04347511049923919,0.04393492003725649,0.040550100829779494
E06000010,"Kingston upon Hull, City of",0.030563440222080795,0.034041212083482486,0.032365429180210584,0.033898700148399075,0.033702390298042825,0.034533812755975155,0.04123173477882251,0.039935544514569626,0.041627851473180946,0.03866844701033474
E09000021,Kingston upon Thames,0.07468398613777456,0.07774509803921568,0.0741351104994054,0.07629146307433816,0.07351595778776171,0.07060902805363177,0.07517367375106666,0.07621815694990597,0.08005881458196015,0.06522200265711
E08000034,Kirklees,0.0292952218833487,0.03080315789968637,0.030479324780111772,0.03049549067670082,0.031215996118792666,0.03074423990662537,0.035063880405815005,0.035049130780644915,0.03551719355051423,0.03105667474903125
E08000011,Knowsley,0.03164431163170051,0.03578133779172548,0.03701802301305351,0.04015598003127796,0.04018687780961823,0.03913487071033304,0.04460823909531503,0.04781007013391633,0.050403680184539515,0.04544381182273765
E09000022,Lambeth,0.09510938285147513,0.0971987871970417,0.09292932523185161,0.09724384705514516,0.09926543948917489,0.09914784422852509,0.10785439194193452,0.11128293399853337,0.11842936626241435,0.099933812493591
E07000121,Lancaster,0.05866219716593021,0.058549925708994595,0.054621518217899664,0.05700139828211055,0.05241961260627757,0.05414082400174989,0.06257412956971513,0.06395324653716568,0.06510634218491078,0.06051890709497094
E08000035,Leeds,0.047268953739461265,0.05154402388702767,0.047088030658672564,0.04947284532876945,0.04939001284251558,0.048840910167497344,0.054917780048570036,0.05519555394491089,0.05868076087545815,0.05332592208676667
E06000016,Leicester,0.04583362406598974,0.050613279850150725,0.04734169876670123,0.0490618657512312,0.04892511248822798,0.0489938857782114,0.059520846297448665,0.060644449324077046,0.05988018880708253,0.05347196330316691
E07000063,Lewes,0.051504344974585996,0.05832109022746847,0.056019512978539736,0.0574341817023141,0.0537969038038415,0.05678385531973512,0.056436234194236094,0.056898699680759945,0.058294921950652674,0.05504950495049505
E09000023,Lewisham,0.0700734460420744,0.07394239504105733,0.07435182975617288,0.07765498615149302,0.07755619510574611,0.07666701237525217,0.08152482351886946,0.08257340150756418,0.08739806828362356,0.0715439112505691
E07000194,Lichfield,0.04667479263905818,0.04564368668149246,0.04886153604152739,0.05086124120632557,0.04762786888442564,0.04624091956705663,0.055677393799453176,0.056374741499543114,0.061333002405590135,0.05083446141030132
E07000138,Lincoln,0.0813664929902777,0.09223039086052785,0.08439672437114007,0.08520487957460118,0.08519158535197277,0.08432510140165324,0.10520327515796746,0.10497884671694989,0.10970906051420458,0.10508850663175044
N09000007,Lisburn and Castlereagh,0.03747043169722058,0.043921620412145757,0.03844804397403661,0.04323111659344861,0.04160336649905495,0.041882406272798746,0.042274256870443075,0.04345447115617706,0.043430911905316366,0.03620981618550788
E08000012,Liverpool,0.04274614737059117,0.04776994880803759,0.044666153725500174,0.04640421097880393,0.048917281693919186,0.0498538776263574,0.05675324331857048,0.059484978193826366,0.059147622088096985,0.059581516722147405
E06000032,Luton,0.036677289936702336,0.039907930977430436,0.039666544521802856,0.04247453288481394,0.0422275389664811,0.03872375112313236,0.0396863848540469,0.041964606812417975,0.04121998385370708,0.03950769922445768
E07000110,Maidstone,0.04944659870059834,0.052170708149051906,0.051592036676505686,0.05451674818896663,0.05281705168303672,0.0494511794061031,0.054182316818696716,0.0569974404989556,0.057214856890109765,0.049753944966846105
E07000074,Maldon,0.04267660401814647,0.04773512414038033,0.046144944307825835,0.05276986035254216,0.049216859798803005,0.05336024472547227,0.059413833528722156,0.055242530073729146,0.05566337060653667,0.050626137215027296
E07000235,Malvern Hills,0.05531014911787541,0.06051404980689839,0.05910534674430916,0.061988350125944586,0.05517757696753178,0.05798445562014238,0.06785459729151817,0.06806805525328691,0.0655289842181504,0.0578261690477689
E08000003,Manchester,0.07177740394748877,0.07142199525564102,0.06838698373453515,0.07082997644718735,0.07101049623543579,0.07089719740116271,0.07649481852462232,0.07718392263347132,0.0814422509939261,0.07355404765889147
E07000174,Mansfield,0.034892062247132975,0.036980498416211885,0.03880038733932064,0.04069943003812328,0.041637010676156584,0.04298294401186503,0.04633620689655173,0.048171185490761756,0.04919817405066186,0.042834541979497216
E06000035,Medway,0.04040243879419371,0.04409428262410025,0.04299768368866116,0.04408298317789848,0.043593918074250664,0.043046393483464944,0.04478128061783183,0.044598801533173776,0.04607691092634874,0.04179234941356012
E07000133,Melton,0.04249925735221309,0.045544944373338586,0.043504757411339155,0.046028385477926766,0.04282125755553811,0.04173288598504915,0.045348220077447765,0.05117416829745597,0.051846355132886796,0.04547223411293147
E07000187,Mendip,0.0514505602983383,0.05244888686960472,0.05220890814495223,0.05609815376583162,0.05599878632112515,0.056651138945116725,0.05653977958471717,0.06221220219183329,0.061183351068891834,0.05194001100715465
W06000024,Merthyr Tydfil / Merthyr Tudful,0.022922295288100455,0.024971565348770094,0.02589479392624729,0.024722297480357626,0.026887437338599423,0.02669390762635228,0.02608710156289093,0.027715467823139425,0.027881841991844313,0.02326889977492387
E09000024,Merton,0.0727275447160958,0.07518547664652284,0.07415155399067949,0.07453640798052767,0.07391547107518268,0.07168635646764003,0.07871314037233319,0.08276507619333999,0.08797470805817534,0.07819213089662054
N09000008,Mid and East Antrim,0.02101724965833118,0.024433516394528777,0.02427259424840254,0.025131365173226387,0.0244267016661198,0.025823350577923537,0.025783195321095603,0.025271486528359262,0.026092450852276808,0.023658412397897347
E07000042,Mid Devon,0.050605625128310405,0.053545456865096576,0.05216883083881788,0.055669088707235845,0.05266266241109799,0.05358037055583375,0.06240154794537539,0.06494889528122896,0.06312643510587893,0.054220194501140594
E07000203,Mid Suffolk,0.04813754171988957,0.0522349139473765,0.050421107171521165,0.055915900236957305,0.055201444374619706,0.053504765687053216,0.05970869483863979,0.06158469358883046,0.06337167332402907,0.0530532057945583
E07000228,Mid Sussex,0.04683710445972551,0.05113974231912785,0.05247476972786975,0.0542221976441962,0.053052360432694616,0.051274230717093666,0.05388789645758199,0.05549841032354591,0.05658778191256903,0.05134019534382353
N09000009,Mid Ulster,0.02066023552093,0.021060581232143747,0.020788373228424455,0.0206655236362364,0.020951097901418036,0.023461197201989147,0.026832483080306228,0.024655340859748156,0.025294893892060757,0.022765570347693567
E06000002,Middlesbrough,0.040804232192414434,0.04329397517408417,0.04330830531779341,0.04188040952291875,0.04439020888665566,0.042850220201530724,0.04905467189044291,0.04695293322423423,0.049943254362320895,0.043939554800580385
S12000019,Midlothian,0.030449370880766925,0.03179012345679012,0.034234446936607245,0.03917884481558803,0.03975283213182286,0.03864123688071324,0.040193140193140194,0.03941318151959711,0.038286826735885786,0.03306494900697799
E06000042,Milton Keynes,0.04030492806978931,0.04237794384685073,0.043334789527880925,0.04281679315976559,0.04056143870568164,0.040587439903846154,0.04605245943309123,0.04780590230336514,0.04796683700924452,0.042975096501519226
E07000210,Mole Valley,0.05516307203661969,0.05772625905965434,0.058125194499832875,0.058765295668289766,0.0552323576076709,0.05569689885168122,0.06166789091910752,0.06243911384135789,0.06175712075190555,0.05959084834431791
W06000021,Monmouthshire / Sir Fynwy,0.04444420159986012,0.04670961553135594,0.04765363310171384,0.04895180462502702,0.047508216152146975,0.0487692439641494,0.05051821775830751,0.05309001295914682,0.053039433343905276,0.04650918414526502
S12000020,Moray,0.028169466138868084,0.03332615947487356,0.03498304366256889,0.03373430410467448,0.03505392105538687,0.03374622670969085,0.030674462309459177,0.02994137353433836,0.03005635566687539,0.025493678821439766
S12000013,Na h-Eileanan Siar,0.030624774286746117,0.029825834542815673,0.030401459854014597,0.028844036697247707,0.03051348356113779,0.028438661710037175,0.03432282003710575,0.030190085724934774,0.029940119760479042,0.025660377358490565
W06000012,Neath Port Talbot / Castell-nedd Port Talbot,0.02762367743780383,0.03014684361191025,0.0278693330092159,0.031455362292012276,0.03125310402565522,0.031691582320473186,0.037222886902667326,0.04110394245168152,0.041370407842863624,0.04039865360907567
E07000091,New Forest,0.042016188790026526,0.04625309894072572,0.043314289562591896,0.04502999765381478,0.04338585971273184,0.04282873519041492,0.04755832730107467,0.04734830573064149,0.0475550570283087,0.040818484934511186
E07000175,Newark and Sherwood,0.045050529648118835,0.050400946042761824,0.050043635243587334,0.052172511221035306,0.049648258140612495,0.05143181363059876,0.056611416525441244,0.054538275504664134,0.05820079888254466,0.05085805712800604
E08000021,Newcastle upon Tyne,0.061843406475284135,0.06899781122624542,0.06609731265372383,0.06937296247485607,0.06646627505468353,0.06494094575316721,0.07703774311963818,0.07855201268504577,0.07927481672280563,0.07309402132818815
E07000195,Newcastle-under-Lyme,0.0510017920857618,0.04983723328820989,0.054583652862985686,0.05272349140326089,0.05334888817070383,0.05592931957604233,0.06409590347619085,0.06242180863387134,0.06237590871516753,0.05848314173289098
E09000025,Newham,0.050860014172518196,0.054777976256342974,0.05507909103634921,0.05693366578676242,0.05911602538557162,0.05675218339027031,0.06128231358981138,0.06711836479595461,0.06987715711316383,0.05993818716116938
W06000022,Newport / Casnewydd,0.035113351853757246,0.03753204580413604,0.03527303207692465,0.03629034998878459,0.036740155990213436,0.03807918222079503,0.045403835363237284,0.04508747439694198,0.04191988414492229,0.038089576661744874
N09000010,"Newry, Mourne and Down",0.01985186561099631,0.022499726525841868,0.022599225528945426,0.02317520224853623,0.022787451309470484,0.024210419759751654,0.024598315046146284,0.023748416772215186,0.024155308543954833,0.0223703548761759
S12000021,North Ayrshire,0.02394090810341082,0.024336701315693827,0.024718854972980868,0.025014654161781946,0.026202894292220672,0.02618294208551034,0.026680904337580087,0.025280898876404494,0.025456434614813714,0.022271880819366853
E07000043,North Devon,0.045522261002809226,0.044925142522244124,0.04525836805592558,0.047539536516107074,0.04809795883689811,0.04937501981129085,0.055794216261525566,0.0560295494745604,0.05680168819805446,0.050392176836100644
E07000038,North East Derbyshire,0.039727547931382445,0.039357001217953234,0.03888989587738908,0.0405904430335168,0.04280510932059682,0.04515679442508711,0.05322484619964279,0.05404202719406675,0.054887544105182234,0.05085309540580731
E06000012,North East Lincolnshire,0.0257050740288603,0.02640373494880717,0.026681170020567257,0.027415494410038807,0.02400435078858043,0.024163475736416647,0.02929435761390512,0.028225327084675983,0.02939277902771946,0.024911523305137923
E07000099,North Hertfordshire,0.05374370558614523,0.05680347929104768,0.055760614713188016,0.059662953965562024,0.056142723632523116,0.055452112622969355,0.059998049819608316,0.059010314231236954,0.06092685483267201,0.05061327858657456
E07000139,North Kesteven,0.054055548388285815,0.05584982298213355,0.054959748942556966,0.05645835768950601,0.05546146578004386,0.056659392488824754,0.06644103098151523,0.062370134069060654,0.06306290895094727,0.05694504396990241
S12000050,North Lanarkshire,0.017490820798294445,0.018284056941608215,0.01844987861921961,0.019023668639053255,0.020569975758292437,0.02158578626359056,0.02090834215790093,0.02154741607384326,0.0229076954624015,0.01785190830743976
E06000013,North Lincolnshire,0.02654074834642661,0.029390974808584446,0.028029351098888072,0.029388994935377305,0.02950960593018258,0.029887533883271762,0.033036767195581865,0.03338856428592192,0.03387272769484364,0.029244911663231992
E07000147,North Norfolk,0.04631924771797293,0.0452228736411042,0.04572928810039283,0.050383000233299634,0.04770851896331306,0.04654058907005705,0.05227401577829668,0.05283495294207667,0.053778723160716156,0.05023438911445605
E06000061,North Northamptonshire,0.04459694488912092,0.04726532973749779,0.046464758694974524,0.04715179835049534,0.0475881879534487,0.04796864011205047,0.05602897253401435,0.0546056611583405,0.05430063062131707,0.03454150116422408
E06000024,North Somerset,0.04068619485846246,0.04378001897737388,0.04484387579905132,0.0462185075773951,0.044712562100780694,0.04380227346786495,0.04698027570782864,0.04622310313716874,0.047183936908282646,0.039814634417879705
E08000022,North Tyneside,0.03399998011987714,0.036208574095033856,0.036450063561313174,0.037489463020748605,0.03533357997286965,0.036256907773547835,0.041262171533649916,0.043032259630555625,0.04499959117515499,0.03732926064412963
E07000218,North Warwickshire,0.04419462384641402,0.048950262032601354,0.04674898179301019,0.0520112733794517,0.05200350513821397,0.052379219217318376,0.06466465841514617,0.06738627602158828,0.0627911252758029,0.053290961315162255
E07000134,North West Leicestershire,0.03864631151916302,0.042719582912166834,0.04575784450356856,0.0512268753068494,0.051679746235761805,0.050286480555894186,0.060773756605300225,0.0644302136576386,0.06268639430176333,0.05396483126449064
E06000057,Northumberland,0.026464060099026805,0.028898318740935704,0.028461798608674763,0.031183718816281184,0.0307533820188148,0.031041695543150918,0.03581481365388835,0.036687336468149145,0.03804189384494191,0.033855228213204865
E07000148,Norwich,0.07796728158719109,0.08249232447130361,0.07941206945040631,0.07882155695637214,0.07570765476440473,0.07909770135487791,0.09093499960813092,0.09592098457527083,0.09716659671487413,0.09453005760425386
E06000018,Nottingham,0.0782134854013998,0.08236644265276549,0.0779895511770216,0.08143518297628703,0.08144894273459252,0.0796356907312357,0.09298348465564428,0.09369345967154884,0.09843196155001502,0.09590386178500021
E07000219,Nuneaton and Bedworth,0.03478219266559816,0.03792892497636394,0.034943465643286445,0.035389402180367194,0.036665797808898684,0.038848943402728826,0.04743546895281325,0.04445237467223162,0.04932901149496085,0.04125087249660589
E07000135,Oadby and Wigston,0.08136979938905661,0.08476207449652469,0.08100280729185175,0.07830895469140207,0.0820055730208631,0.0792448786412102,0.09413518015253791,0.09199733595064498,0.09432605454704902,0.0832446390871181
E08000004,Oldham,0.025924132938349685,0.027364065670213614,0.027792709040120548,0.03022148986335469,0.03049127486457252,0.028487318645658042,0.03355592725841572,0.03392283435827572,0.03587786259541985,0.028624572861783965
S12000023,Orkney Islands,0.028011204481792718,0.032373432419879236,0.033024118738404454,0.032205746061167745,0.03036455929856945,0.03688787185354691,0.033318181818181816,0.03515096890491212,0.03367759317467445,0.029017857142857144
E07000178,Oxford,0.10235282372125529,0.10011420875776521,0.0930934477645237,0.09474732322971086,0.09108948007962978,0.09167246220024212,0.10813678177278079,0.1099872348973284,0.11394688338351142,0.10954982056153684
W06000009,Pembrokeshire / Sir Benfro,0.029344359896585192,0.03313436472164697,0.03186220871327254,0.03304637152132832,0.030055550614129425,0.03549667168395888,0.03547401592481818,0.03526448362720403,0.037983436392249124,0.03293070666109143
E07000122,Pendle,0.03202866839331964,0.03310215432036721,0.03478821424205039,0.03222352350677597,0.032793994995829856,0.032513947964425784,0.037664285084237456,0.03796291231333078,0.04112384922702796,0.033425579250094956
S12000048,Perth and Kinross,0.03289751447054818,0.03389738730201706,0.03475671651891453,0.03705096353991808,0.037110651637430804,0.03577780727369259,0.03619457313037723,0.035164254081565205,0.036920039486673245,0.030346915937068
E06000031,Peterborough,0.039055172750288684,0.04041351368732449,0.038302074098454646,0.037738919540350566,0.04068017164367929,0.04055709456883625,0.04736217661904139,0.04752264463467651,0.04668766284813037,0.03950628251063536
E06000026,Plymouth,0.04947211299003465,0.05272285678813086,0.047646485583467395,0.051072503377963395,0.04954741263877943,0.04966934115987879,0.0556771961835253,0.05600532117065755,0.053834414345669594,0.04949037243331469
E06000044,Portsmouth,0.059581469384178784,0.061094244057389946,0.052412057870034355,0.05570643683575518,0.05713932876725342,0.056015187381348586,0.06681321547331849,0.0651596919115152,0.06634559456504037,0.05863283215024314
W06000023,Powys / Powys,0.037754281548947555,0.041183325188888474,0.03844531803051526,0.03998433463626984,0.04158818654411211,0.03868154786643191,0.04375353733539599,0.04306628311702039,0.04338732208253105,0.040908065849808314
E07000123,Preston,0.054507547088979966,0.05943498319758501,0.0550920701132841,0.05867469104476545,0.06022674769875964,0.058479822440311156,0.06281748333875738,0.061839822871567786,0.062234953016383134,0.06242238825643267
E06000038,Reading,0.07435994824223151,0.07609298765904525,0.07799723870105471,0.07391993411036514,0.07264642766587714,0.07103828495215149,0.0785466809750115,0.07947770567942991,0.08298306341945852,0.07483612640875156
E09000026,Redbridge,0.058266849091135234,0.05902854633289416,0.06055738272459754,0.06407965887705758,0.06024609972879354,0.05743575107524027,0.061547127922196264,0.06715636909345812,0.06732149058717916,0.05690019564349698
E06000003,Redcar and Cleveland,0.025716906868692848,0.027501185395922237,0.029275340841730883,0.029244570768752497,0.031140078626112146,0.030296097301765367,0.03616778794897246,0.03652042891206717,0.03705432008749544,0.030722593056810563
E07000236,Redditch,0.02983941744348775,0.030363317701672114,0.03035323353647713,0.031773267853973136,0.03332901050447413,0.03055660022564874,0.03394206844749073,0.034922166398004446,0.03752008538487703,0.03344708302169035
E07000211,Reigate and Banstead,0.056274616079494126,0.058709898978336145,0.05573058583106267,0.061179632922202465,0.056907798656411254,0.05620026981635968,0.06219984561048756,0.06484295160296974,0.06314034474413101,0.05440121144710305
S12000038,Renfrewshire,0.023194046937607328,0.02246127366609294,0.023440105814020357,0.026384663949951214,0.02785288725939505,0.030455294719490707,0.02953118814680767,0.031104111592328027,0.030597431602456728,0.02569819945370422
W06000016,Rhondda Cynon Taf / Rhondda Cynon Taf,0.025024213539955542,0.028355941123542096,0.027408687109914214,0.028146121728704655,0.027538356545256933,0.02919233013825736,0.03120935737076951,0.03190758377718828,0.0320188672988925,0.02755991780810591
E07000124,Ribble Valley,0.046847727431404036,0.050723882928861576,0.04836034417222433,0.052611651320884606,0.05241032826945095,0.05239195433541723,0.06075221833826298,0.058011555688762345,0.060980817238207856,0.059055879792345146
E09000027,Richmond upon Thames,0.06888608040442176,0.0725878573961084,0.07208927581119401,0.07355352662752503,0.06846654715542642,0.06769405749358308,0.07525551921504497,0.075194003169057,0.0772804629858751,0.06547357689726004
E07000166,Richmondshire,0.045827312477715015,0.04954653583110318,0.049613151010260315,0.049439521320911915,0.055797583943688764,0.05018932363204395,0.061397791392763364,0.05826008564345278,0.05916620137725665,0.049821335517010346
E08000005,Rochdale,0.02963256562339274,0.029313932256649067,0.029924058509359516,0.0315012020133724,0.03217708595798688,0.03314536630459903,0.03843741846296101,0.037904373161940175,0.04093304318112332,0.03239306265341435
E07000075,Rochford,0.04161616646466586,0.048524941891650276,0.04541718777916741,0.05136247332240682,0.048114846464456754,0.049995332991086015,0.05208272918140797,0.05518446557294122,0.052215914293562864,0.04515731452634462
E07000125,Rossendale,0.04202606791765242,0.044927705906456714,0.04412064397799063,0.0476962259782357,0.04510357544152813,0.04649863155028874,0.05255453705677539,0.05135764158262219,0.055272656053272154,0.0415220069436667
E07000064,Rother,0.05713718877095526,0.060231702629989566,0.05837863907400912,0.06731622821262315,0.06530603485277706,0.06277802609454483,0.06650736339042286,0.062494772936355275,0.06120940882597835,0.057611977335704535
E08000018,Rotherham,0.025543621661053253,0.02765610005262669,0.026887723758485724,0.03061216648223288,0.029134362221140617,0.02875159264825934,0.03476791646891315,0.035549795784200006,0.0362833492206427,0.029684811158409565
E07000220,Rugby,0.0449570132144563,0.04222508165891319,0.042870191221677685,0.04672978708970917,0.04306160547604231,0.04194090663019631,0.05124588622472966,0.04988152321958319,0.058410979024188736,0.053122458201536375
E07000212,Runnymede,0.07803629768574304,0.08290383253132709,0.07627506197800082,0.07649035825805067,0.0760777484939759,0.07631121917332408,0.08580603577265716,0.08688636363636364,0.09231302558597244,0.08557795565002713
E07000176,Rushcliffe,0.05675607651373508,0.05878766140602582,0.06558320786467098,0.0637171255167561,0.06275273587954269,0.06062447902195054,0.07011448670643815,0.07324659431805627,0.0750855819573097,0.07297226065757396
E07000092,Rushmoor,0.05990207092439112,0.05952154926903361,0.054490658292675215,0.0576301087915319,0.05700565327953261,0.05627998459793321,0.06553116879050691,0.06222278278783292,0.06472584276789395,0.056978185555214174
E06000017,Rutland,0.059950506905085015,0.06086909639853354,0.06385118149824032,0.06457935864934794,0.0688360450563204,0.06238927828699068,0.0773927141916198,0.07113887699322367,0.07228191449395147,0.0635438284415456
E07000167,Ryedale,0.04316574489815582,0.05140249630922024,0.04845798142698819,0.054552679382379655,0.05229505737643441,0.05317391062178571,0.05858849956730681,0.058903860160233065,0.0574936800288913,0.05092667493573496
E08000006,Salford,0.05063820169135176,0.05388147510403214,0.05153891919522026,0.05304319385275256,0.05390193567332556,0.052667851572418295,0.06794996259927108,0.06956542247099148,0.07639645487068933,0.06839819259451002
E08000028,Sandwell,0.038564337533409696,0.0409902167103086,0.04174788203070259,0.041044740727625685,0.03945459274649719,0.03864166803561964,0.047477416579610396,0.047067915376109576,0.04703912315420916,0.040171163559667156
E07000168,Scarborough,0.03669471651262243,0.04076862196536048,0.04117972860703406,0.041571122124417485,0.04031862631720157,0.04023780245384025,0.046221278951739414,0.045100058858151854,0.044346570795443054,0.03937022356695513
S12000026,Scottish Borders,0.03264840182648402,0.03173584241997889,0.032692307692307694,0.034312521922132584,0.033903358765237215,0.03561512267528159,0.03633281168492436,0.037130216014574474,0.03445589126482556,0.02898299201666088
E07000188,Sedgemoor,0.046815583149870776,0.048265226119396556,0.04858609855161315,0.05010129540429896,0.04719454640797063,0.047278421030944824,0.05001718803712616,0.048171282911614044,0.04957054019386579,0.042123681609772694
E08000014,Sefton,0.02717825739408473,0.0307635556139928,0.02957508450024143,0.03222496494508063,0.0317269208176906,0.032264519579557074,0.03579167410202157,0.03840288166857907,0.039115806229875906,0.03283810379885393
E07000169,Selby,0.04454977437849354,0.04788655447214338,0.047365507167846585,0.049064492770549625,0.0494461520617062,0.05052793816567367,0.05852970291396908,0.0610172154512603,0.06360626793202384,0.05179013490081464
E07000111,Sevenoaks,0.05449454274345259,0.058414871115849566,0.05674614377742987,0.059970244420828905,0.059746963991029495,0.05674265404038282,0.05913136675346859,0.060901299327475414,0.06203726708074534,0.057098371324771184
E08000019,Sheffield,0.041661531546553186,0.04291051471802123,0.03883976943907433,0.0418483556151868,0.04314826495097307,0.042207124814911595,0.04994210689369303,0.051656120280306125,0.05086406327743895,0.04657730468047263
S12000027,Shetland Islands,0.026118760757314976,0.024773804394657477,0.025301724137931036,0.026830318690783807,0.026379310344827586,0.02521551724137931,0.021057192374350088,0.022618529795563287,0.02268760907504363,0.022737210319195452
E06000051,Shropshire,0.03596780285762663,0.037199756173479974,0.03679570344727179,0.03996795098689079,0.03867058262097769,0.03856968370696456,0.04703284518630752,0.04593254525812273,0.046689319667260844,0.040111857167002135
E06000039,Slough,0.04188667713715151,0.04343534057255676,0.041535830436245376,0.044575308299847585,0.04598118297977239,0.04671847078572589,0.05070983007098301,0.050177048124899405,0.05231411203766242,0.044552304164410306
E08000029,Solihull,0.040443593611014426,0.0444058809351651,0.0475996939848905,0.04686362836362599,0.04494531242588956,0.04575662452984927,0.05500787629771938,0.05367388057270752,0.055838501853272576,0.04720282131805579
E07000246,Somerset West and Taunton,0.043922200863975525,0.048349105051971354,0.04732702579179656,0.048276189765067645,0.05115656867819762,0.0517268884103055,0.05787061357428031,0.05558083007292059,0.054237178867292006,0.042458869779502126
S12000028,South Ayrshire,0.028102318994512304,0.029702444208289054,0.03153185080180739,0.02901448502621523,0.031094306049822065,0.031386147417089,0.032090876819311324,0.03109729009329187,0.03187993961459906,0.02639557695737471
E07000012,South Cambridgeshire,0.06378718917259513,0.06521278146660835,0.06332513162420297,0.06508775141893129,0.0632541038786184,0.06283168824509679,0.0676813120193995,0.06792831340981088,0.0701444501716053,0.06308109183115398
E07000039,South Derbyshire,0.05174103144919138,0.05568411616319553,0.055009216257684505,0.05782814167386554,0.05602697669736776,0.05443084613776003,0.07128973970796504,0.07235891399423885,0.07851875332133768,0.06745133131231966
E06000025,South Gloucestershire,0.04820493741861763,0.05320951339817351,0.05326992649218631,0.051425492815339084,0.05220257563368765,0.052595625946500794,0.05867890920950302,0.061133439945656017,0.06126071141697621,0.05609139172248937
E07000044,South Hams,0.057812668286203225,0.06049962366940253,0.0588025489823093,0.06198851187303843,0.06082275051245199,0.057807011339793005,0.06763534098898523,0.07056285591677201,0.07059445542733668,0.06451686262024424
E07000140,South Holland,0.03638420635818532,0.03879339552323086,0.04042204879799067,0.04557323360846186,0.041185818401008274,0.04294962551471462,0.04586526609143041,0.04799957437752713,0.04936907355371031,0.04425341915561722
E07000141,South Kesteven,0.046031686859273065,0.04802088572020235,0.05022252803560449,0.052212319013438,0.04959246929170015,0.05013484740951029,0.055004164843077186,0.053266409593029404,0.054225411447508844,0.04825274917088497
E07000031,South Lakeland,0.04012033207023227,0.041914548404543,0.043439228519301494,0.04463724988164366,0.04639801110083256,0.045268044613102694,0.05181123647204302,0.05081697470631003,0.05324109317904994,0.04568895667508698
S12000029,South Lanarkshire,0.02250079643198471,0.02456653835141412,0.02509132492614593,0.025128449096098952,0.027559055118110236,0.026884263639230528,0.027048433227519878,0.027772553444925085,0.029045643153526972,0.023938657190948197
E07000149,South Norfolk,0.057287441262701314,0.05898227594910586,0.05945238953023919,0.061363021376937645,0.06133430895052554,0.05976008724100327,0.0730709893630371,0.07060724403515509,0.07254400908574674,0.0619783875973327
E07000179,South Oxfordshire,0.052222493905646816,0.05619575308350894,0.05722228742444692,0.05928264364220924,0.05843230059995513,0.05793497944752652,0.06277590561434387,0.06470278426236975,0.07112637884792725,0.06404835097578278
E07000126,South Ribble,0.0387796411463533,0.03978935586565014,0.042362615175654345,0.04298178085706954,0.045548616492683595,0.043092176944868166,0.04586956521739131,0.04729161200430664,0.04903058092934253,0.043011720648866644
E07000189,South Somerset,0.043704082954482366,0.046093548743237775,0.045132495152616366,0.04620405984202288,0.045755543471693555,0.04526019960846955,0.049056310400918575,0.04837335652712661,0.04981436930113754,0.041720017072129745
E07000196,South Staffordshire,0.043501541756679404,0.04515736377636177,0.04772350280539869,0.04896646429603932,0.04742033383915023,0.048644904788033065,0.056135490213602646,0.05352014697750745,0.056876801024582875,0.048847991883882565
E08000023,South Tyneside,0.02132771793418104,0.022162887445975013,0.023257224498598232,0.02457394394636944,0.023441866729519513,0.025316031475796613,0.027675437130152785,0.030506105879612683,0.030528030945315813,0.02534853407263801
E06000045,Southampton,0.06495951159537033,0.0716253212532335,0.06186160144752312,0.0623735058197649,0.06544498362148146,0.0647423685082895,0.07247611537531849,0.07006439975316064,0.07075083161729764,0.061418425132082635
E06000033,Southend-on-Sea,0.04406853575404249,0.04568481532460263,0.04461063573844164,0.04924117129289611,0.044712498744657825,0.044677363985692616,0.05004180234093109,0.04870576500441185,0.052101023890784984,0.041226001652322826
E09000028,Southwark,0.08268996976277808,0.08429661941112322,0.08460036897774414,0.0854407597963133,0.0869100034367158,0.08259774430058879,0.09323047939102319,0.09554429230652849,0.10302041840479252,0.08697975420055809
E07000213,Spelthorne,0.053154863748278595,0.054394905775453035,0.050744061373509564,0.054512410532871834,0.054867454454932484,0.052240843945018156,0.05982647296206618,0.05929490406104657,0.063138496053844,0.05644168093478718
E07000240,St Albans,0.05530697779791572,0.057367187994681185,0.0571456454153829,0.05921850035810699,0.05616056037431253,0.053167828600578136,0.057418675005948536,0.05845711222544157,0.06231643898364454,0.056061935345606995
E08000013,St. Helens,0.025615005273509878,0.02795189752674252,0.02751090959647261,0.02989429485696226,0.02904410108563449,0.029992155983863737,0.03575511205536132,0.03545701447939172,0.03695212780684996,0.03405394958447224
E07000197,Stafford,0.04121624202605142,0.04447603265579154,0.041989938174324164,0.0416376359395353,0.0409771592799879,0.04420038305003591,0.051890712653230836,0.05048572269649691,0.05163170163170163,0.04374791452073873
E07000198,Staffordshire Moorlands,0.03464699770597373,0.038431082178961115,0.03849704579025111,0.0403115353952452,0.039464958014916694,0.038502281616688394,0.0443977420402859,0.042104942223848286,0.04424239345761162,0.04086277139402806
E07000243,Stevenage,0.045698956639405555,0.044551070451758934,0.04453928905519177,0.046050259904875976,0.04882246272190716,0.04847339176261672,0.053761725116538824,0.053023224012580625,0.0548807558768285,0.04881730681921366
S12000030,Stirling,0.042045831949518435,0.04564333589715416,0.04765976104351639,0.049377185314685317,0.05283852202951632,0.05042133333333333,0.04758510638297872,0.048446941588041983,0.045642713087782616,0.03985969387755102
E08000007,Stockport,0.033044663251580744,0.03624112825356103,0.03624556846502159,0.03922301213738006,0.03936578882530737,0.0390758433653876,0.044250889037777665,0.04365007283009168,0.04707879068784655,0.03972168308990234
E06000004,Stockton-on-Tees,0.03221703227958962,0.032526871944598856,0.03281239498947956,0.032866481846283616,0.03301422655897667,0.03208340562773655,0.036307745550596224,0.03713244055919235,0.03767456472829722,0.03370496254159934
E06000021,Stoke-on-Trent,0.03442841117888058,0.037619299256981806,0.035488460954299465,0.03728940531407896,0.03558745719892272,0.03666339455725994,0.04407192475467738,0.04127692674518143,0.04127157484154071,0.0380092119927364
E07000221,Stratford-on-Avon,0.05110739588161292,0.04861996456777654,0.048477151080798,0.05153597910969872,0.052263186265701825,0.05245449754752929,0.0667321608281018,0.06947013638501333,0.0689710833371766,0.05991601335327261
E07000082,Stroud,0.045536551284999206,0.04411544260936274,0.04774133609129314,0.05257907247080868,0.05359069655916557,0.049211727049850176,0.05314484043003471,0.05454591283744612,0.056050148377846686,0.05066871789781891
E08000024,Sunderland,0.022329568154578143,0.024118449108658128,0.023557620912097187,0.024466908975294636,0.02443888112191263,0.0244278002358397,0.026340942618368324,0.026750343345937705,0.02871032210439135,0.024535174161226
E07000214,Surrey Heath,0.05738729769154183,0.05966551326412918,0.059643767071407255,0.06250711731614549,0.059512360694688016,0.058869285835071304,0.06584802568579959,0.06752256002880483,0.0713173954425844,0.061129545760279805
E09000029,Sutton,0.05199269580322619,0.05512311604540098,0.052761419297501874,0.05595744465886014,0.05489568219342573,0.054970412736141026,0.06070073754077631,0.060154015401540153,0.06189029265952343,0.05363805745593552
E07000113,Swale,0.0403303893665092,0.04194667402063951,0.04061059494234387,0.04463417576880221,0.04150493103569298,0.044646245782068356,0.04343054248980872,0.04410883455988796,0.04635465945283245,0.04021454822368639
W06000011,Swansea / Abertawe,0.037776874704115365,0.0398104067485175,0.03747480300531428,0.03898060307263265,0.040653526799716073,0.040055305118996,0.04371842919993482,0.04367742406660553,0.04475025608013183,0.039438196323049284
E06000030,Swindon,0.03350833774420745,0.03493804207287725,0.03404227484254397,0.03478385673477136,0.0337019266122509,0.03255101107146125,0.038658940021691485,0.03786554712697526,0.036675322804948854,0.03273944391850359
E08000008,Tameside,0.03000086470938938,0.030667435661055127,0.031222652973316105,0.032252510240330594,0.031678457114222125,0.03378617626362002,0.03822522856161236,0.0390458132213129,0.04102996560600107,0.03432592012046654
E07000199,Tamworth,0.033604265556928276,0.03395369950068089,0.03491750544775345,0.03502440544189428,0.033641126731337866,0.029333852746396574,0.03513792517673501,0.04226766477998904,0.042714091999582766,0.03713051623646961
E07000215,Tandridge,0.05697419990862969,0.06046005595275101,0.0630495414578803,0.06517459573470823,0.06330749354005168,0.0640262576999087,0.06976184748616791,0.06297430739690957,0.06796854610854543,0.05944071739965214
E07000045,Teignbridge,0.048812675523653946,0.05133269890521164,0.050956474842966816,0.057128507753154624,0.056476575409416384,0.053526482292540624,0.06160365802627875,0.05992743368161151,0.0601954339124796,0.04947459622775643
E06000020,Telford and Wrekin,0.03363883211153802,0.035569777904904926,0.03690658317619573,0.0373863154422506,0.040378151994734296,0.03923972669763479,0.04755700696372491,0.046518821815645754,0.047760961668909224,0.04183165859630933
E07000076,Tendring,0.040583216236183745,0.04370100075869793,0.04488733214899631,0.04958866056483493,0.050511319557091476,0.04913744393211164,0.05175356760305449,0.050191011158892476,0.04824612277481731,0.044512157879378095
E07000093,Test Valley,0.050746370974652524,0.051840362703573346,0.05387820377930222,0.054174489923645014,0.056323752389742236,0.056153977675191126,0.06140032430600934,0.061045466529252454,0.06273779327837667,0.05594394595912333
E07000083,Tewkesbury,0.058721997350156194,0.060260704045490686,0.06501191845641166,0.06814844168861744,0.06499516507804945,0.0655346935086649,0.07560997210290926,0.07608073521312325,0.0789947273703154,0.06341074681238616
E07000114,Thanet,0.03877918483355902,0.04379933228680714,0.04144248201649219,0.04511066514589319,0.04269714351103546,0.04048910727980231,0.040017829726115596,0.040318998159626,0.03947238624032919,0.03355766375885422
E07000102,Three Rivers,0.056766870258527544,0.06526733030043692,0.06257955027577429,0.06632421982877658,0.0684989705545933,0.061731192541758385,0.06383782558478428,0.0676661830297168,0.06710028610310427,0.06276738394738522
E06000034,Thurrock,0.03777769353248919,0.04094796574009772,0.039837574780694954,0.04483524801308737,0.0434774753071549,0.0433300876338851,0.052220148596781576,0.05343573395160122,0.05432457081237345,0.04456192923187357
E07000115,Tonbridge and Malling,0.054943965908809365,0.0592067524379251,0.05804125971210756,0.06284966648740198,0.06061425198165035,0.060877420368406585,0.061610197764002145,0.062417629570601034,0.06416048065499837,0.05119520860520023
E06000027,Torbay,0.045474987232550515,0.0478171585031944,0.04701174726363643,0.05164185376395726,0.048657981478574794,0.04730443581387735,0.055343186909876003,0.05222418618353218,0.05306610696882522,0.042997254401033635
W06000020,Torfaen / Tor-faen,0.024498300252220637,0.02777352046066604,0.0259407631181454,0.02684900981987788,0.028278139200366145,0.0275235341435311,0.030954651868551113,0.035035303979623636,0.03480167303455689,0.032278133963219165
E07000046,Torridge,0.05191252559673612,0.05831493461378128,0.05455494648916732,0.05938437638027933,0.06172336831945952,0.06024887350422249,0.0652305333156397,0.06244221710227023,0.0598239266409832,0.05554504576609089
E09000030,Tower Hamlets,0.08151961626798744,0.07983719236488332,0.07749912285831238,0.08131526795879071,0.07665709190410716,0.07375815353738083,0.0837305659103012,0.08476102044349318,0.09107145606552834,0.0784470839144619
E08000009,Trafford,0.04311487465377316,0.04486045167055031,0.046809416631181947,0.04577757307839651,0.04467002897306578,0.044566841723239825,0.05132636638880986,0.05078055590811017,0.053422314349031406,0.04512604228488208
E07000116,Tunbridge Wells,0.05469170296582962,0.05691042868492867,0.052784812307268246,0.05574769362797683,0.05463510848126233,0.05758497575773069,0.05961325077714063,0.05777864367154014,0.0633064923688555,0.05650795786075215
E07000077,Uttlesford,0.061525389844062375,0.060912080198031994,0.06121190130624093,0.06431851164561178,0.061240537527140426,0.06161851452676471,0.06983029971260435,0.06950066719743438,0.07112966127689409,0.058387865328431744
W06000014,Vale of Glamorgan / Bro Morgannwg,0.03523078016087907,0.038118710530874504,0.039737593772560344,0.0385207290112414,0.03751367401156431,0.03987089866631495,0.044165582676562856,0.04498921802292589,0.044427975776085996,0.04069625632876307
E07000180,Vale of White Horse,0.05863435364382932,0.058414147176269256,0.05922411070714268,0.06142624437293875,0.06341378601798726,0.06418816506416485,0.07464165148940385,0.07426046122094936,0.07387855036873102,0.06436081502429121
E08000036,Wakefield,0.025018916592378836,0.027332337064259356,0.028343444081649977,0.0289159532135536,0.03008230120023831,0.03094685755308608,0.036881950761466005,0.03878413392148111,0.03974884586233032,0.035413206216296164
E08000030,Walsall,0.032071355426603936,0.03373159457104458,0.03392473019433362,0.03705650651801718,0.03597941133826301,0.03695044946519558,0.04462962107126733,0.044569444346420684,0.04540104666559244,0.03719359924106084
E09000031,Waltham Forest,0.05112765744469512,0.05468726186484592,0.05512516469038208,0.05626565994899198,0.056422742000435955,0.05530920203338901,0.06327652855665052,0.067455728225515,0.07057111808305926,0.06187621867552538
E09000032,Wandsworth,0.09714991387995191,0.09822712336468528,0.09505862512815763,0.0981689286526651,0.09777542671303412,0.0964114750681966,0.11011053124912995,0.11211306260222866,0.11939868416662369,0.10081125752498218
E06000007,Warrington,0.03243565899886044,0.03407345616918963,0.033933663149172615,0.03481210174133084,0.034300537585246,0.03386561900341192,0.038392209972151224,0.036426195555173776,0.04014018113078176,0.03415521712345449
E07000222,Warwick,0.055011035604344546,0.06059686612773889,0.054417978698772865,0.057459001621913856,0.05498477245073546,0.055553165863730214,0.06894683565959994,0.08009320344740462,0.08004702510556301,0.07172087309966944
E07000103,Watford,0.06555767597321654,0.06757668044376768,0.07353176082210745,0.0707460780927862,0.06609374351309835,0.06380401130703998,0.06968709594000518,0.0703752312255211,0.07277094960497842,0.0646533434068493
E07000216,Waverley,0.0651066905399412,0.06343329428821848,0.06285886482656394,0.0653053283505865,0.06303473079001057,0.06347066047049192,0.06977841772658187,0.06939734097603693,0.07175764676081312,0.06658712348683586
E07000065,Wealden,0.05449252083124184,0.05815292949354518,0.056356650542948215,0.06015289829360343,0.05739524204349767,0.054070127930960304,0.05494491666719097,0.05678788824722959,0.057686948444031584,0.05344951546398088
E07000241,Welwyn Hatfield,0.06988358756220253,0.07915028523835538,0.07149724366041896,0.07472624652118501,0.07866942878489439,0.08010280397001826,0.08524297888349118,0.08044253987909993,0.07834659428004843,0.07031067130507777
E06000037,West Berkshire,0.04802527441160443,0.05152420105491778,0.05163076568117874,0.05203245803885516,0.05159405563317668,0.0519750781959439,0.051857414196740136,0.051915446580077844,0.05314610287156832,0.04597229672167356
E07000047,West Devon,0.062678221973721,0.0612589540882604,0.0569078581749472,0.06370645713339344,0.06034640930608051,0.060428921120894374,0.06895118292396392,0.06627287134418672,0.06572155710086744,0.058087960241543314
S12000039,West Dunbartonshire,0.02124489570687562,0.022481735665264554,0.02304008908685969,0.0238546427377104,0.027123562897644827,0.026285332739817494,0.0244727150987613,0.025805003926848424,0.025750590351962217,0.02082861670817297
E07000127,West Lancashire,0.03996673205745952,0.04554101937589599,0.046836786073946195,0.05090974115964057,0.05167048950054231,0.053307506567251306,0.06280239899544261,0.05962316474914216,0.06327751824051231,0.059836151481274455
E07000142,West Lindsey,0.049187483212463065,0.05718631347558674,0.05818858697447985,0.06186195337498095,0.05996256373846253,0.058954452999371694,0.06510493958024167,0.06486839747441209,0.06588478785788203,0.05595408895265423
S12000040,West Lothian,0.02250998288648032,0.023652065223566842,0.023200499545867392,0.02636568848758465,0.028916269952394286,0.027785488258479988,0.026496056477855606,0.0259141319863841,0.027198252321135992,0.02448047002502448
E06000062,West Northamptonshire,0.04874364375226059,0.05131873469042993,0.04846900006812596,0.050555778933578904,0.05191289023678036,0.05127433552233975,0.0610739969151259,0.058998619900782055,0.06122454018022466,0.04077367708054178
E07000181,West Oxfordshire,0.0492213728874642,0.048719719308723076,0.04806151280744824,0.046126092788750635,0.046156395878794575,0.04357781292529518,0.05325535848296817,0.05398907103825137,0.05646086964380937,0.05300739096977398
E07000245,West Suffolk,0.04382992868014532,0.04384491566939604,0.045055015464908345,0.04381811735913359,0.047094125973106866,0.047021003243022975,0.049746719628670895,0.04803193184295705,0.04975285542740652,0.04430858083947164
E09000033,Westminster,0.08597699264967074,0.08102817146918033,0.07388174305167194,0.07449793170044237,0.07524144391653749,0.06845363551455942,0.07113269824670337,0.0729739468283436,0.07344719249034698,0.06022279209036198
E08000010,Wigan,0.02374246358315363,0.024119972391290708,0.02478659203902317,0.025975198839041588,0.024773153262745002,0.025506450795299295,0.03015247189280764,0.03106216726773141,0.03439399748069445,0.03142613512663586
E06000054,Wiltshire,0.03975594483881101,0.04194886289771321,0.041928607595991756,0.04375722304771339,0.04330309711415043,0.04298106614659516,0.04726001576476233,0.046194866523177745,0.04776170743804298,0.04144662447675918
E07000094,Winchester,0.0758774182502996,0.0793061978081542,0.07198602115308686,0.07420400698312411,0.07794864212134654,0.07550771730300569,0.08658448970366245,0.08588438794802687,0.08797123154918748,0.08286678578518959
E06000040,Windsor and Maidenhead,0.058374340101173,0.06026402821424161,0.05856656503370295,0.06166427079660419,0.06044767563411722,0.06119354127557803,0.06192220594112162,0.0641127589360264,0.06359049543659442,0.056315403277518127
E08000015,Wirral,0.021210804253416583,0.024101951065735715,0.02353509838775065,0.025166172632914777,0.0237923531240286,0.024073913151426374,0.02723391863591866,0.027302117654338175,0.02810707043896658,0.026768536332692022
E07000217,Woking,0.05588332847537013,0.05545255013580012,0.05551515634494506,0.05537889778802393,0.05503287909998415,0.053499768292562686,0.06111995570014536,0.06180869255784989,0.0614725228934549,0.052835773138148946
E06000041,Wokingham,0.06284891863459466,0.06512275147135799,0.06266409388542687,0.061224233756131834,0.06519230769230769,0.06319326494447748,0.06848708934416294,0.0732472511444883,0.07367387607454462,0.06601511972175113
E08000031,Wolverhampton,0.034176232329539084,0.03640730296802562,0.03670522986953136,0.03883514313919052,0.037392299671509095,0.0372494835611607,0.04368166324261521,0.044853592256724986,0.043811252406429295,0.03857310888138363
E07000237,Worcester,0.05158139016406733,0.05507819557928972,0.0540238932674392,0.05605574802211656,0.05446353418824578,0.058335867826974204,0.06674550892350999,0.06275333444563308,0.06302977613562269,0.05284994763875729
E07000229,Worthing,0.05176289072172803,0.0548055287688846,0.05139409658594345,0.05494607920810536,0.055252393747172286,0.0520934404921004,0.057154845300642146,0.05776868893433311,0.0588134213620331,0.05184823936347955
W06000006,Wrexham / Wrecsam,0.029962241800547865,0.02919600289303163,0.02795266603338709,0.029672019006568448,0.027714188660296266,0.028535980148883373,0.030242455982474128,0.029920808662562626,0.029766764491714292,0.026687736577119547
E07000238,Wychavon,0.043997813348822114,0.047292765140901874,0.04850890619480935,0.051921971218345596,0.05379224215136103,0.051224582602481646,0.06204437780152818,0.05911732370032983,0.06147582146747738,0.04999084556467608
E07000128,Wyre,0.04914014040040114,0.05251880640762831,0.055479027799606166,0.057360443486748805,0.05723622952914757,0.055871711423428665,0.057196674696176626,0.05627433174792983,0.05842574336922679,0.05617023534718353
E07000239,Wyre Forest,0.03243309399477807,0.03503012631643337,0.03509591461618921,0.037131688198870694,0.03794214801353427,0.03600747947643665,0.042049347167750585,0.042182026874591834,0.04170163193176096,0.034882686204134906
E06000014,York,0.05954000091008833,0.06397851348168786,0.06282129303904252,0.06622506800750293,0.0641206313416009,0.0629663638121013,0.07551774330692775,0.07687726603555145,0.0775242381942664,0.07083957310484712
