LA Code,Area Name,2011,2012,2013,2014,2015,2016,2017,2018,2019,2020
E92000001,England,0.00193561438004726,0.00198499902670835,0.00193876201673503,0.00201100517708963,0.00195105249526949,0.00194580715117104,0.00212335868958024,0.00213453061174324,0.00217167524819825,0.00196185197638245
N92000002,Northern Ireland,0.00612957596187658,0.006629619759228,0.00645725450545847,0.00638251168977092,0.00606819646137087,0.00580301019742371,0.0054344746781382,0.00543940103345962,0.0054566087913028,0.00610389815933443
S92000003,Scotland,0.00769391875318402,0.00791892502258356,0.00747470765996584,0.00741585010097988,0.00721868602270612,0.00694062575166059,0.00684135820675417,0.00693256836027289,0.00684567935130782,0.00600073179656056
W92000004,Wales,0.0178179869297771,0.0178112578548223,0.0180634516086753,0.0185376237534104,0.0182886179989842,0.0177553282045517,0.0192962611574109,0.0192064629451503,0.019752740273255,0.0167305761698847
,,,,,,,,,,,
E12000001,North East,0.0173348826335742,0.0170700975681173,0.0164332368152004,0.0167168435458939,0.0165950424810989,0.0159569807808498,0.0183984963287326,0.0186010882991103,0.0194004286986117,0.0175170278014133
E12000002,North West,0.0164626760266957,0.0167668153016387,0.0162065452915525,0.0165883315159653,0.0157681105611596,0.0154550945111692,0.017295557410513,0.017712884352956,0.0181924035266188,0.0164162500597221
E12000003,Yorkshire and The Humber,0.0203253954266584,0.0203549175393091,0.0200264521519538,0.020583692482832,0.0198982934063249,0.0191981376385389,0.0226726701931881,0.0226596211595158,0.0234826049293045,0.0213732391180436
E12000004,East Midlands,0.0238847916273641,0.0245129053430121,0.0237801149406291,0.0246598879666466,0.0238272126223296,0.0232232683439885,0.0274874645459259,0.027875072151176,0.0292731819001441,0.0271665286564837
E12000005,West Midlands,0.0194784250874584,0.0197133921803911,0.018897697457106,0.0196209323316482,0.0192944192143502,0.0188005967536505,0.022119519388961,0.0225394809513423,0.0235342314178358,0.0213722773283613
E12000006,East,0.022300013407437,0.0231390094742321,0.0221696006709752,0.0231418006564461,0.0235944219606088,0.023145192408882,0.0271796787254849,0.0272822386068276,0.0277322006545146,0.0244973769217284
E12000007,London,0.0294929298363672,0.0307072003974565,0.0298901402299839,0.0319784837291809,0.0326604691626678,0.0332543146774578,0.038075123164292,0.0382242819749843,0.0389747186701524,0.035577164890417
E12000008,South East,0.0240858895818964,0.0248038723070265,0.0236267896593191,0.0250538511078143,0.025031197650075,0.0249267276218732,0.028846387855729,0.0288619250297664,0.0296940077678596,0.0260408049459357
E12000009,South West,0.0221769001879139,0.0225256328071466,0.0215365224774448,0.022173305517438,0.0214728388901987,0.0211503663331323,0.0244164929642424,0.0250543998957094,0.0258374852614257,0.0232247179475762
,,,,,,,,,,,
E10000003,Cambridgeshire,0.0455928858836082,,0.0450790087101975,0.0463643720107181,0.0470192853268155,0.0471876818058411,0.0529204596467033,0.0534151365655536,0.0547268173033815,0.0487991552090371
E10000006,Cumbria,0.0231604767344848,,0.0232277296443925,0.024134388493828,0.0229912491651306,0.0230917434687335,0.0244454477050414,0.023911178460897,0.0247194067342384,0.0210472186817826
E10000007,Derbyshire,0.0290052524497592,,0.0290134798793262,0.0307682647728933,0.0300785869168235,0.0294343450264003,0.0343221804976476,0.0345064071484735,0.0347467403518651,0.0309099671326081
E10000008,Devon,0.0360621578715784,,0.0348924043117438,0.0364338003562172,0.0346657068950785,0.0346134142066764,0.0391007798813727,0.0396021054061055,0.0403365010126188,0.03521085065547
E10000011,East Sussex,0.0305286897606073,,0.0301979420606314,0.0316649491307171,0.0306667082552782,0.0306246667770586,0.0338011693788603,0.0338069564903803,0.0336683840934338,0.0303049823566884
E10000012,Essex,0.0289324279911413,,0.0286936475554389,0.0297812991442019,0.0310940876191689,0.0300793601799837,0.0346286585336782,0.0348282946397395,0.0352104400448835,0.0314189398962049
E10000013,Gloucestershire,0.0330776597931769,,0.0326837294272385,0.0328996516488241,0.0320698528161522,0.0319213473408507,0.0368182838511858,0.0366438431840494,0.037890655657934,0.0337891204245688
E11000001,Greater Manchester (Met County),0.0249327284792577,,0.0250293708808906,0.0255827301553813,0.0248001373992971,0.0247662220534485,0.0285979807767546,0.0292892369929413,0.0302695714546674,0.0276527708242782
E10000014,Hampshire,0.0340294890471198,,0.0338641078064141,0.0352964189364913,0.0357282346126807,0.035354108810837,0.0402720306289796,0.0391574318688441,0.0398953521845991,0.0340251913683068
E10000015,Hertfordshire,0.0370933289516924,,0.0384309207815412,0.0410918432327293,0.0420335149124885,0.0421553809718919,0.0490222146199534,0.0491731856311188,0.0494939551196744,0.0426881285168508
E10000016,Kent,0.0288503108834436,,0.0293105549877638,0.0308891334465425,0.0311647298273259,0.029949274167477,0.0331119310243684,0.0328670432602353,0.0341195848389718,0.0299498381744645
E10000017,Lancashire,0.0304560252245301,,0.0319864177146668,0.0330837430925795,0.0315314898538534,0.0311715232663386,0.0339483548348179,0.0334820045072406,0.0346368541046517,0.0309182153346655
E10000018,Leicestershire,0.0379265916130588,,0.0384087563188721,0.0402395744897867,0.0386317399504017,0.0379783854005931,0.0422174636198733,0.0448123070225186,0.0463071138772649,0.04106663301009
E10000019,Lincolnshire,0.0324440937479014,,0.0330258666736598,0.0345040074547129,0.0340815081033431,0.0328700838199221,0.038099181145172,0.0372463229311237,0.0382029468329953,0.0346898802478818
E11000002,Merseyside (Met County),0.0227880095888526,,0.0232101447761506,0.0235040343066762,0.0226554673653387,0.0224511127409817,0.0262100118222081,0.0272116874492732,0.0286738326188362,0.0268571301078747
E10000020,Norfolk,0.0258544656549837,,0.0258061625010341,0.0271806771918467,0.0261848571570662,0.0252744381433414,0.0290864769198232,0.0292692103399433,0.0311745395258659,0.0270338574174625
E10000023,North Yorkshire,0.0345405734473708,,0.03583122217739,0.0378995584806443,0.0370121630251297,0.035910804576581,0.0417668765419786,0.0401575251625292,0.0410837887951538,0.0353893749697878
E10000024,Nottinghamshire,0.0333949333753603,,0.0334181709970707,0.0357989361489791,0.0350587993058941,0.0345416971150351,0.0383370565054026,0.0380257700522156,0.0398141082605672,0.0356393324989771
E10000025,Oxfordshire,0.0491103268065688,,0.0470633947692614,0.049241309456405,0.0497632090737689,0.0487645987230355,0.0549949885997972,0.0551820736439746,0.0572327435022923,0.0504620594650442
E10000027,Somerset,0.0326403690124365,,0.0321823281386407,0.0340296899869606,0.0332079214443351,0.0324818749251967,0.0360521978764218,0.0356221587811205,0.0361154342122816,0.0313079164531055
E11000003,South Yorkshire (Met County),0.0259561469111962,,0.0261549333097783,0.0266542126129503,0.0263177983753763,0.0256053610006547,0.0304733950747966,0.0303702711063655,0.032017998325077,0.0288349419880796
E10000028,Staffordshire,0.0312001939859643,,0.0314575584387696,0.0332538639561794,0.0323870345153949,0.0316182495989289,0.0372945195647805,0.0354345598073168,0.0371663104279412,0.0319711222728981
E10000029,Suffolk,0.0410089668594626,0.044355774138171,0.0418662107729356,0.0443785109474895,0.0444984446340544,0.0443478550271242,0.048635495351252,0.0473504922510665,0.030866224469692,0.0277636926827859
E10000030,Surrey,0.0431217394904027,,0.043474079311277,0.0469978824752275,0.0470307459514049,0.0469297755377846,0.0534294085737113,0.0542660349229453,0.0549005380209256,0.0492203322026553
E11000007,Tyne and Wear (Met County),0.0266859033402437,,0.026439946106229,0.0269749725238336,0.0271614722080175,0.0264981796261953,0.0303309848805441,0.0306678012726478,0.0322330260392529,0.0294089431234651
E10000031,Warwickshire,0.0383548560617981,,0.0393709384787004,0.0401773916191511,0.0387856342564406,0.0382617967015569,0.0445779205826818,0.0447697938740127,0.0456990689232143,0.0396206829214815
E11000005,West Midlands (Met County),0.0260908635987521,,0.0262852237420073,0.0270078203322937,0.0269939213050672,0.0265844431957488,0.03215714752651,0.0337086973308033,0.0355590672924054,0.0327011521034366
E10000032,West Sussex,0.0312355130736205,,0.0308041898558826,0.0329844722291791,0.0325285471512477,0.0319581810109483,0.036156381217641,0.035660393176007,0.0366189032153522,0.031425657102353
E11000006,West Yorkshire (Met County),0.026388958103522,,0.0264528730443375,0.0270369451713867,0.026023401568885,0.0255374124464875,0.0298634394363328,0.0302825515232647,0.0309418903316614,0.0281229812790616
E10000034,Worcestershire,0.0290879823212845,,0.029264092851542,0.0316427456583674,0.0311510232277005,0.0301152888390738,0.0342930468922617,0.0344105381745339,0.0350159285380993,0.0299948166602572
,,,,,,,,,,,
,,,,,,,,,,,
S12000033,Aberdeen City,0.0420300278701789,0.0422079943088346,0.0442286519575461,0.0461165472654202,0.0502452789233775,0.0504307344239471,0.0483347902097902,0.0448672877482862,0.0416757773210303,0.0354928839605344
S12000034,Aberdeenshire,0.0265602207766608,0.0266982313351072,0.0272607363153199,0.0282616205427398,0.0293098182928691,0.0299363057324841,0.0281245225362872,0.0271159215206333,0.0271046284598599,0.022010890405706
E07000223,Adur,0.0493201160856947,0.0498305631757302,0.0500279530388947,0.0510068599247621,0.0539621572269622,0.0522468996086198,0.0569670909119443,0.0581502763468976,0.0548514019999689,0.0500568650972938
E07000026,Allerdale,0.0262224710712953,0.0297915216736436,0.0272154068287819,0.0281771847677454,0.0285873744263922,0.0265090268694837,0.0295742338987584,0.0305146267187548,0.0308916643651354,0.0247774222894584
E07000032,Amber Valley,0.036630455187274,0.0384045342758025,0.0369198653634539,0.0390568319226119,0.0403098528038136,0.0377477925033253,0.0414224213251998,0.042730387281138,0.0420454634131115,0.0389819062478169
S12000041,Angus,0.0276333907056799,0.0285148855618654,0.0298047983489552,0.0280280966249786,0.029666381522669,0.0306385169927909,0.0291537667698658,0.0295587728369528,0.0282271944922547,0.0237437402866517
N09000001,Antrim and Newtownabbey,0.0301404245191163,0.035923453365623,0.0334107327141383,0.0345298143834931,0.0321000662077214,0.0327230699415735,0.0313062379584607,0.032029868343486,0.0299364477645222,0.0275536325440329
N09000011,Ards and North Down,0.020994883492733,0.0231100566491369,0.023763004313626,0.0237635423064503,0.021278739522787,0.0228518794683977,0.0214243775687391,0.0220496817187189,0.0217282423867677,0.0194253838179395
S12000035,Argyll and Bute,0.0351512425503205,0.0411805315843977,0.0398409994321408,0.0409241300627496,0.0432961215329727,0.0408929186273385,0.0427600506854049,0.0438210062601438,0.042156748573425,0.0345311951305162
N09000002,"Armagh City, Banbridge and Craigavon",0.0204944632497579,0.0230140614037688,0.0221342088860751,0.0222885504421251,0.0186528198193429,0.0223390088461904,0.0237425553804189,0.0230136858330609,0.0234314655072732,0.0214563231936363
E07000224,Arun,0.0379478142459499,0.0387843437409274,0.0381470855417514,0.0389969803366246,0.0387488927970834,0.0382930566416805,0.0419395299293444,0.042877611417345,0.0429154381119447,0.0381944228943106
E07000170,Ashfield,0.0364953732367263,0.0411172161172161,0.0385203955704013,0.0420932321005796,0.0407438277349345,0.042019708785428,0.0457896071779588,0.0458903193840395,0.0487421629481387,0.0432065577347141
E07000105,Ashford,0.0402432329715806,0.0413059403303143,0.0420761973636633,0.045900015427212,0.0469338234701363,0.0434492456562671,0.0452139546919476,0.042976152721591,0.0473960255937,0.0407501259368942
E07000200,Babergh,0.048110942992685,0.0496094814276633,0.044890873015873,0.0488184044825697,0.0488542825361513,0.0494626038781163,0.052095953477102,0.0517718624522708,0.0515450475900735,0.0429934760338599
E09000002,Barking and Dagenham,0.0614182827262082,0.0657023124570577,0.0648178603733246,0.0707072741001762,0.0694186636205632,0.0685121672382819,0.0808548201090593,0.0867979886602704,0.0895512573624041,0.0741545115292821
E09000003,Barnet,0.0595628996078739,0.059407274236689,0.0608089578904212,0.0638617239026609,0.0663554905511936,0.0639102434156154,0.0744836940405309,0.0716172795430204,0.0730191048048723,0.0643497482500307
E08000016,Barnsley,0.0246134604187782,0.0254104602116683,0.0253338478696923,0.0262763109790689,0.0266869567030081,0.025975099959892,0.030315483210803,0.0290417171358774,0.0308142879132809,0.0267624994457232
E07000027,Barrow-in-Furness,0.0249218025949954,0.0291656321654423,0.0284532501177579,0.0266198409302188,0.0276759855783439,0.0265651839128117,0.0308797448546178,0.0260809985551931,0.0277409059046369,0.024623085453946
E07000066,Basildon,0.0386864108909476,0.0388924764073457,0.0374514000156865,0.0405477207819522,0.0436930822034504,0.0428801532366897,0.0499406436504968,0.0486436173074647,0.0512769833172186,0.0447808144680579
E07000084,Basingstoke and Deane,0.0404983684366657,0.0416366416507022,0.0412554489973845,0.0439627625826249,0.0436101869909373,0.0425907114241037,0.0517916925691668,0.048950372448486,0.0495067447418197,0.0413591359135914
E07000171,Bassetlaw,0.0342734263692114,0.0364110036649446,0.0350471399423063,0.0376697941464781,0.0343712125835956,0.0347967225636218,0.0378490851561425,0.0388568885389296,0.0389497611932674,0.0337166046668921
E06000022,Bath and North East Somerset,0.0635930681675763,0.0661414478882142,0.0654073331104424,0.0687041011691615,0.065582488184191,0.0670781937029945,0.078191416063346,0.0790813405099268,0.086645419645906,0.0784693186390096
E06000055,Bedford,0.0406931069437405,0.045196995651601,0.0425185542824955,0.0440002682943189,0.0438825311342982,0.0432428590045849,0.052474221950186,0.0493756664316554,0.0496503012256769,0.0440731136260855
N09000003,Belfast,0.039787957291963,0.0445080578029836,0.0416222813032438,0.0443992518481133,0.0459447577063914,0.0485954667396983,0.0485538769031803,0.0504596682432571,0.0507739956104348,0.0495183325548809
E09000004,Bexley,0.0426164434172201,0.0484746572886969,0.0447182622795757,0.0456427904806346,0.0492683188454826,0.0480017952222608,0.0569144008711056,0.0581861860890244,0.0600756382734497,0.050140191976767
E08000025,Birmingham,0.0405433205216875,0.0419305969970457,0.0425631071516861,0.0432483811021306,0.0426074846129655,0.0423410813268952,0.0516777868357249,0.0531727549427269,0.0556490713039579,0.0521417768133097
E07000129,Blaby,0.0466366379127183,0.0506722475900558,0.0503128121549866,0.0502420802203765,0.0511414294304257,0.0484204915848384,0.0545581296664882,0.0543511815257765,0.0553454287571657,0.0505345757724375
E06000008,Blackburn with Darwen,0.037593883121017,0.0392075966832145,0.0390557852777759,0.0410742388885874,0.03808435234282,0.0380770836981854,0.0404780469443175,0.0419022169703643,0.0423658614792646,0.0374858361661001
E06000009,Blackpool,0.0545045045045045,0.0580130529369108,0.0587981893038989,0.0630881914576502,0.0587962500535095,0.0571212218626548,0.0571316222206334,0.056710096550734,0.0556702953114467,0.0519146414608942
W06000019,Blaenau Gwent / Blaenau Gwent,0.0240646307225119,0.0251840815975704,0.0255862622556046,0.0269622270397542,0.0262124893956605,0.0266695389918139,0.0263471677512965,0.0268672987821497,0.0277690303741662,0.0218366181091117
E07000033,Bolsover,0.0436280892817215,0.0417887029288703,0.0439341443717925,0.0438683948155533,0.0426222775517538,0.0470949185043145,0.0513160889023743,0.0537533006412674,0.0513269283284923,0.0461103253182461
E08000001,Bolton,0.0309669090069817,0.0323522667010649,0.0315801492127263,0.0349160220522245,0.0338646266517167,0.0332585632864963,0.0378037519354805,0.0394993201855823,0.0394470526864893,0.0353688490466543
E07000136,Boston,0.0435657355103304,0.04624161591242,0.0402394008901581,0.0443314172209348,0.0462348226568575,0.0438789525764669,0.0455116224740101,0.0444309892454517,0.0455730836646573,0.0404731990344029
E06000058,"Bournemouth, Christchurch and Poole",0.0457594197780419,0.0495391705069124,0.047705216808852,0.0487153605693716,0.0487529707922198,0.0468491836480893,0.0549744968885699,0.0587820629434237,0.0575998340631016,0.051641229353962
E06000036,Bracknell Forest,0.0514705882352941,0.0531501707374293,0.0539285928798813,0.0540606964583845,0.0543433580806174,0.0573791029817089,0.0587238425945156,0.0564367664946251,0.0585153693624591,0.0493456288003866
E08000032,Bradford,0.0315552029668429,0.0334276658797146,0.0331257035076511,0.033643120210324,0.0324092858935719,0.0320784017696357,0.0361480927449514,0.0366157643813073,0.0370894593312782,0.0324480565475312
E07000067,Braintree,0.0403622706997302,0.0426015164279697,0.0424337914850821,0.0451238039393374,0.04643592639341,0.0453207963870319,0.0493878439051405,0.0493200757450795,0.0483014861995754,0.0429352476631546
E07000143,Breckland,0.0412948728713295,0.0428266986204752,0.0429640212038047,0.0447921243307245,0.0442895252693481,0.0414518352136403,0.0467237125005411,0.0471402220643226,0.0472322245084591,0.0385827050369898
E09000005,Brent,0.0678954026485612,0.0693340284113124,0.0701361033325765,0.0759916401385813,0.0783260110745943,0.079717670413293,0.0879788029243213,0.0913163741894527,0.0966792107250183,0.089784075202973
E07000068,Brentwood,0.048076271989816,0.0514283402120256,0.0493349747103059,0.0506230734778829,0.0540031150609269,0.054110383097344,0.0624877571008815,0.0610581319399086,0.062151880655925,0.0529116283887005
W06000013,Bridgend / Pen-y-bont ar Ogwr,0.0249264758625637,0.026593879901838,0.0253600500939261,0.0263435418686786,0.025678515946267,0.0265187437241995,0.027763916611222,0.0279894530495044,0.0237879890376677,0.0220822968842137
E06000043,Brighton and Hove,0.0663523256836367,0.071651361506434,0.0684914259814167,0.0715446285408872,0.0705100449532339,0.0706473101579884,0.0785445333240791,0.0778835723755574,0.0827165374632587,0.0761779404808424
E06000023,"Bristol, City of",0.0582562827922275,0.062527277891572,0.0609599759116395,0.062808844703926,0.0622337120539677,0.062241482917586,0.0732168831055717,0.0757393640552001,0.08007950329861,0.0714411440199542
E07000144,Broadland,0.0446127946127946,0.0464077716440446,0.045283229348441,0.0471752040395059,0.0445643074881936,0.043280325269619,0.0503131442797682,0.0495659024902676,0.0487295749447558,0.0421659807020336
E09000006,Bromley,0.0459952214429697,0.048481239591261,0.0471073367131098,0.0527701942152101,0.0517517514440383,0.05442029427926,0.0578673977127487,0.0582187643462923,0.0598310143950701,0.0540733038419003
E07000234,Bromsgrove,0.0427815473904323,0.043953712837157,0.0429825116553805,0.0484825008637025,0.0493423799582464,0.0463470083703627,0.0534254154968543,0.0537592994263242,0.0514612388742604,0.0426274498105778
E07000095,Broxbourne,0.0454205886747348,0.0471695121306623,0.048177316075578,0.0512954286966412,0.0546147376727477,0.0514135898679824,0.0623488559558504,0.0615219455799166,0.062161412021094,0.0526375112714157
E07000172,Broxtowe,0.0569845738913339,0.0599630996309963,0.060390539895748,0.0646887944483297,0.0642989350572709,0.0626493988369189,0.0681878670664845,0.0693904936789321,0.0716634658388361,0.0654470587208947
E06000060,Buckinghamshire,0.0400809396900602,,0.0422106829242745,0.0440007679017086,0.0433606392545066,0.0428529085124265,0.0511160289447266,0.0501074882559128,0.0504767699867457,0.0450718385551859
E07000117,Burnley,0.0382502987406931,0.0410719821795593,0.042451254765113,0.0422162075372159,0.0405445669363526,0.0405047087866874,0.044353229576421,0.040699447626148,0.0451866846603689,0.0384692872492837
E08000002,Bury,0.0374874610348287,0.0398119795863551,0.0392346139820237,0.0394848547950472,0.0412220163162715,0.0396704561731113,0.0435853354989769,0.0451532812927389,0.0477145400282737,0.0401923359271766
W06000018,Caerphilly / Caerffili,0.0238334955420568,0.0259197604656619,0.0256597667801149,0.0253983427164556,0.0264364371031482,0.0264999750627587,0.0259243895019221,0.0281738381053923,0.0275355515670302,0.0223847334797035
E08000033,Calderdale,0.030866434833717,0.0331968810916179,0.0330801024566306,0.0334280001159185,0.0329448785557566,0.0325825445187952,0.0394549638584128,0.0388134157138641,0.0390532264548013,0.0354475758965943
E07000008,Cambridge,0.111501324098594,0.107935498079135,0.107759461568474,0.111318543661858,0.114855521362056,0.119773739318811,0.130364476180565,0.136015203804132,0.144793987083126,0.133852538320686
E09000007,Camden,0.0995379100083149,0.100965708668247,0.0954070963095372,0.100694003101406,0.0971427634034211,0.0941235019786324,0.0991944300819779,0.0994028052138232,0.100122579426654,0.0887391061692354
E07000192,Cannock Chase,0.0348834826094977,0.035636972593228,0.0372352353576744,0.0369614650586754,0.0367854604528379,0.0384111741597556,0.0414220285293465,0.0390873947397337,0.0425458009964074,0.0350794213866225
E07000106,Canterbury,0.0696613545816733,0.0716733127533073,0.0711948419075648,0.0748134280838491,0.0729661850272136,0.0705222089574282,0.0817184643510055,0.0850364320310174,0.0872824890866658,0.0753169187224907
W06000015,Cardiff / Caerdydd,0.0544027651530503,0.0558952065243574,0.0575017180374049,0.0594709000673564,0.0587027547161367,0.058197293226421,0.0631636692432379,0.0640607498188048,0.0654450903917384,0.0621827617401856
E07000028,Carlisle,0.0329565015119795,0.0333379661802178,0.0331043040225202,0.0361746823494572,0.0334662239036528,0.0326235376609957,0.0357518887267488,0.0358068772085213,0.0355913800401185,0.0305278095167889
W06000010,Carmarthenshire / Sir Gaerfyrddin,0.0282451171715744,0.0325553891890719,0.0318461680087075,0.0328597379006098,0.031136806533979,0.0327314620411943,0.0324319395876687,0.0302396997355626,0.0313554518437684,0.0255007286674067
E07000069,Castle Point,0.040323314083034,0.0407281878053481,0.0388513894846152,0.0427501349649091,0.040825708647291,0.0402442285408682,0.0462734094907253,0.0463195292550239,0.0441046295476675,0.0393486810127701
N09000004,Causeway Coast and Glens,0.0277629926121484,0.0284938557913939,0.0318774303276664,0.0316648278672973,0.0302833431134211,0.0326005922313186,0.0328376876042246,0.0324515064542518,0.0298126182355459,0.0293701662032661
E06000056,Central Bedfordshire,0.0438226596360564,0.0463536871463186,0.0451604098668274,0.0483150765738521,0.0463290274978801,0.0460663966089813,0.0530121772667214,0.052558831618513,0.0505390648817937,0.0413028398890158
W06000008,Ceredigion / Ceredigeon,0.0735526542972122,0.0763709634936522,0.0796949425378353,0.0808699240014375,0.0802037433803614,0.0765763931310663,0.0816136624883683,0.077159140727751,0.0783410138248848,0.0641744975649908
E07000130,Charnwood,0.0608707709373267,0.0597434222248619,0.0595142152912179,0.060939564642882,0.0571169227080443,0.0592576305968046,0.0685914173416044,0.0719217270850786,0.0746888636595983,0.0679772418478261
E07000070,Chelmsford,0.0444237377664089,0.0459147828243171,0.0442191050489986,0.0472230316452008,0.0479622971415999,0.0472051757492953,0.0530778573617717,0.0529198832159658,0.0565677063479606,0.049440542693081
E07000078,Cheltenham,0.062622681482122,0.0637870719812508,0.0650412823435935,0.0642126156780863,0.0649529984904625,0.0623459054573995,0.0762157639505498,0.0757366128619011,0.0783278592677936,0.0705772860060495
E07000177,Cherwell,0.0476478362342885,0.0504561482061902,0.048441823921236,0.0511555494049267,0.0516509336741003,0.0501926552323797,0.0568894730423707,0.0549808596080745,0.0543577204441107,0.0458490839403079
E06000049,Cheshire East,0.0343101290406111,0.0365215383086768,0.0354927266585524,0.0359257459837803,0.0368357455778475,0.0362758843687964,0.0396889501274924,0.0389427243362483,0.0382739124096712,0.0324232479109932
E06000050,Cheshire West and Chester,0.0371624697292475,0.0389523474974563,0.0374060996348193,0.0407948909327298,0.0392185633135599,0.0387282410551525,0.0422532294237039,0.0441788888170995,0.044568034022112,0.0394505312326401
E07000034,Chesterfield,0.0338960188075693,0.0343777700697576,0.0325178252262987,0.0338729620151249,0.0336578501478993,0.0343356262018426,0.0432687250786487,0.0422735787743243,0.0426215443279314,0.0380444105594206
E07000225,Chichester,0.0553533049695162,0.057859511396966,0.0566321243523316,0.0612501182683789,0.0576563879644094,0.055890870933893,0.0651956869009585,0.0657556935817805,0.0662021481230754,0.0579879514106067
E07000118,Chorley,0.0364156853268396,0.0374787989915196,0.0374374609837964,0.0384239807208192,0.0397032656710604,0.0390404844835734,0.0403897315413053,0.041542188476387,0.043285172903837,0.0369984016152099
S12000036,City of Edinburgh,0.0391555425367201,0.0406584754366699,0.0400812374348665,0.0425387223158279,0.0432509372306089,0.0415087643196561,0.0410981859277878,0.0412921890067502,0.0425580553597623,0.0379629278647511
E09000001,City of London,0.115623313545602,0.135208711433757,0.136129995025701,0.12510180811207,0.120981007925826,0.111647805685896,0.103475307029004,0.116126809097174,0.0998868429173953,0.0836533187054306
S12000005,Clackmannanshire,0.0278640776699029,0.0306747269890796,0.0302847113884555,0.0324477436999414,0.0314641744548287,0.0321518987341772,0.0314868804664723,0.0317120622568093,0.0289095847885138,0.0255410411386235
E07000071,Colchester,0.0492702201435368,0.0489315208445668,0.0504064766591945,0.0514883435650622,0.0508717471716888,0.0517286404843498,0.0593272943429179,0.0613381258343159,0.0612770022495455,0.0579868154158215
W06000003,Conwy / Conwy,0.0349444184312297,0.0375498688913313,0.0351559803989233,0.0354062875794537,0.0360927436668098,0.0356702619414484,0.0369749193500081,0.0358761232623036,0.0371406875250634,0.0285317809517363
E07000029,Copeland,0.0263355374007108,0.0276920451151346,0.027322560383715,0.0277960667563622,0.0271495809895534,0.0300551178830116,0.0288255761475637,0.027914182158307,0.0297434844462696,0.0246909951352861
E06000052,Cornwall,0.030376948441247,0.0323604874323965,0.0313343350475691,0.0323118317975093,0.0308096016049923,0.0296870411507287,0.0330400517325229,0.0342863907500071,0.0344904473136252,0.0309611563948306
E07000079,Cotswold,0.056804520317384,0.0588108676934851,0.0572116868013196,0.0626354215732454,0.0614041240005611,0.0604498322128169,0.065616108057457,0.061232054997641,0.0646324364024838,0.0594256846583356
E06000047,County Durham,0.030247917129635,0.0312759474274736,0.0304250828127453,0.0313617595971969,0.0307386005888163,0.0305399251786207,0.0359430319557272,0.0368382101787544,0.0391194769229608,0.0360518354156155
E08000026,Coventry,0.049148825394822,0.0539032074020787,0.0495306357959095,0.0512688870448752,0.0498216609350311,0.0496666336367368,0.0586951511735421,0.0637158008097387,0.068857480465438,0.0625350894996402
E07000163,Craven,0.0409852323337961,0.0443847761839544,0.0439975536928446,0.0447354260089686,0.0461791996560742,0.041637825461903,0.0508621298848138,0.0507108671171171,0.0518357775366631,0.0448044926575744
E07000226,Crawley,0.0382333984101333,0.042149417003899,0.0448542031885308,0.0450880099022517,0.0458214218077863,0.0473974862388611,0.0506609113053446,0.0488759248719408,0.0540704036153689,0.0454060493980831
E09000008,Croydon,0.0503022079684224,0.0547036883547451,0.0530554455233548,0.0592590824588342,0.0604099244875944,0.061199944690987,0.0688343376546434,0.0707494044313422,0.0712213286442037,0.0625741514246081
E07000096,Dacorum,0.0420239783066525,0.0451447576468022,0.0445449940908323,0.0490385580042136,0.0489379025478424,0.0508839253501263,0.0564324662787967,0.0536880995592429,0.0560663724533642,0.0481419299227439
E06000005,Darlington,0.0351189574177906,0.0373733448337962,0.0345515767171746,0.0354940166419525,0.0356516160682277,0.0343468733247435,0.0390420040057548,0.0391494472908808,0.040457665046862,0.0343941453604216
E07000107,Dartford,0.0484201467152986,0.055012088901478,0.0516539009352683,0.0556219978433487,0.0563019771855773,0.0567082393903936,0.0600096729789055,0.0624652489768387,0.0621902918139353,0.0554839501626465
W06000004,Denbighshire / Sir Ddinbych,0.043324566914043,0.0470160441453223,0.0426373812395523,0.0459841622995245,0.0450356404740816,0.0442285016423819,0.042034909992749,0.0425049826917025,0.0428335562614947,0.034956136721013
E06000015,Derby,0.0411901519624974,0.0445482915772083,0.0453062328897944,0.0475599751102797,0.0456011816838996,0.0428059000089773,0.0540512150143561,0.0554177327412569,0.0575743678634445,0.0540274284112237
E07000035,Derbyshire Dales,0.0411369261926193,0.0365337741293811,0.0385305161688057,0.0404368524222907,0.0402098147291062,0.0400548428165704,0.0478503528232822,0.0484043513900274,0.0496232284825441,0.0424870895584215
N09000005,Derry City and Strabane,0.0195153551835132,0.0212556940902576,0.0233798912750955,0.024129009772249,0.020686010182441,0.0255891089768353,0.0265918921971867,0.0267389616336716,0.0264072869569816,0.0262062484696477
E08000017,Doncaster,0.0265614874961979,0.0283573220652317,0.0266947213139585,0.0285054435311664,0.0272311257757876,0.0264563691138483,0.0300220107464233,0.0301601715709952,0.0315079034274905,0.0276739613472513
E06000059,Dorset,0.0404212114338188,0.0412763035267573,0.0410277977506749,0.0427974072019162,0.0414545415406473,0.0411826793253467,0.0456604568445358,0.0451572975212758,0.0442342037684805,0.0375943611091363
E07000108,Dover,0.0347124008664674,0.0402243331723287,0.0387056627255756,0.0370988242770893,0.0388819350175414,0.0341881087874873,0.0354222256763642,0.0368815669108909,0.0377123701653249,0.033396898256746
E08000027,Dudley,0.0287843044617747,0.0313103932136365,0.0293519788011719,0.0303339426522162,0.0297346766519879,0.0292828396702335,0.0352452421427655,0.0352092469107309,0.036831925770221,0.0297583779776215
S12000006,Dumfries and Galloway,0.0216762433128591,0.0227989923097322,0.0229704551503859,0.0215657508668978,0.0216810316028596,0.0211476725521669,0.0223056300268097,0.0215068216950064,0.0208921133951364,0.0175332119495583
S12000042,Dundee City,0.0359239130434783,0.0368317769657599,0.0385415259959487,0.0394788361574293,0.0411105863302071,0.0408578943818709,0.0376504606280681,0.0391260504201681,0.0390436646129119,0.0355462975406531
E09000009,Ealing,0.0722605020718273,0.07415112302105,0.0720941924772294,0.0777528666431485,0.0769798277589788,0.0783812158862188,0.0907754073105831,0.0935721763133732,0.094372246244946,0.083245921002759
S12000008,East Ayrshire,0.0236042057217377,0.0237024362421576,0.0244139508290452,0.0251453369360517,0.0254710797968212,0.0252291325695581,0.0257257667705429,0.0242941562705187,0.0236865830669617,0.0200657894736842
E07000009,East Cambridgeshire,0.0450709240904505,0.0493780802628491,0.0470666263293849,0.0491010396921133,0.0497704566943486,0.0480785585503861,0.0534673298971393,0.0520131599561335,0.051280053428317,0.043516834494078
E07000040,East Devon,0.0407737559277268,0.041768950383099,0.042429986819306,0.0424998901243792,0.0424700101170689,0.0416907272351377,0.0468491898921028,0.0454485611535717,0.0465122638155916,0.0389586709886548
S12000045,East Dunbartonshire,0.0278571428571429,0.0280506233471855,0.0304327286470144,0.0274388529659826,0.0320680628272251,0.0311883950158081,0.0296772403588273,0.0310163389642758,0.0302835051546392,0.0242758620689655
E07000085,East Hampshire,0.0506939056977847,0.0530650059189871,0.0482874932922207,0.0537780226299953,0.0517380828011525,0.0529969251505834,0.0576336772983114,0.0532643912463437,0.0539212479968604,0.0449700415058383
E07000242,East Hertfordshire,0.0497339944265499,0.0518417560345755,0.0508614083387733,0.0541948858741709,0.0524749460162782,0.0520974474782728,0.059205874354093,0.0573917153370919,0.0572027673157571,0.0465853240746841
E07000137,East Lindsey,0.0446946584432592,0.0489348779006374,0.0453585187026221,0.0455773224321459,0.046209114349451,0.042257987790375,0.0486551482271432,0.0467596507059066,0.0490802740479937,0.0411603182426248
S12000010,East Lothian,0.0294835868694956,0.0291592306166964,0.0290955715553802,0.0304927025173866,0.0302862688015526,0.027658756845038,0.0296928653185807,0.0293033367993194,0.0282939583527874,0.0262279888785913
S12000011,East Renfrewshire,0.0297874683404911,0.0315136203866432,0.0320113623948432,0.029812790823504,0.0334194103722832,0.0333546530220659,0.0308885605740819,0.0324682147735631,0.0322411807809065,0.026754112013325
E06000011,East Riding of Yorkshire,0.0364505054187222,0.0400772846761397,0.0397950439191602,0.0408964482478458,0.0409762558053903,0.0386111472925128,0.0437021720932021,0.0408581507240573,0.0407593801385221,0.0354660971267566
E07000193,East Staffordshire,0.0385480159496917,0.0387991649706954,0.0390203584478859,0.0392067058416868,0.0403111983200799,0.0378665435234357,0.0441506737443855,0.042462934538769,0.0433054428244568,0.0372633824830677
E07000244,East Suffolk,0.0347411500921041,0.0366526340310826,0.0340228475806251,0.035866032975609,0.0356896211523283,0.0342934576311311,0.0380133893314649,0.0381149571599483,0.0383587013601325,0.033274354662843
E07000061,Eastbourne,0.0488983767672292,0.0554348805317264,0.052409752598069,0.0537596210775607,0.0526691714609996,0.0521635292175956,0.0579364848766598,0.0582493214424195,0.0565135669188877,0.0550501335604506
E07000086,Eastleigh,0.0437339096716779,0.0503948437586286,0.0448265875593892,0.0468467489737481,0.0495592237375656,0.0486931283096352,0.0536713206332664,0.05169209294563,0.0533971134267577,0.0423627508854782
E07000030,Eden,0.0383033027313245,0.039155768975269,0.0409822055946978,0.0431917035461262,0.0409312233718807,0.0403290148550587,0.0413232535667595,0.0407707872392731,0.0405798734343605,0.0328161625181382
E07000207,Elmbridge,0.0584274279453389,0.0614219572716819,0.0548618341710425,0.0620767912899661,0.0610348749612254,0.0602197156189147,0.0651639915236217,0.0651266962364411,0.0661939398369824,0.0582079218744306
E09000010,Enfield,0.0507302467071209,0.0555354176582392,0.0558790198459651,0.0587129210348665,0.0594698513710006,0.0609224784495088,0.0707353361085646,0.06855383398878,0.0702858649346603,0.0597475321280506
E07000072,Epping Forest,0.0500480461242793,0.0533584132955547,0.0532172077896511,0.0562626993951001,0.0578615962993332,0.0568105724159695,0.0618413797328759,0.0632925871416915,0.0650092262831368,0.0545867221486665
E07000208,Epsom and Ewell,0.0589698235161123,0.06314692967998,0.0588900735963384,0.0647022618864441,0.0655246689353675,0.0644818288839099,0.0733911467445344,0.0723025723150836,0.0713904771354509,0.0628248336481365
E07000036,Erewash,0.0380047929157498,0.0414417767851604,0.0413083022799922,0.0430116946257282,0.0419064560008371,0.040247758704566,0.0465771718958669,0.0465408260455451,0.0503332726595072,0.0440380813651025
E07000041,Exeter,0.0810760018109907,0.0778561827956989,0.0780963397504751,0.0856134874571201,0.0798701453703483,0.0809272125594015,0.0981879673585901,0.0992348268776643,0.105924432099235,0.0947627369068423
S12000014,Falkirk,0.0188992,0.0200573979591837,0.0212395011453296,0.0218530027268692,0.0220497286381421,0.0212134521269921,0.0216136888777868,0.0221404515404765,0.0218161476785381,0.0185600398604883
E07000087,Fareham,0.0433660022692552,0.0485436893203884,0.0437417122583931,0.0488474922163209,0.047932836727961,0.0452261306532663,0.0514459769917139,0.0514015076629505,0.0526872746982354,0.043115748938438
E07000010,Fenland,0.0468358806214056,0.0493253451419641,0.0488319860894046,0.0497484399176154,0.0471694294330763,0.0476233489903248,0.0495554497102485,0.0494625139174902,0.0501423662248405,0.0449059561128527
N09000006,Fermanagh and Omagh,0.0222641210209602,0.0226472905541451,0.0250688584794299,0.0222189369695283,0.0243515362801467,0.024188464494512,0.0284979662736802,0.0266957675354132,0.0278371679003722,0.0270332461201497
S12000047,Fife,0.0221735559813852,0.0232516861909833,0.0234150994821477,0.0237549353301566,0.0243724190393393,0.0237274862960063,0.0232411620581029,0.0231776505068431,0.0224869495382144,0.0190575468420068
W06000005,Flintshire / Sir y Fflint,0.0296136664352246,0.0323152851233178,0.0305371908917069,0.0311144917077864,0.0316383814128565,0.0313660057170204,0.0309948116399729,0.0307983006947613,0.0301601537475977,0.0263951494131223
E07000112,Folkestone and Hythe,0.0393626558470966,0.043273701558774,0.0430645324409058,0.0447294281219129,0.0414428522005135,0.0390906470673008,0.0421711075412602,0.0396791557853222,0.0423997309639279,0.0362954465231204
E07000080,Forest of Dean,0.0426277372262774,0.0418177861598723,0.0444227454100515,0.0444540044454004,0.0419859061672342,0.0439404760510941,0.0472561862326512,0.0478837109876015,0.0496364830454771,0.042763497767114
E07000119,Fylde,0.0474782517280349,0.0517792120726145,0.0484140669906464,0.0497796214674618,0.050354884501226,0.0485841874272261,0.0504165451479147,0.0481133258117087,0.0499628620945779,0.0455972713056113
E08000037,Gateshead,0.0320191266240411,0.0360260046336982,0.0361023098681646,0.0352324174100139,0.0370803672344391,0.037926643899165,0.0437854154007282,0.0447982301933751,0.0475167652371879,0.0397870760089131
E07000173,Gedling,0.0450409263150491,0.0494472256073505,0.047167185624576,0.0506670120450719,0.050610459609788,0.0478645949325887,0.0558875759852469,0.0516529978095869,0.0577797380742349,0.050956114310845
S12000049,Glasgow City,0.0349914005328297,0.0373166182129834,0.0377958827868303,0.0389633780268161,0.0397945047333179,0.0381680133968491,0.0378119867315062,0.0383933845245127,0.0395343694718221,0.0342017494179095
E07000081,Gloucester,0.0476620106462381,0.0455330010939589,0.0472557915445457,0.0497589230304091,0.0485574314494885,0.0484515601262125,0.053531448757776,0.0563561124647098,0.0591506102471966,0.0499811115651188
E07000088,Gosport,0.0416722108650159,0.043556057258142,0.0406621818965311,0.0404761340193963,0.0417074695895324,0.0390796799700557,0.0477610543919354,0.0479814265445634,0.0469836629812113,0.0409428547809965
E07000109,Gravesham,0.0418017805553918,0.0434774130012968,0.0429954634707834,0.0438922921318296,0.0460767156978669,0.0474132655462976,0.0538253503076677,0.0530243925365418,0.0540495048579097,0.0481990831696136
E07000145,Great Yarmouth,0.0364078666447693,0.0383886013018297,0.0365269706147172,0.0384501717162453,0.0359985803376768,0.0357200581865201,0.0415623082571391,0.0430914763006944,0.0418176693243134,0.0367446924333152
E09000011,Greenwich,0.0675778818942943,0.0724654404467933,0.070091670863357,0.0722030254451317,0.0716138150082683,0.0713443839807408,0.077956789665157,0.0814400424898493,0.086173604406443,0.0747489914681318
E07000209,Guildford,0.0713621165867132,0.0747032396044152,0.0728509779108043,0.0751801109778255,0.0743368078535186,0.0735537471483537,0.0822658465119741,0.0892561312876549,0.0918938509241735,0.0798393104182186
W06000002,Gwynedd / Gwynedd,0.0459912938291517,0.0475054709975657,0.0496411925723163,0.0470233065620975,0.0432992212663595,0.0451578375485514,0.0470333435696853,0.0464575045499203,0.0491008349389852,0.0436602727468823
E09000012,Hackney,0.0738362825772103,0.0742986059346899,0.0742126198356096,0.0768684058499802,0.0773268410354917,0.0768521331142333,0.0845289911535214,0.0879516564461052,0.0931239328400683,0.0834552450514521
E06000006,Halton,0.0271551518429551,0.0305372035522058,0.0283087710392309,0.02974680042055,0.0287723230139127,0.027940552684084,0.0306124848152357,0.0308022922636103,0.0304072328259022,0.0277283271295247
E07000164,Hambleton,0.040735697863887,0.0445129964140143,0.0408013600453348,0.0437190680086749,0.0428536536625441,0.0412954929297612,0.0492625498798474,0.04873044088924,0.0484092844509466,0.0426510899360397
E09000013,Hammersmith and Fulham,0.0998876373701664,0.102126654842766,0.102397186654246,0.107794516702536,0.109044202807068,0.1076778356612,0.111957507732325,0.114406825364296,0.123920429073743,0.111815150590594
E07000131,Harborough,0.0413423727231356,0.0443103927380511,0.0423558209228376,0.0503098879854438,0.0462285739926411,0.0460050304151755,0.0511474836269011,0.054184369560752,0.0504226763461149,0.0426536315772947
E09000014,Haringey,0.0905298583392033,0.0891903000411015,0.0888431730853953,0.0946981444640277,0.0931180126075951,0.090786465645881,0.107339321004041,0.107728804540617,0.108901271929335,0.0987246439928367
E07000073,Harlow,0.0423232778027915,0.0430362016084237,0.0436371916872408,0.0443990120422127,0.0466748696314525,0.0479113046921402,0.053393045677623,0.0545534332632746,0.0542570663971424,0.0490719523373052
E07000165,Harrogate,0.0359647851376644,0.0381126251599789,0.038207904608621,0.0416773684309439,0.0405025138197554,0.0414538580942366,0.0468933543275599,0.0457600617941482,0.0459861593846957,0.0401807545885048
E09000015,Harrow,0.0614389249019747,0.0654852920513435,0.0644104623792201,0.066530966881366,0.0687753729468677,0.0701094102462032,0.0808823529411765,0.0797724556164526,0.0810996974040452,0.0698943480569712
E07000089,Hart,0.0563701424799808,0.0573494968771686,0.0535289751395777,0.0560738684884714,0.0567826685735473,0.0564174448262052,0.0599172471586445,0.0596097327946995,0.0590071389572796,0.0512150643389886
E06000001,Hartlepool,0.0224242029363218,0.0229674510356489,0.0239580410524271,0.0265317582014124,0.0246599926484897,0.0243093327588992,0.0277147679506337,0.0303618541000837,0.0315813074533167,0.0283473293831792
E07000062,Hastings,0.0452352699810365,0.0495590692322162,0.0457725562669131,0.0485442206654991,0.0460097675582192,0.0435400363820329,0.0520078006313771,0.050433471541651,0.0521902418493217,0.0463081012165871
E07000090,Havant,0.0402374506346092,0.0442099187863297,0.0412588044809363,0.0423147656218072,0.0423482399571157,0.0416495144925782,0.0463838803822013,0.0456868527099743,0.0491364284582475,0.0406208692486089
E09000016,Havering,0.0369735254931134,0.0400347039734381,0.0390679849014215,0.0417469414299069,0.0426666666666667,0.0419819158467228,0.0499533274227754,0.0536519142003801,0.0571715879669585,0.0488277428438794
E06000019,"Herefordshire, County of",0.0332863156862852,0.0352921483609346,0.0334515448873056,0.0351875229709647,0.0350887429583815,0.033788489542663,0.0357933637282049,0.0359383052153227,0.036441719700624,0.030581308266405
E07000098,Hertsmere,0.0556789766783889,0.0609346350166014,0.061311594988615,0.0641603276770041,0.0661709820952529,0.0678366520418495,0.0717862944699176,0.0718871455304448,0.0690913943137087,0.0627565871187341
E07000037,High Peak,0.0374689499021785,0.0371983326020184,0.0357675602158558,0.0374109848277673,0.0369852386831725,0.0367422590492804,0.0439373038028307,0.0434716604677893,0.0439211792890596,0.0399965455075405
S12000017,Highland,0.0258325097752761,0.0261797415088668,0.0262868672991886,0.0265874377896001,0.025705864764427,0.0250031946160072,0.0248575559146186,0.0245818120064533,0.0246363906203621,0.0203032748587691
E09000017,Hillingdon,0.0579675425319148,0.0608473605781371,0.0588364872235975,0.0610739683149831,0.0630860377766369,0.064925191481132,0.074795844454808,0.0760963703645382,0.0778016749763744,0.0675244487304782
E07000132,Hinckley and Bosworth,0.0368183199149324,0.0404318773830647,0.0397364048551072,0.0409910747489773,0.0410577976667311,0.0393152592349906,0.044895393732603,0.0449730037447853,0.0482428227973413,0.0401175373462601
E07000227,Horsham,0.0440398357913943,0.0459373842303825,0.043424718223664,0.0450385481796486,0.0430873783557663,0.0443608642608087,0.0483438226941245,0.0486861626950365,0.0508098559715142,0.0433823226143503
E09000018,Hounslow,0.0658345330231792,0.069012602604074,0.0691417089273754,0.073306063704882,0.0738142426016846,0.0751593543817796,0.0832552954292085,0.0827307575835912,0.0860516420340082,0.0735188599057281
E07000011,Huntingdonshire,0.0421256300025288,0.0452145368737077,0.0435093263315655,0.0446047054628687,0.0465340435967924,0.0444248842954087,0.0501528429926715,0.0498274617709414,0.0501733506403016,0.0424281364360142
E07000120,Hyndburn,0.0404722591217768,0.0456087824351297,0.0425124760796968,0.0437554585152838,0.0417285584112441,0.0408995919992039,0.0456659619450317,0.0432592959227866,0.0462470540330442,0.0418202211184105
S12000018,Inverclyde,0.0175203151933021,0.0180195811129012,0.0178615882499378,0.0189385404931781,0.0189433962264151,0.0188731682668014,0.0179278821736922,0.0193218170185541,0.0183804627249357,0.0157020503503763
E07000202,Ipswich,0.0431619170112691,0.0465479583904046,0.0470413852098758,0.0488752391353744,0.046995511787006,0.0501967295960726,0.0564846909300982,0.0600951051391676,0.0578615617216773,0.052449275255738
W06000001,Isle of Anglesey / Ynys M�n,0.0324689256647548,0.032182988991533,0.0328942674068471,0.0338033389886087,0.0340311141615191,0.0343213952486902,0.0328251712181563,0.0319892511542145,0.0327370329654641,0.0255536626916525
E06000046,Isle of Wight,0.0266055841378114,0.0289427052569403,0.0261628956010249,0.0278830419429851,0.0275752523915486,0.027405463982205,0.0294572433751348,0.0294903135553703,0.0291597012082866,0.0235565300500365
E06000053,Isles of Scilly,0.072841726618705,0.073716542343133,0.0729765590446705,0.0759162303664921,0.0698072805139186,0.0793650793650794,0.113767153607791,0.10392506690455,0.117356115107914,0.0763701707097934
E09000019,Islington,0.0982766560826042,0.10165993761626,0.0957540941835955,0.098534360109302,0.099350789206486,0.0976234082437353,0.106208510638298,0.109370165006565,0.11354947271175,0.0981319146363581
E09000020,Kensington and Chelsea,0.080201704886541,0.0800448659121036,0.0742454229004525,0.0796996768675157,0.080686554552964,0.0881401771988799,0.0863099633365652,0.084246176303002,0.0867551832138808,0.0781887494900041
E07000146,King's Lynn and West Norfolk,0.0349407852044127,0.0358933631266868,0.0345271370829898,0.0369938887187612,0.035686660804834,0.0354552461511097,0.0411398861430123,0.0409654109386013,0.0422174220354994,0.0356706006810143
E06000010,"Kingston upon Hull, City of",0.0406562471937311,0.039165486436431,0.0394069707762415,0.0401881793531043,0.0379562777711177,0.0382102409291057,0.0447917505840651,0.0465192119549579,0.0480025252330836,0.0466105292406011
E09000021,Kingston upon Thames,0.079396145503503,0.0776164215686275,0.0744550486849333,0.0774076338959705,0.0748329050341183,0.0756636327524568,0.0839189274321484,0.0877414942725252,0.0844304731644386,0.0726686092596934
E08000034,Kirklees,0.0298011679315318,0.032042149214992,0.0320243273629073,0.0318024734998767,0.0317727645516397,0.0321228023417181,0.0372027588100058,0.0382242259993117,0.0390211625173095,0.0342699811915067
E08000011,Knowsley,0.0360993262647101,0.0402831261734114,0.0384828634207446,0.0409891483244439,0.0380342518776059,0.0376956912453294,0.0441370490037695,0.0440526572664487,0.0452731635534462,0.0369099782226537
E09000022,Lambeth,0.0948236507368276,0.0995131979596982,0.101669331627758,0.103269674737949,0.104166666666667,0.106626261750804,0.114600306127487,0.118211078280667,0.124011606151506,0.115445926671701
E07000121,Lancaster,0.0573198958083919,0.0575809125950171,0.0589194407694783,0.0604971035584853,0.0581161612933012,0.0550016581641653,0.0603634015734769,0.0614575100869348,0.0646749476163738,0.0578183757654319
E08000035,Leeds,0.048750271419494,0.0496999601354866,0.049100137469871,0.0498700077080857,0.0486903350047141,0.048328803321525,0.0568187899282152,0.0583861509337375,0.0602605596244794,0.0543124190959782
E06000016,Leicester,0.0542006571063657,0.0575727187585638,0.0559242867516757,0.0576293018130467,0.0555116325035752,0.0553884977096703,0.0669457487130169,0.070736843290599,0.0776288450246172,0.0707187969585014
E07000063,Lewes,0.044515494343335,0.0478443690156543,0.044817617890912,0.0504142271079779,0.0483656762274773,0.0489220808611546,0.0496005163460692,0.0508448181888967,0.0500154936669636,0.0481333011349916
E09000023,Lewisham,0.0749698488470344,0.0790901480201635,0.0785454596499109,0.0803661242093949,0.0827629924169235,0.0830001706239148,0.0894735270007003,0.0916266933740973,0.0938850779160482,0.08621756974082
E07000194,Lichfield,0.0436721467431697,0.0450605386706202,0.0437296000629203,0.0483823558229312,0.0443519294893045,0.0451712032363781,0.0526920884577855,0.0501899677776175,0.0507655886059032,0.0426460425797779
E07000138,Lincoln,0.0794864908417038,0.0836621357169302,0.0851097293726605,0.0921905953498071,0.0870955391603978,0.087138676387534,0.101830593876349,0.101111683276285,0.10857108329389,0.104728682945357
N09000007,Lisburn and Castlereagh,0.0328282081608516,0.0397253339789159,0.0351295245892053,0.0368615060558189,0.037409507506865,0.036633824664792,0.0347938867077959,0.0358911491124178,0.0364515554581444,0.0329664326878431
E08000012,Liverpool,0.0472816843334994,0.0486610760308045,0.0494437131853435,0.0507449917714811,0.0480334724553052,0.047643071748649,0.0548571963324104,0.0593536157020618,0.0634685428136583,0.0618833345988003
E06000032,Luton,0.0456538712734665,0.0504238484072838,0.0489768760486779,0.0516193802248624,0.0497001137741653,0.0516779829005993,0.0646097513253641,0.0617862864242045,0.0634399113831365,0.0537400247274362
E07000110,Maidstone,0.0428789707506227,0.0476716994560521,0.0451799284054512,0.0479103461086001,0.0455800852340278,0.0476891605669839,0.0486913491921541,0.0494130799329234,0.0503765437128258,0.0427939375736432
E07000074,Maldon,0.0428548282566429,0.0438607819713944,0.0422231865888744,0.0436776484450885,0.0479593785814339,0.0440253555772809,0.0502227432590856,0.0479161816065192,0.0463912762221606,0.0406721609761319
E07000235,Malvern Hills,0.0491526784997189,0.0535490744440005,0.0493515087347803,0.0522670025188917,0.0530629400021015,0.0498857030892822,0.0566448519406467,0.053268982115653,0.0550966987725228,0.045087796588835
E08000003,Manchester,0.0743464929548898,0.0747089623722578,0.0755103034078631,0.0767586549840604,0.0728149200938452,0.0712851387074904,0.083019096206973,0.0864749181468408,0.0905784125399289,0.0827651729852575
E07000174,Mansfield,0.0396839819800863,0.039871388772278,0.0398162036949133,0.0413316725172687,0.0415901854279828,0.0410826844642195,0.0452402004126142,0.0468849055043596,0.0478991519764346,0.0437764629495844
E06000035,Medway,0.039009381429677,0.0383396113825383,0.0394031526955288,0.0424578715429776,0.042656336308399,0.0447939571846893,0.048884070082416,0.0488996059095571,0.048676029236491,0.0434008497467239
E07000133,Melton,0.0371719972274483,0.0420596632864035,0.0434457812377133,0.0453226691758802,0.0451958552476647,0.0434791139364687,0.0475301240343601,0.0456164383561644,0.0492100997871468,0.0419504222282757
E07000187,Mendip,0.048086942215235,0.050068150840527,0.0488189547341515,0.0514893195668416,0.0492700078532163,0.048863706676331,0.0540378635046206,0.0523672321793856,0.0555425783176309,0.0461698541552009
W06000024,Merthyr Tydfil / Merthyr Tudful,0.0245875176292671,0.0281969884733563,0.0279114696312364,0.0272622595502574,0.0268199233716475,0.0240479619519711,0.0249862392207229,0.0250569097585697,0.0266054437555946,0.0221104197007811
E09000024,Merton,0.0770458205970789,0.0785213341450257,0.0813162637438187,0.0860956607591472,0.0839171703930279,0.0855949996613548,0.0960776891270165,0.0970143462698728,0.0979094447779693,0.0863247325057035
N09000008,Mid and East Antrim,0.0234403280020685,0.0251402405806917,0.0260226328521953,0.0240994716119495,0.0253235626526669,0.0255040958924982,0.0245381898199085,0.0250120700712675,0.0262001522179301,0.0227835029366838
E07000042,Mid Devon,0.0478726134264012,0.0512362532214029,0.0511905064416944,0.0523766273085074,0.0503882787565027,0.0508387581372058,0.0533842699973953,0.0536874961747965,0.055132363839584,0.0433425381198223
E07000203,Mid Suffolk,0.0438625406897688,0.0464673940831791,0.0440308439414412,0.0453331459094743,0.0494159659255269,0.0490468625893566,0.0513969451365431,0.0504912530611847,0.0491361470715626,0.0413801653680727
E07000228,Mid Sussex,0.0449325191885183,0.0458799377035254,0.0427813096661841,0.0470538627440137,0.0471058923470052,0.0457841941168497,0.0512049614075297,0.0496339736567902,0.050131768881355,0.0446556506421632
N09000009,Mid Ulster,0.0202645833782938,0.023739464365867,0.0232860913188376,0.0219111935337136,0.0237288370994847,0.0239701765608127,0.0275085878970408,0.0264329135909683,0.026601044920823,0.0233765013124945
E06000002,Middlesbrough,0.0459643848288622,0.0481452647665182,0.0510686698677571,0.0497802015957868,0.0507573038547125,0.0478457306557587,0.0553118267336941,0.0582518054715572,0.0579372960703646,0.0503662809215416
S12000019,Midlothian,0.0250689035350509,0.0254392212725546,0.0269035532994924,0.0268847135235444,0.0282297745737499,0.0282248053267126,0.0265845265845266,0.027917670243048,0.0289855072463768,0.0255501878690285
E06000042,Milton Keynes,0.0363952860201285,0.0407519790483952,0.0380183792554685,0.040411182630416,0.0407894186890391,0.0427847055288462,0.0515623072581218,0.0510932328643706,0.0509283484934516,0.0434303098041102
E07000210,Mole Valley,0.0531078856101919,0.0514774205538004,0.0491349800025357,0.057959503171369,0.0549334314424337,0.0539090971601458,0.0631484712147645,0.0625881058530939,0.0616539629778211,0.0522119547214639
W06000021,Monmouthshire / Sir Fynwy,0.0414280718625694,0.0426000414227629,0.0413121009441837,0.0444456451264318,0.0436183395291202,0.0439126892233801,0.0445026178010471,0.0451551910943043,0.0458610846812559,0.0370833508469589
S12000020,Moray,0.0288862736706965,0.0287420639190789,0.0271195421788894,0.0283634061411839,0.0294838236833839,0.0288227334235453,0.029557318855711,0.0281616415410385,0.0274472970152369,0.0242398913384181
S12000013,Na h-Eileanan Siar,0.0299024918743229,0.028011611030479,0.0289416058394161,0.0303119266055046,0.0307720724048762,0.031635687732342,0.0289795918367347,0.0286992172940738,0.0276946107784431,0.0249056603773585
W06000012,Neath Port Talbot / Castell-nedd Port Talbot,0.0259222190448956,0.0285763236984316,0.0289060321591226,0.0278598534741159,0.0272728562711961,0.0281483363683846,0.0335210078119502,0.0354218857150854,0.0386561071764993,0.0315335281814026
E07000091,New Forest,0.0376324318820741,0.0413455037187289,0.0379996183763034,0.0398348732501369,0.0400446241807279,0.0402052036161289,0.0444122723982404,0.0433817516258421,0.0432015814666326,0.0389537375660315
E07000175,Newark and Sherwood,0.0436677045102712,0.0442292254706476,0.0441314875340098,0.0467847173317269,0.0452757066430768,0.0444229357185769,0.0489645765304014,0.0485497589786618,0.0506939168933435,0.0452540872432529
E08000021,Newcastle upon Tyne,0.0671391512476173,0.0672276360179217,0.0662827433953418,0.0698446278698758,0.0681342944793716,0.0682264659718841,0.07759885344204,0.0786386227664593,0.0823624595469256,0.0746747320939692
E07000195,Newcastle-under-Lyme,0.0497505610358579,0.0516905176303745,0.0486643660531697,0.052104335677658,0.0496677518267738,0.0485537673852302,0.0607305971480192,0.0582670476484671,0.0643536437450267,0.0583828408301829
E09000025,Newham,0.0747858017135863,0.0812058363236852,0.0799869348140544,0.0829467241347778,0.0807455078601296,0.079379914260753,0.0895843630386556,0.0926180025851906,0.0977334382982097,0.0836021459976468
W06000022,Newport / Casnewydd,0.0344960043900264,0.0388788241326269,0.0377058899694019,0.0395870009991911,0.036814501412563,0.036266206398266,0.0381555929629996,0.0371880340765287,0.0390429025834648,0.0309433865782022
N09000010,"Newry, Mourne and Down",0.0212043465137338,0.0226782043974645,0.0232684508862946,0.0251192967053015,0.0252255214918722,0.02444661897692,0.0247994368589242,0.0250983267782148,0.023989898989899,0.0226070490837732
S12000021,North Ayrshire,0.0231877760880585,0.0256015119575489,0.0252300277493793,0.0247875146541618,0.0254536105193565,0.0254102582971521,0.023727815008469,0.0240981667652277,0.0243431794567315,0.0201862197392924
E07000043,North Devon,0.0405103430663148,0.0460972880814108,0.0451731156555377,0.0469120571750667,0.0455597799536968,0.0436376699808755,0.0455888516345348,0.0474560399542191,0.0438313860723661,0.0379953142507895
E07000038,North East Derbyshire,0.0367103935418769,0.0370016205824031,0.0380943749622379,0.0396043588943783,0.0383299384914861,0.0361772025883524,0.0475987299067275,0.0475352286773795,0.0492105418777473,0.039690459419269
E06000012,North East Lincolnshire,0.0273640717438257,0.0292137081633164,0.027525115182886,0.0301026753073073,0.0283926461671178,0.0284681032109518,0.0303767847534193,0.0298458900895377,0.0314671947757312,0.0269759795185864
E07000099,North Hertfordshire,0.0469982901156133,0.0515268662998239,0.0504832431846848,0.0513513926448794,0.053908867799804,0.051441709698089,0.0574028097599028,0.061404957436906,0.0603728382121734,0.0533106553876355
E07000139,North Kesteven,0.0438636908162701,0.0507542699270888,0.0491563196434257,0.0497945088446631,0.0495248961546004,0.0475696033226567,0.0542914171656687,0.053877656593525,0.0556729247744088,0.0460012357277675
S12000050,North Lanarkshire,0.0180060405069288,0.0184823463257273,0.0185771804132868,0.0187899408284024,0.0206438834032992,0.0194761189192375,0.0188963407459701,0.0194896819330942,0.019363154348654,0.0155654569971273
E06000013,North Lincolnshire,0.0281943217364311,0.028743518007021,0.0291436496834918,0.0294658211839516,0.0295449326731158,0.0280433471696125,0.0321610797809614,0.0327606755617569,0.0329324634922109,0.0280640007409637
E07000147,North Norfolk,0.0382731350330501,0.041491127282012,0.0399494509154674,0.041041294035306,0.0409967845659164,0.0395802562097561,0.0436833962735545,0.0432416405233759,0.0461287522534983,0.0401171470137971
E06000061,North Northamptonshire,0.0410933485134876,0.0430847043234012,0.0434679283600147,0.0439339222097506,0.0439379918797455,0.0417666940660136,0.0486044681591734,0.0486892036228171,0.0514490506220063,0.0323186321508469
E06000024,North Somerset,0.0365895091362985,0.0386590626742446,0.0374280975060869,0.0384753944808704,0.0368675008692919,0.035773824422542,0.041299792326414,0.0408706099037486,0.0410737868050518,0.0357557033779584
E08000022,North Tyneside,0.0318131666053696,0.036292964794186,0.0343478411412347,0.0357986167595893,0.0358811197434949,0.0347979860002456,0.0373447839078998,0.037075515207418,0.0370154824373656,0.0326373694768541
E07000218,North Warwickshire,0.0451126608578009,0.047873195511687,0.049517860879924,0.0484403023315398,0.0466342706922648,0.0463025968066083,0.0511948056002123,0.0554047802621434,0.0558041186565335,0.0468282099859439
E07000134,North West Leicestershire,0.0382833351126294,0.0420705431717827,0.0399615693230288,0.0425358556789337,0.0404024799686914,0.0393453614531269,0.0461596859423229,0.0456788672815933,0.0504290085029582,0.0427825854649887
E06000057,Northumberland,0.0248863341743656,0.0280578471921615,0.027466188773946,0.0281253156246844,0.0286488040878108,0.0273087536699386,0.0289189104472934,0.030483273696897,0.0291966728074583,0.0250756593169045
E07000148,Norwich,0.0815084974046217,0.0821337596270926,0.0850663864177978,0.0854400491994114,0.0846651266863147,0.080920887999142,0.0976323983099756,0.0973593033719011,0.109878852980302,0.095275607165716
E06000018,Nottingham,0.0802042783951247,0.0820746734616469,0.0863685672622861,0.0868012150706936,0.0842614192189029,0.0801221753869554,0.0965526458875669,0.099211946754302,0.106127966356263,0.102243264569947
E07000219,Nuneaton and Bedworth,0.034415392834645,0.0380242637069287,0.0363151968791132,0.0377882811201102,0.0373529853163037,0.035841283268324,0.0433393699624589,0.0449100867325565,0.0435314860297345,0.0380676980663174
E07000135,Oadby and Wigston,0.0739205773593669,0.0845303867403315,0.080309868163889,0.0839279343560471,0.0852743641040297,0.0830133414298727,0.0789339879021653,0.0940654795288839,0.0973077260370078,0.0799993020780626
E08000004,Oldham,0.0294017063648921,0.0329502866205357,0.0305420195095301,0.0329955912385727,0.0309995351807365,0.0317410447215181,0.036559020187458,0.0355568004821261,0.039428957024166,0.0333925294998906
S12000023,Orkney Islands,0.0244631185807656,0.0259173246632606,0.0280148423005566,0.0283595922150139,0.0258883248730964,0.0268192219679634,0.0244090909090909,0.0229833258224425,0.0269420745397396,0.0200892857142857
E07000178,Oxford,0.111111850643948,0.107527875519056,0.103224282508563,0.104898360316557,0.110964606117014,0.109477629240399,0.126424810133133,0.129957816843456,0.140682290744275,0.128747097318978
W06000009,Pembrokeshire / Sir Benfro,0.0289528842781761,0.0300158362772567,0.0294468085106383,0.029307253727004,0.0297159398727268,0.029620805396138,0.0294200190841225,0.0303386509935628,0.0290181055174935,0.0225560350608674
E07000122,Pendle,0.0363043672412253,0.0406964407366458,0.0377446567303524,0.0442027773130333,0.0391659716430359,0.0377064574932332,0.0431441298403458,0.0411246649526831,0.0429694285217995,0.0394595474523848
S12000048,Perth and Kinross,0.0280694586312564,0.030323541356437,0.032137781687758,0.0307392734841872,0.0317748282531848,0.0315171223785506,0.0312309728656519,0.0317932447617159,0.0321816386969398,0.025409782107827
E06000031,Peterborough,0.0428717804149477,0.0457834037171215,0.0455059430591758,0.0463586588483566,0.0443412838162318,0.0438305334587135,0.0491518947887027,0.0499748807457185,0.051078073163617,0.0464353044525382
E06000026,Plymouth,0.0500878837362475,0.0531535166677013,0.0493441405766613,0.051740418867461,0.0528260886198955,0.0511558765794439,0.0574599916372068,0.0576624857468643,0.0587981686379245,0.0511453779690229
E06000044,Portsmouth,0.0585251639220573,0.0652876034418474,0.0606522475443944,0.0608882073861861,0.0576950479248402,0.0556214404574964,0.0682290259782599,0.0708584921885531,0.0763639747795538,0.0675386134555549
W06000023,Powys / Powys,0.036048425276732,0.0395143404879149,0.0388971728947329,0.0386588038591021,0.0386875612144956,0.0395203155580072,0.0395125080179602,0.0408842782395977,0.0404424812172009,0.0324062241599639
E07000123,Preston,0.0561569109057935,0.0641909210001709,0.0634062370537564,0.0658794770812039,0.0640366776841881,0.065655956829737,0.0654634726133035,0.0659013665402135,0.0659726831313096,0.0625403234198422
E06000038,Reading,0.0869388884954841,0.0802002614879301,0.0811809281242711,0.0832355804028253,0.0845511159485718,0.0863424318227915,0.0931289284071746,0.0971550768061862,0.106051427865002,0.0940768506333535
E09000026,Redbridge,0.0584978411130262,0.0666947738252086,0.065102994633893,0.0695994255631217,0.070020273354636,0.072107470928689,0.0833209072684196,0.084740240507079,0.0839192456638119,0.0715178402004855
E06000003,Redcar and Cleveland,0.027633097570359,0.0309610597439545,0.0309054534676941,0.0301031813000548,0.0296990925482546,0.0301115900100372,0.0329693761258777,0.0317734314428239,0.033802406124681,0.0289080945579619
E07000236,Redditch,0.0338836310159159,0.0372791435744399,0.0363410449085853,0.0406839831962606,0.0385989318682873,0.0373848251222264,0.0400098586920802,0.04169951405476,0.0393497613211199,0.0340197270007479
E07000211,Reigate and Banstead,0.0484841915085818,0.0536874338207939,0.0515298592188919,0.0521566870598776,0.0552456987078738,0.053288731037141,0.0585928693905713,0.0603017115940362,0.0602898862505714,0.0522369558371247
S12000038,Renfrewshire,0.0224327418431597,0.024245553643144,0.0242279602047271,0.0242036388681628,0.0260598075160403,0.0241914397771841,0.0245716224622519,0.0245795601552393,0.0238972640982691,0.0206811973911589
W06000016,Rhondda Cynon Taf / Rhondda Cynon Taf,0.0273538334193785,0.0268449824287388,0.0287467289957064,0.0287456041474051,0.0286926336897269,0.028751485227497,0.0294195134802845,0.0292298786912144,0.0297392068439552,0.0261128774191415
E07000124,Ribble Valley,0.0424666620121483,0.0443703780856161,0.0419503092712257,0.0463299199724636,0.0443445718484595,0.0451889100298994,0.0479799677332616,0.0474715686764241,0.0468729470503219,0.0400799664656757
E09000027,Richmond upon Thames,0.0689980642787439,0.0712543194458409,0.0694942920821605,0.0724775625274811,0.0746069522573201,0.0720847187568844,0.0806980784955029,0.0791654816560354,0.0796388225372313,0.0705760039567783
E07000166,Richmondshire,0.0488486872970894,0.0512377341659233,0.051320110581294,0.0584147542225252,0.0549605250642062,0.0516927760041577,0.0618633494106036,0.0647396889790399,0.0632979713381724,0.0514404823941041
E08000005,Rochdale,0.0331714866771419,0.0350181885093915,0.035307372122732,0.0343231162196679,0.033320268391239,0.0333626068869887,0.0369039499402634,0.0375634656206108,0.039184036832545,0.032160565861423
E07000075,Rochford,0.0439441757767031,0.0429227009952917,0.0423322017747603,0.0431440059427655,0.0441708141609541,0.0436832034349186,0.0462944704149219,0.0452167714788287,0.0483014375972896,0.04112887580312
E07000125,Rossendale,0.0422905676458055,0.0445618451091729,0.0415587062214329,0.0451203982403334,0.0427266703160564,0.0443492340980412,0.04689831592411,0.0464771845687284,0.049425030077502,0.0425579572180535
E07000064,Rother,0.0500501493458541,0.0505023884038873,0.0503989828130481,0.0502760636570315,0.050218902910121,0.050081944533129,0.0507700243165574,0.0524483566111901,0.052789342214821,0.0464039042144009
E08000018,Rotherham,0.0270413944031414,0.0281746277435532,0.0287925445391918,0.0291366961760728,0.0288545926286461,0.0283052696630071,0.0326416706217371,0.0331997083171182,0.0352962009863947,0.03089620505389
E07000220,Rugby,0.0385886005413151,0.0434029496189251,0.0415148449699958,0.0426111310314084,0.0394619692690632,0.0416464845048485,0.0474565115185708,0.0468776237475978,0.0471198421076789,0.0409308630817894
E07000212,Runnymede,0.0773282319474292,0.0753926573682796,0.0724962091125713,0.077419969966391,0.0755600527108434,0.0734051175176566,0.0886835017610092,0.0864659090909091,0.0883096260511719,0.0840391023724911
E07000176,Rushcliffe,0.0547875017977851,0.0585365853658537,0.0548489947745992,0.05909050927962,0.0570757312418666,0.0562916782439567,0.0641660057243353,0.0606691538271962,0.0642619814740234,0.0555363378796864
E07000092,Rushmoor,0.0612162706403544,0.0664409425563783,0.0618460014542082,0.0645503423362877,0.06513881007923,0.0666243456723314,0.0757798720477577,0.0757604422862668,0.0761424539371452,0.0626145549704938
E06000017,Rutland,0.0568904499614167,0.0648317877938322,0.058373686856659,0.0637169066722421,0.0593971631205674,0.056740866261008,0.0635861579774028,0.0661007129002192,0.0638916021739675,0.0559343808676747
E07000167,Ryedale,0.0401788295145781,0.0450946181720574,0.0409485229487522,0.0438616409324856,0.0429385734643366,0.0425354152355136,0.0491428992285172,0.0460670065549891,0.0483026363308053,0.0437182045336066
E08000006,Salford,0.0521947911824536,0.0533032842926236,0.0540863269564343,0.0523228132930914,0.0525274689419461,0.054537906908323,0.064540130186367,0.0649272035470583,0.0709721288547872,0.0630840854672874
E08000028,Sandwell,0.0412371134020619,0.0449742164532764,0.0429103764570992,0.0443297111186289,0.0425727277570424,0.0421720169481544,0.0509402077060161,0.0516131200019549,0.0538529456538286,0.0462463758425976
E07000168,Scarborough,0.0394629144249782,0.0397010914579154,0.0413735807255608,0.0407666987203196,0.0391621719138858,0.0380372976321459,0.0422164805758051,0.0393337992937022,0.0423972709802587,0.0351214398042984
S12000026,Scottish Borders,0.0289427467509659,0.0307597608160394,0.0284685634000703,0.0303402314977201,0.0296500920810313,0.0296166943158998,0.0293688054251435,0.0301032358809751,0.0290018180244135,0.0242971190558834
E07000188,Sedgemoor,0.0394451744272053,0.0416828211291754,0.0394581108812084,0.0412242873595104,0.0407271456039154,0.0407268531871935,0.0444433531404999,0.0440504597242469,0.0452515871340662,0.0378870113247898
E08000014,Sefton,0.0269118038902212,0.0308694731152163,0.0295787425193509,0.0301618368777752,0.0295414992940249,0.029412085733101,0.0340763832491469,0.0338240206829438,0.0348793458992077,0.0306706439675388
E07000169,Selby,0.0431972422708176,0.0436703523794819,0.04286572508923,0.0450818714816286,0.046732007191324,0.0457086333417681,0.0500756653429973,0.0500415235786591,0.0492496137717943,0.041386304895471
E07000111,Sevenoaks,0.0503940147896421,0.0533506439908517,0.0541282755434643,0.0579468650371945,0.0590107053696103,0.054541176866004,0.0588717983069439,0.056553581671419,0.0601076604554865,0.0518918829858222
E08000019,Sheffield,0.0425622920276354,0.043272992197762,0.0439861549199481,0.0447908735799866,0.0443886523875701,0.0436007316435851,0.0521418718597966,0.0528818587276354,0.0552600397022842,0.0495558489784696
S12000027,Shetland Islands,0.0250860585197935,0.0277897457992245,0.0277586206896552,0.0253660637381568,0.0293103448275862,0.0275431034482759,0.0260398613518198,0.0256633318834276,0.0274869109947644,0.0218627022299956
E06000051,Shropshire,0.0318096565377652,0.0342751348827558,0.0325379749906984,0.0344945201336019,0.0340265255727403,0.0322336446220006,0.036754352530563,0.0357162929241837,0.0361705288175876,0.0312431817832614
E06000039,Slough,0.0455537157192299,0.0522986884783528,0.051061175283167,0.0536372453928225,0.0558279351949493,0.0575486002057725,0.0625470531297053,0.0639251032780729,0.0631942168932519,0.0557438643641736
E08000029,Solihull,0.0402502223769192,0.0447288503253796,0.0412498804628479,0.0443473007748767,0.0445374085773642,0.0425940065797536,0.0490246946473896,0.0510681265093598,0.0510689824100862,0.0419243449033735
E07000246,Somerset West and Taunton,0.0418690532784909,0.0438709412360828,0.0429544942938805,0.0435856882004358,0.0417924293656182,0.0411182898620085,0.0447507354486237,0.0453446505400803,0.044508912742159,0.0395570740118774
S12000028,South Ayrshire,0.0235351389626483,0.0256553312079348,0.0262337202090901,0.0266240113747445,0.0284519572953737,0.0268693873921935,0.0260028399006035,0.0262105730786317,0.0264630139419235,0.0215801676475834
E07000012,South Cambridgeshire,0.0581412421083541,0.0631386425987038,0.0601172050691854,0.0609355792116758,0.0598557816788359,0.0594282784258428,0.0672856641460068,0.0671918943111625,0.064348842764291,0.0555672947844678
E07000039,South Derbyshire,0.046083337723226,0.0492004920049201,0.0457311736054618,0.0489557396209157,0.0488801650812824,0.0476892283486522,0.0549982907652488,0.0543768482099279,0.0548661675725567,0.0490430622009569
E06000025,South Gloucestershire,0.0456007015492546,0.0487841528515025,0.0485515949001863,0.0521007845192144,0.0484245415255227,0.0483343393198567,0.0543316596601763,0.0538168154993561,0.057048050986871,0.0509735386496929
E07000044,South Hams,0.0566399004344028,0.0558283454595415,0.0533930949210576,0.0589210635400012,0.0548264731522277,0.0560977909800316,0.0584016873681744,0.0584892311617819,0.0591237184497265,0.049882882678007
E07000140,South Holland,0.0344495983708564,0.0408827050346712,0.0384373878722641,0.0396649775397756,0.0395199736971889,0.0381726414992381,0.0420922879039606,0.0417854862736753,0.0418442627264021,0.0372325443107963
E07000141,South Kesteven,0.0407232059645853,0.0421560216548827,0.0420241267238603,0.0438054344761781,0.0454741131902193,0.0428956706884315,0.05038754217786,0.049339809521124,0.0499985957422906,0.0426042939430965
E07000031,South Lakeland,0.0396575164154928,0.0417407092636947,0.039944783913971,0.0423377551907711,0.0419846592661116,0.0432261668560861,0.0430498173905542,0.0442352581027819,0.0468179049939099,0.0405128449549593
S12000029,South Lanarkshire,0.0206275884039503,0.022247319695861,0.0219052761983419,0.0223247700602601,0.0237801600101192,0.0238442131819615,0.0229719961027124,0.0230393078803837,0.023367547499454,0.0191384577021383
E07000149,South Norfolk,0.0456162898108358,0.0485843777532603,0.0474146708228255,0.050446480343268,0.0486589074611849,0.0479223855901929,0.0543954056587757,0.0520008404761732,0.05171777399205,0.0455873512924105
E07000179,South Oxfordshire,0.0511777476456161,0.0546337366086559,0.0543101930637873,0.0562421350480444,0.0568546140095674,0.0567133289258099,0.0619101790837608,0.0613434492968172,0.0613415741568525,0.0524683200957004
E07000126,South Ribble,0.0399428471986884,0.0448536225102983,0.0449139165228883,0.0441181861505187,0.0425673519624379,0.0417302244497712,0.0444655797101449,0.0463868557004171,0.0480647723580171,0.0401670777595737
E07000189,South Somerset,0.0392318938024711,0.041818471767318,0.0400838993695353,0.0434376402926581,0.0434596096912573,0.0415130370032307,0.0464190029662233,0.044340257713227,0.0447355133802608,0.038471570161711
E07000196,South Staffordshire,0.0402887793349213,0.0438848058427008,0.0415960407168043,0.0449732581671003,0.0444576920297709,0.0438505752295971,0.0519796228438645,0.0497654424486738,0.0518339321925362,0.0439178065124723
E08000023,South Tyneside,0.0223738559974083,0.0240845250857994,0.023007871468622,0.0237662547451741,0.024007542341493,0.0221188519645562,0.0249072247668082,0.0256347120087845,0.0264346651123357,0.0237142119854698
E06000045,Southampton,0.0690422690465087,0.0727489214695685,0.0703416187911181,0.0715595648187158,0.0687369439228787,0.0658726640226538,0.0767953589925463,0.0811840377221159,0.0847616030413433,0.0754017843019393
E06000033,Southend-on-Sea,0.0398969438929502,0.0442170071562787,0.0414047073242697,0.0419528275970331,0.0440764587076113,0.0411060540624343,0.0461860864208396,0.0466341121213616,0.0512273037542662,0.0444212219529143
E09000028,Southwark,0.0903860874143192,0.091759814612868,0.0921439883748573,0.0971243453163286,0.0948144497688322,0.0937382682774222,0.101851498256066,0.105094939102807,0.109939466173196,0.099004115406369
E07000213,Spelthorne,0.0481680090138964,0.0497017687131087,0.0488235716999928,0.0556661663654649,0.0560867312205977,0.0548908151189958,0.0623688458434221,0.0627680351138583,0.0628881054444934,0.0582740079901475
E07000240,St Albans,0.0505918667874943,0.0556223924804942,0.0533605654616682,0.0549625364993664,0.0566325553396996,0.0562013263050502,0.0632516400965363,0.0614766612608823,0.0603562094144909,0.0530214242182739
E08000013,St. Helens,0.0247598415096491,0.0266800663169131,0.0281237763944138,0.0265137619856539,0.0274618226046218,0.0266080233079337,0.0320357328069324,0.0316191703369638,0.034720491735194,0.0294983296060079
E07000197,Stafford,0.0405592268612246,0.0407133192453289,0.0398078554976361,0.0429856714428524,0.0412494327635759,0.0409160282499401,0.0462586447419192,0.042942302031204,0.0432109557109557,0.037270234589215
E07000198,Staffordshire Moorlands,0.0343280971926468,0.0371044539742285,0.0340657311669129,0.0350886158752223,0.0352715511524217,0.0350798565840939,0.0386208576998051,0.0401130115755562,0.0412759689134962,0.0370934804474382
E07000243,Stevenage,0.0416513347656296,0.0448693765915307,0.0434869036482694,0.0477945879315758,0.0503701821457859,0.0491493383742911,0.055197802573542,0.0589032978553684,0.0590471853833457,0.0507127939707618
S12000030,Stirling,0.0416472932580538,0.0416987144269861,0.0443056012276663,0.0437937062937063,0.0444899278250566,0.0443306666666667,0.044,0.0447365631294392,0.048084067508757,0.0390093537414966
E08000007,Stockport,0.0328716730272936,0.0372666210892073,0.0348064165116361,0.036869561573809,0.0353056713248129,0.0362051059101997,0.0418560703671254,0.042820666609545,0.0440081384213235,0.0375666645139142
E06000004,Stockton-on-Tees,0.0317426390858287,0.0344386893660351,0.0338308354830872,0.0334682624998071,0.0341263170841704,0.0335480051847845,0.0378549216996544,0.0393584601420799,0.043370087358372,0.0375495772949919
E06000021,Stoke-on-Trent,0.0397074610303194,0.0402735075582885,0.0409522210764447,0.0420472114633641,0.0404495006872006,0.0397856965453621,0.0455364205217364,0.0461746529962906,0.047450024378352,0.0437257912415927
E07000221,Stratford-on-Avon,0.0444613652916639,0.0506399324469758,0.0458710299951341,0.048358091296529,0.0470033813031902,0.0469982569216426,0.0529544256481526,0.0503135287662643,0.0494319666712786,0.0413739973716409
E07000082,Stroud,0.0418221695526823,0.0428280441242604,0.04114151489123,0.0417093186668286,0.0403343209961122,0.0430655815853991,0.0463133835604842,0.0467908485199842,0.0474642392717815,0.0414464488060677
E08000024,Sunderland,0.0267569825300548,0.0268381659680016,0.0267667310178964,0.0261866739889155,0.0267147857940198,0.0258017287699193,0.0290388784089393,0.029352923577142,0.0305504042059019,0.0259856179322358
E07000214,Surrey Heath,0.0541341545300887,0.0589850057670127,0.0567516698418528,0.0584986448630059,0.0582225490750693,0.0591736655205456,0.0675829437278206,0.0680513986092671,0.0681820726723028,0.0600869916147258
E09000029,Sutton,0.0469697524630735,0.0513035208501313,0.0489000801891852,0.0529567475272033,0.054090158603092,0.0533115452227092,0.0615470151493532,0.0610976653220878,0.0595399056937518,0.0525307283818071
E07000113,Swale,0.0349975059417271,0.0386373862432327,0.037063629966828,0.0395454964833465,0.0376443336959955,0.0357169966256547,0.038140619248231,0.0380961358479386,0.0405378393145081,0.0336721517730027
W06000011,Swansea / Abertawe,0.0380366247575317,0.0399231604443331,0.0396363303180236,0.0409601354547945,0.0406246389012694,0.0386235897603718,0.0434454945413068,0.0443550023126922,0.0478839481280846,0.0456759530018697
E06000030,Swindon,0.0306806097973859,0.0340225936447116,0.0333647933915189,0.0346032936557542,0.0360366571071402,0.0369612956354653,0.0384184277759878,0.038802500945963,0.040923881490416,0.0347584585496296
E08000008,Tameside,0.0300418246278336,0.0330879514625274,0.0332585186696593,0.035850219306195,0.0317913203645934,0.0320291875271728,0.0373283835819364,0.0367678077416662,0.0404250904001448,0.0334761378496546
E07000199,Tamworth,0.0366213667988816,0.0374424486090396,0.0402744630071599,0.0412166372416658,0.0384784976915495,0.0383846253733281,0.0466894037398565,0.0449281410574089,0.0455043287785543,0.0379241257285595
E07000215,Tandridge,0.0534877010748034,0.0564429353673992,0.0533350666540607,0.0601359268807125,0.0593500477221407,0.0605822460041374,0.0631522274534062,0.0640372131297431,0.0633049280032679,0.056481669716067
E07000045,Teignbridge,0.0446765536609507,0.0438715043143778,0.0417644819491149,0.0454203025927554,0.0435055817164845,0.0434354241554223,0.0483805929837108,0.047153051699738,0.0481876523333557,0.0402994690422767
E06000020,Telford and Wrekin,0.0357307694613111,0.0375422350143912,0.0372920150377723,0.0379576834267942,0.0355318417726312,0.0352622217617296,0.0420725046652406,0.0406751444046367,0.0415114481746305,0.0374913137953475
E07000076,Tendring,0.0349190943199432,0.0375013548177319,0.035206455835497,0.0374728444745183,0.0367374285915791,0.0334977293813175,0.0376904737224007,0.037200880640316,0.0380865305231269,0.032683420086459
E07000093,Test Valley,0.0468559872491388,0.0510733673652006,0.0451748663776777,0.04855008970668,0.0485200079108709,0.0489973376322024,0.054938406060166,0.0525689268109516,0.0549064679771718,0.0481429346586664
E07000083,Tewkesbury,0.0526443739440129,0.0557188636966002,0.0527139689052809,0.0553975617147253,0.0565225399456647,0.0516392146230145,0.0577314794314307,0.0560913184807611,0.055578358012608,0.0486835568802782
E07000114,Thanet,0.0331096263448461,0.0365989372600175,0.0356599801157963,0.0357694584410147,0.0355881048761997,0.0359090521771239,0.0370532839949907,0.0376395264386295,0.0388452812108059,0.0345473568126228
E07000102,Three Rivers,0.0545262224042038,0.0567879825233098,0.0564611571355202,0.0617729908864954,0.0593483447171476,0.0577495791790755,0.0677129996437862,0.0666451716911172,0.0667145291085799,0.0578294276653258
E06000034,Thurrock,0.0373101321808578,0.0400908425458436,0.0400731533430458,0.040360879491155,0.0426403276318959,0.0420476405348279,0.0507646982874984,0.0503753079263875,0.0532290166971625,0.0453025391526283
E07000115,Tonbridge and Malling,0.0486922625880565,0.0558305334753749,0.0530969140463258,0.0573352704622621,0.0559234848424618,0.0536821020384117,0.0539137721020087,0.0542265608238575,0.05467904625699,0.0503352920321941
E06000027,Torbay,0.0428605184727844,0.044371767569212,0.0409149703860031,0.0437627566334494,0.0439566189056065,0.0409877535229082,0.0467588929883842,0.0465090587715422,0.0472245053719251,0.0398552320545009
W06000020,Torfaen / Tor-faen,0.0249150126110319,0.0267444660959429,0.0264004728442897,0.0268817791565173,0.0260769121797596,0.026621301389221,0.0281474898118443,0.0262442369074359,0.0255212268920084,0.021849164838873
E07000046,Torridge,0.04311193784878,0.0466426840000618,0.0482749090239071,0.0512359687466683,0.0496591868741706,0.048357255826445,0.0514294982380089,0.055266131517544,0.0546969985498118,0.0461298912964391
E09000030,Tower Hamlets,0.0816016436729528,0.0861643856401542,0.0809053564119057,0.0843898016837904,0.0861796697387587,0.0838298282398993,0.0902508085360627,0.0914433200610629,0.0966235045959137,0.0868635324382698
E08000009,Trafford,0.0424103112849034,0.0437391593811868,0.0423600670878486,0.0416926725752091,0.0455885824659298,0.0445540327056915,0.0494791777250279,0.0506451749375978,0.0542228064410122,0.0460983504434315
E07000116,Tunbridge Wells,0.0523922739184006,0.056012297488687,0.0536031147173842,0.0578073374812272,0.0573364205471229,0.0557785219458575,0.056970549122911,0.0593203110440985,0.0593140392843907,0.051370870782502
E07000077,Uttlesford,0.0492178128748501,0.0495326297121886,0.0482462506047412,0.0528275402659815,0.0529663752127223,0.0520807982477489,0.056680808357283,0.0564370535664226,0.0518053547171465,0.0449336452527518
W06000014,Vale of Glamorgan / Bro Morgannwg,0.0353649776206001,0.0372683034378494,0.0374619416805298,0.0357396745541329,0.0382325363338022,0.0346649494534141,0.0320912082026169,0.0354481140997995,0.0351231781535629,0.0287372038878007
E07000180,Vale of White Horse,0.0572970933046739,0.0588868062912558,0.0549487032073654,0.0579838069025285,0.055629317021512,0.0549617964602458,0.0614964908136283,0.0600903299135585,0.0615262449726852,0.0541077514320934
E08000036,Wakefield,0.026048224291049,0.0281252859190582,0.0273126631438212,0.0287953695888098,0.027803974049225,0.027131897927581,0.0300507644003639,0.0300981341185609,0.0327493741243483,0.0283908621356572
E08000030,Walsall,0.0326204716463098,0.0350792338024841,0.0352117078193083,0.036176729346227,0.0347288676236045,0.0343006307214033,0.0431294059930393,0.0429814593934603,0.0443746978751427,0.0380202011746816
E09000031,Waltham Forest,0.0644870679366448,0.0694668820678514,0.0695802747976661,0.0788645300054892,0.0778029415785215,0.0731159425574899,0.0848006388268816,0.0861944344054933,0.0885686125141254,0.0757312053152307
E09000032,Wandsworth,0.0979981151083813,0.102967072378731,0.100245615491982,0.104939090656355,0.105622626980972,0.104728815509943,0.114982815530677,0.117069046845997,0.120605926406756,0.110000454910762
E06000007,Warrington,0.0292537578499228,0.0333668637601511,0.0307118660590257,0.0324122681814003,0.0320048512616649,0.0325735860613572,0.0357265478960821,0.0387407121075463,0.0405449160532155,0.0356881903752203
E07000222,Warwick,0.0603981529883255,0.0584151477716853,0.0587375549895809,0.0596143449270139,0.0571735076641731,0.0565138219775178,0.0686403102322465,0.0691726790376463,0.0745723567508156,0.0669799667377458
E07000103,Watford,0.0589500623255711,0.0611703284750925,0.0622224588680049,0.0674180821114983,0.0719475235604268,0.0749350259378527,0.0795034910783553,0.0793658995318652,0.082731913395529,0.072218829885224
E07000216,Waverley,0.0600144553772361,0.06391657997559,0.059454484741373,0.0635462349727219,0.0607042923611615,0.0631014583483823,0.0685385169186465,0.0681792850887668,0.0687733519093154,0.063386959132716
E07000065,Wealden,0.045015560686678,0.047275736511089,0.0441493156692434,0.0461146414631786,0.0456916895210154,0.0460348994647399,0.0477409856487628,0.047566723895739,0.048756773494349,0.0423392919690536
E07000241,Welwyn Hatfield,0.069865525120341,0.0805921494523603,0.0698390297684675,0.0751597437164582,0.072013176662365,0.0699463667391143,0.0841716145705547,0.0866260407671126,0.0875466300399048,0.0752584891801797
E06000037,West Berkshire,0.0488621324960428,0.0531595821698211,0.0484262742660112,0.0543818990889532,0.0520386129810746,0.0513570779941479,0.0566216327071489,0.0553407306010963,0.0563142947301988,0.0464771400624744
E07000047,West Devon,0.0500978473581213,0.0580299150057529,0.0534993145863436,0.0573394917468671,0.056786906902499,0.0543093054692923,0.0574382331146415,0.0610682898717764,0.0580507563266184,0.0484511658561784
S12000039,West Dunbartonshire,0.0232755766471692,0.0249391188842152,0.0266815144766147,0.0246014937019284,0.0258734233731443,0.0240373914978856,0.0258230108246847,0.0274879389655559,0.0263128303159789,0.0228661987774508
E07000127,West Lancashire,0.042154460887567,0.0455770843288763,0.0457757876564523,0.0470919576199204,0.0477765331341904,0.0483632729234661,0.0549169747367866,0.0588333377212613,0.0612391300544153,0.0567094046953605
E07000142,West Lindsey,0.0485047900438714,0.0507804693918334,0.0508640724300867,0.0523279858949522,0.049248047505325,0.0502326869216106,0.0607377570489718,0.0580168442800072,0.0565085139076171,0.0489364356559167
S12000040,West Lothian,0.0243696520250998,0.024259985228112,0.0252951861943688,0.0242155756207675,0.0250294035284234,0.0236051740409704,0.0233081462688214,0.0239925332162073,0.0250682687056253,0.0200739854205201
E06000062,West Northamptonshire,0.0478128124933512,0.0510283807754033,0.0492760306671628,0.0510356813966459,0.0509625925963873,0.0509354904782014,0.0610865166963803,0.0591876064603563,0.06176521417109,0.0445648619610408
E07000181,West Oxfordshire,0.0442802678249654,0.0451644208876115,0.0439297790541479,0.0463573708312133,0.0468193243653841,0.046502004634568,0.0502992696721762,0.0494990892531876,0.0506674620174796,0.0409187709157286
E07000245,West Suffolk,0.0372402773485109,0.0407073039867497,0.0386593584538587,0.042428609004929,0.0423609341825902,0.0410047145517214,0.0458192002142283,0.0463101167815475,0.0462900388170572,0.0412629299161882
E09000033,Westminster,0.0951671812807972,0.0953396174973295,0.102012374282087,0.091896876454443,0.0889908295420652,0.0906378371229967,0.0901607869409631,0.0867642681455719,0.0897989797831752,0.0778512347692034
E08000010,Wigan,0.0249118262804836,0.0259678735019138,0.0243300709796442,0.0256326413672403,0.0253969042092328,0.0259577282814982,0.0291452333281996,0.028544441991119,0.0297691853636867,0.0262887346089649
E06000054,Wiltshire,0.0373524990565421,0.0397807571176355,0.0381591586773381,0.0390457322106653,0.0387154622333859,0.0383227693807899,0.0418129073487581,0.0427013395868804,0.042463961729837,0.0368321860059119
E07000094,Winchester,0.0695856873822976,0.0720819147314396,0.0672311970227744,0.0682184720259373,0.0689864787158887,0.0696506904955321,0.0809499592344142,0.081990426002655,0.0850719611722022,0.0749811395672027
E06000040,Windsor and Maidenhead,0.0555279879805373,0.0591181677210413,0.0597287356950464,0.0603352409883642,0.061742549417644,0.0590023315006447,0.0644931397362462,0.0647687964693253,0.0635838913764182,0.0582060248689456
E08000015,Wirral,0.0222613393697415,0.0239583755996617,0.0224810552904855,0.0233186004485184,0.0233260801989431,0.0226680239342553,0.0250312891113892,0.0252881030828963,0.0252121069963674,0.0220882048246263
E07000217,Woking,0.0547576211391756,0.0584992834163501,0.0559634215585683,0.0607846254744917,0.0603905878624624,0.0582620956212224,0.0706820002175439,0.0695681398084356,0.0711954203168871,0.0622150227981761
E06000041,Wokingham,0.0625649432371905,0.0609927357683617,0.0594628791952678,0.0606596660268232,0.061197270471464,0.06001704611649,0.0635955873439205,0.0628709541073587,0.0621438881713895,0.0538503549972693
E08000031,Wolverhampton,0.0393993244000448,0.0405136293393236,0.0398795429624803,0.0412122408687068,0.0401597767202653,0.0400671273598251,0.0470595477174273,0.0461054624286281,0.0487057492301325,0.0424572723112474
E07000237,Worcester,0.0500106405618217,0.0539439079721347,0.0544921933381824,0.0585473351929243,0.0580284200623855,0.0566778184386865,0.0683190961158786,0.0701043271731556,0.0734326529805773,0.0652171744876079
E07000229,Worthing,0.0421341358883026,0.0466560780532078,0.0445340324960296,0.0476199353136913,0.0459913391134133,0.0442121450670963,0.0516090192644483,0.0518791183821859,0.0520394320340056,0.0459598833166256
W06000006,Wrexham / Wrecsam,0.0280743318279411,0.0295207309332979,0.0306183312346743,0.0305105440850882,0.0309781565227665,0.0312832328961361,0.0318062122430313,0.0307729603455622,0.0331501871915385,0.027319833890706
E07000238,Wychavon,0.0415378307736987,0.0437182132334836,0.0426975930567003,0.0451973634871299,0.0422318809619667,0.0433313843955045,0.0473448292363892,0.0452175278781216,0.0475921905541863,0.0373653535137774
E07000128,Wyre,0.0448965568473053,0.0479551799942491,0.0487856740040863,0.0500395970311435,0.0461084841071331,0.0482445773713205,0.050250846720881,0.0453862959999281,0.0469261582107395,0.0425676811094307
E07000239,Wyre Forest,0.0320761259791123,0.0354277325231682,0.0318056726209215,0.0330104344488328,0.0324099639554614,0.0331776775625706,0.0355954922305516,0.0371257248025964,0.0384239468462154,0.0326085881806227
E06000014,York,0.0552676418094578,0.0605210280256756,0.0575964930509171,0.0644426330933839,0.0610251525871788,0.0633964817320704,0.073894015747275,0.0759291639073242,0.0792334938134442,0.0768439709589976
