local authority: district / unitary (as of April 2021),LA Code,2000,2001,2002,2003,2004,2005,2006,2007,2008,2009,2010,2011,2012,2013,2014,2015,2016,2017,2018,2019,2020,2021,2022,2023
Darlington,E06000005,0.81,0.85,0.84,0.88,0.82,0.85,0.83,0.85,0.83,0.79,0.87,0.79,0.83,0.82,0.84,0.87,0.85,0.82,0.83,0.84,0.87,0.88,,
County Durham,E06000047,0.56,0.59,0.57,0.57,0.56,0.57,0.59,0.58,0.59,0.55,0.53,0.56,0.55,0.58,0.59,0.62,0.59,0.63,0.63,0.64,0.63,0.65,,
Hartlepool,E06000001,0.65,0.6,0.66,0.66,0.62,0.65,0.65,0.62,0.59,0.58,0.56,0.54,0.52,0.55,0.58,0.59,0.6,0.59,0.58,0.61,0.59,0.64,,
Middlesbrough,E06000002,0.76,0.67,0.71,0.78,0.8,0.83,0.79,0.82,0.77,0.77,0.74,0.72,0.75,0.74,0.74,0.76,0.74,0.77,0.76,0.8,0.74,0.81,,
Northumberland,E06000057,0.6,0.58,0.61,0.62,0.62,0.65,0.64,0.61,0.64,0.63,0.62,0.61,0.6,0.63,0.63,0.66,0.65,0.69,0.68,0.71,0.65,0.67,,
Redcar and Cleveland,E06000003,0.51,0.51,0.53,0.53,0.53,0.55,0.56,0.52,0.51,0.49,0.51,0.5,0.54,0.56,0.58,0.58,0.56,0.55,0.56,0.54,0.53,0.56,,
Stockton-on-Tees,E06000004,0.65,0.7,0.71,0.7,0.71,0.73,0.72,0.7,0.7,0.69,0.67,0.71,0.68,0.71,0.72,0.75,0.72,0.76,0.75,0.78,0.81,0.77,,
Gateshead,E08000037,0.75,0.75,0.79,0.84,0.84,0.83,0.79,0.79,0.79,0.77,0.75,0.78,0.75,0.75,0.79,0.83,0.82,0.82,0.82,0.83,0.8,0.85,,
Newcastle upon Tyne,E08000021,1,1.02,1.05,1.02,1.02,1.11,1.07,1.02,1.04,0.98,0.98,0.99,0.99,0.97,1,1.01,1.01,1.03,1.03,1.05,0.99,1.02,,
North Tyneside,E08000022,0.58,0.56,0.59,0.57,0.57,0.63,0.6,0.6,0.59,0.56,0.6,0.59,0.61,0.6,0.65,0.69,0.7,0.73,0.74,0.73,0.7,0.72,,
South Tyneside,E08000023,0.52,0.5,0.47,0.47,0.49,0.53,0.51,0.51,0.5,0.5,0.5,0.5,0.52,0.54,0.53,0.56,0.51,0.53,0.52,0.53,0.51,0.54,,
Sunderland,E08000024,0.64,0.64,0.65,0.66,0.68,0.74,0.71,0.71,0.71,0.68,0.66,0.7,0.71,0.7,0.73,0.73,0.73,0.77,0.76,0.77,0.77,0.79,,
Blackburn with Darwen,E06000008,0.8,0.8,0.8,0.78,0.82,0.77,0.75,0.79,0.78,0.73,0.7,0.68,0.72,0.75,0.77,0.77,0.8,0.78,0.83,0.76,0.78,0.79,,
Blackpool,E06000009,0.8,0.82,0.8,0.71,0.76,0.7,0.76,0.73,0.72,0.75,0.71,0.71,0.71,0.71,0.75,0.77,0.77,0.77,0.82,0.84,0.84,0.86,,
Cheshire East,E06000049,0.8,0.84,0.81,0.82,0.81,0.82,0.85,0.84,0.82,0.82,0.81,0.82,0.85,0.87,0.9,0.94,0.91,0.92,0.93,0.95,0.93,0.92,,
Cheshire West and Chester,E06000050,0.78,0.81,0.81,0.81,0.81,0.8,0.79,0.8,0.79,0.78,0.79,0.8,0.8,0.83,0.84,0.88,0.94,0.95,0.92,0.92,0.86,0.87,,
Halton,E06000006,0.73,0.73,0.71,0.72,0.74,0.77,0.73,0.73,0.72,0.67,0.69,0.72,0.75,0.68,0.75,0.77,0.82,0.87,0.88,0.9,0.87,0.86,,
Warrington,E06000007,0.93,0.95,1.01,0.95,0.96,0.97,0.99,0.93,0.95,0.94,0.96,0.98,0.99,1.02,1.02,1.02,1.15,1.12,1.11,1.15,1.15,1.16,,
Allerdale,E07000026,0.61,0.62,0.62,0.7,0.7,0.63,0.71,0.7,0.69,0.66,0.65,,,,,,,,,,,,,
Barrow-in-Furness,E07000027,0.54,0.57,0.61,0.66,0.69,0.67,0.68,0.65,0.71,0.77,0.7,,,,,,,,,,,,,
Carlisle,E07000028,0.86,0.81,0.88,0.92,0.91,0.84,0.92,0.91,0.85,0.86,0.89,,,,,,,,,,,,,
Copeland,E07000029,0.68,0.63,0.71,0.79,0.75,0.62,0.7,0.73,0.69,0.71,0.72,,,,,,,,,,,,,
Eden,E07000030,0.84,0.77,0.81,0.95,0.93,0.87,0.91,0.89,1.01,1,0.92,,,,,,,,,,,,,
South Lakeland,E07000031,0.84,0.78,0.85,0.91,0.95,0.83,0.9,0.9,0.9,0.88,0.89,,,,,,,,,,,,,
Bolton,E08000001,0.74,0.72,0.7,0.73,0.71,0.74,0.68,0.68,0.69,0.66,0.63,0.64,0.64,0.66,0.67,0.68,0.71,0.72,0.74,0.74,0.74,0.75,,
Bury,E08000002,0.59,0.58,0.58,0.63,0.63,0.59,0.61,0.62,0.6,0.59,0.61,0.61,0.62,0.64,0.64,0.65,0.71,0.67,0.72,0.72,0.64,0.7,,
Manchester,E08000003,1.14,1.17,1.17,1.13,1.11,1.04,1.05,1.04,1.01,0.98,0.99,0.96,0.99,1.05,1.07,1.09,1.15,1.18,1.2,1.21,1.19,1.22,,
Oldham,E08000004,0.65,0.66,0.64,0.66,0.69,0.7,0.63,0.64,0.62,0.61,0.61,0.58,0.59,0.62,0.61,0.63,0.66,0.69,0.67,0.63,0.62,0.63,,
Rochdale,E08000005,0.64,0.64,0.64,0.66,0.65,0.66,0.65,0.67,0.62,0.62,0.58,0.58,0.6,0.58,0.61,0.6,0.61,0.63,0.65,0.64,0.62,0.61,,
Salford,E08000006,0.87,0.85,0.88,0.86,0.88,0.85,0.84,0.85,0.85,0.81,0.83,0.81,0.81,0.81,0.81,0.79,0.78,0.84,0.84,0.86,0.8,0.85,,
Stockport,E08000007,0.74,0.73,0.75,0.74,0.77,0.76,0.76,0.78,0.81,0.79,0.76,0.78,0.79,0.77,0.79,0.79,0.81,0.81,0.87,0.89,0.83,0.88,,
Tameside,E08000008,0.58,0.59,0.59,0.59,0.61,0.62,0.58,0.59,0.55,0.55,0.52,0.54,0.53,0.54,0.55,0.56,0.56,0.54,0.56,0.59,0.55,0.56,,
Trafford,E08000009,0.99,1.02,1.01,1.03,1.06,1,0.97,0.98,0.93,0.95,0.93,0.98,0.98,1.01,1.06,1.11,1.12,1.13,1.14,1.18,1.13,1.23,,
Wigan,E08000010,0.55,0.57,0.57,0.57,0.58,0.58,0.59,0.56,0.54,0.55,0.56,0.54,0.55,0.56,0.58,0.58,0.6,0.62,0.63,0.64,0.61,0.61,,
Burnley,E07000117,0.73,0.72,0.74,0.72,0.74,0.7,0.69,0.69,0.68,0.72,0.67,0.72,0.69,0.69,0.71,0.77,0.82,0.79,0.75,0.78,0.75,0.75,,
Chorley,E07000118,0.66,0.62,0.66,0.66,0.69,0.66,0.69,0.7,0.64,0.65,0.65,0.69,0.68,0.66,0.69,0.66,0.65,0.64,0.63,0.67,0.63,0.67,,
Fylde,E07000119,0.96,1.04,0.9,1.04,1.01,0.96,1.02,1.02,1.04,1.04,1,0.99,1.02,1.04,1.1,1.08,1.09,1.03,1,1.04,0.91,0.99,,
Hyndburn,E07000120,0.64,0.62,0.64,0.64,0.63,0.61,0.62,0.62,0.67,0.59,0.55,0.6,0.64,0.64,0.62,0.66,0.64,0.65,0.69,0.67,0.66,0.63,,
Lancaster,E07000121,0.66,0.7,0.71,0.7,0.7,0.7,0.69,0.7,0.76,0.72,0.66,0.73,0.68,0.72,0.76,0.71,0.78,0.75,0.73,0.75,0.74,0.69,,
Pendle,E07000122,0.66,0.66,0.68,0.68,0.64,0.63,0.65,0.64,0.65,0.57,0.57,0.65,0.65,0.61,0.67,0.6,0.67,0.66,0.69,0.69,0.67,0.6,,
Preston,E07000123,1.03,1.06,1.17,1.1,1.13,1.08,1.04,1.08,1.07,1,1.03,1.02,0.97,0.98,1.03,1.05,1.02,1.06,1.05,1.08,1.04,1.07,,
Ribble Valley,E07000124,0.79,0.83,0.89,0.89,0.83,0.81,0.82,0.8,0.84,1.02,1,1.01,1.01,1.03,0.84,0.95,0.99,0.97,0.88,1,0.98,0.82,,
Rossendale,E07000125,0.67,0.68,0.62,0.55,0.61,0.61,0.58,0.53,0.58,0.53,0.55,0.53,0.57,0.55,0.54,0.63,0.65,0.54,0.6,0.59,0.53,0.51,,
South Ribble,E07000126,0.66,0.66,0.7,0.73,0.73,0.75,0.72,0.76,0.71,0.75,0.72,0.91,0.87,0.93,0.86,0.85,0.88,0.91,0.87,0.94,0.89,0.8,,
West Lancashire,E07000127,0.64,0.66,0.69,0.65,0.69,0.72,0.71,0.73,0.72,0.68,0.71,0.73,0.73,0.75,0.74,0.74,0.85,0.79,0.81,0.8,0.82,0.8,,
Wyre,E07000128,0.58,0.57,0.6,0.64,0.65,0.63,0.65,0.64,0.63,0.66,0.69,0.65,0.58,0.62,0.59,0.62,0.66,0.66,0.65,0.64,0.62,0.6,,
Knowsley,E08000011,0.59,0.62,0.64,0.62,0.63,0.62,0.64,0.64,0.65,0.65,0.64,0.65,0.67,0.68,0.71,0.73,0.78,0.75,0.72,0.83,0.74,0.82,,
Liverpool,E08000012,0.76,0.82,0.82,0.82,0.81,0.81,0.81,0.81,0.82,0.8,0.76,0.78,0.78,0.79,0.81,0.83,0.84,0.86,0.87,0.91,0.87,0.9,,
Sefton,E08000014,0.64,0.64,0.69,0.69,0.68,0.66,0.64,0.63,0.6,0.6,0.59,0.59,0.58,0.61,0.61,0.61,0.62,0.64,0.61,0.62,0.62,0.63,,
St. Helens,E08000013,0.55,0.62,0.64,0.58,0.59,0.61,0.6,0.62,0.6,0.58,0.58,0.59,0.61,0.6,0.61,0.61,0.62,0.65,0.62,0.62,0.62,0.65,,
Wirral,E08000015,0.58,0.58,0.59,0.6,0.59,0.58,0.57,0.56,0.56,0.55,0.55,0.56,0.56,0.57,0.57,0.61,0.58,0.64,0.62,0.62,0.58,0.62,,
East Riding of Yorkshire,E06000011,0.54,0.61,0.63,0.67,0.64,0.63,0.62,0.64,0.63,0.66,0.66,0.66,0.64,0.65,0.69,0.7,0.75,0.76,0.76,0.76,0.71,0.74,,
"Kingston upon Hull, City of",E06000010,0.79,0.8,0.81,0.81,0.85,0.8,0.77,0.77,0.74,0.74,0.72,0.74,0.73,0.75,0.75,0.75,0.76,0.8,0.8,0.79,0.79,0.79,,
North East Lincolnshire,E06000012,0.77,0.74,0.73,0.76,0.79,0.76,0.74,0.75,0.76,0.74,0.74,0.73,0.71,0.71,0.74,0.78,0.78,0.8,0.78,0.77,0.77,0.83,,
North Lincolnshire,E06000013,0.77,0.78,0.78,0.77,0.79,0.8,0.77,0.77,0.76,0.71,0.71,0.71,0.7,0.71,0.74,0.75,0.78,0.79,0.81,0.82,0.83,0.88,,
York,E06000014,0.91,0.95,0.92,0.94,0.9,0.88,0.86,0.87,0.9,0.88,0.87,0.88,0.88,0.86,0.88,0.87,0.88,0.91,0.94,0.93,0.94,0.97,,
Craven,E07000163,0.89,0.87,0.88,0.97,0.89,0.93,0.97,0.99,1.01,1.06,0.93,,,,,,,,,,,,,
Hambleton,E07000164,0.92,0.91,0.95,0.98,0.91,0.97,0.86,0.87,0.83,0.9,0.95,,,,,,,,,,,,,
Harrogate,E07000165,0.8,0.87,0.9,0.88,0.86,0.88,0.89,0.88,0.91,0.96,0.92,,,,,,,,,,,,,
Richmondshire,E07000166,0.86,0.89,0.91,0.91,0.86,0.85,0.89,0.83,0.87,0.87,0.84,,,,,,,,,,,,,
Ryedale,E07000167,0.84,0.91,0.94,0.93,0.86,1.03,1,0.95,0.95,0.81,0.84,,,,,,,,,,,,,
Scarborough,E07000168,0.72,0.73,0.73,0.73,0.71,0.72,0.73,0.73,0.71,0.74,0.69,,,,,,,,,,,,,
Selby,E07000169,0.63,0.66,0.64,0.68,0.62,0.66,0.66,0.68,0.68,0.62,0.7,,,,,,,,,,,,,
Barnsley,E08000016,0.6,0.57,0.6,0.61,0.61,0.6,0.56,0.56,0.55,0.56,0.54,0.54,0.53,0.57,0.58,0.59,0.6,0.6,0.64,0.65,0.61,0.63,,
Doncaster,E08000017,0.64,0.64,0.65,0.66,0.68,0.69,0.69,0.68,0.67,0.64,0.65,0.64,0.63,0.66,0.67,0.72,0.72,0.74,0.72,0.73,0.71,0.72,,
Rotherham,E08000018,0.61,0.62,0.64,0.65,0.72,0.72,0.71,0.71,0.67,0.66,0.64,0.64,0.64,0.63,0.68,0.7,0.74,0.69,0.7,0.69,0.72,0.71,,
Sheffield,E08000019,0.77,0.78,0.79,0.81,0.81,0.81,0.79,0.8,0.8,0.78,0.75,0.75,0.74,0.74,0.78,0.79,0.81,0.81,0.8,0.83,0.81,0.82,,
Bradford,E08000032,0.75,0.74,0.74,0.74,0.72,0.71,0.69,0.69,0.68,0.68,0.66,0.66,0.65,0.67,0.66,0.69,0.69,0.71,0.68,0.68,0.67,0.69,,
Calderdale,E08000033,0.76,0.77,0.76,0.76,0.79,0.75,0.75,0.73,0.74,0.74,0.77,0.77,0.74,0.78,0.84,0.87,0.9,0.82,0.85,0.84,0.81,0.81,,
Kirklees,E08000034,0.69,0.69,0.69,0.69,0.72,0.72,0.68,0.68,0.64,0.64,0.61,0.63,0.62,0.61,0.65,0.68,0.68,0.71,0.69,0.7,0.65,0.7,,
Leeds,E08000035,0.94,0.92,0.93,0.94,0.96,0.93,0.92,0.9,0.93,0.88,0.9,0.9,0.87,0.89,0.9,0.95,0.93,0.96,0.99,1,0.95,0.97,,
Wakefield,E08000036,0.66,0.68,0.67,0.71,0.75,0.75,0.7,0.76,0.73,0.71,0.71,0.7,0.72,0.74,0.75,0.78,0.8,0.79,0.78,0.79,0.78,0.78,,
Derby,E06000015,0.83,0.89,0.86,0.84,0.87,0.88,0.84,0.9,0.84,0.82,0.8,0.82,0.82,0.83,0.84,0.85,0.87,0.88,0.9,0.95,0.93,0.92,,
Leicester,E06000016,0.99,0.95,0.95,0.93,0.89,0.88,0.85,0.85,0.8,0.8,0.79,0.79,0.77,0.78,0.79,0.83,0.86,0.79,0.73,0.81,0.76,0.73,,
Nottingham,E06000018,1.08,1.11,1.08,1.06,1.04,1.02,1.02,1.02,0.98,0.97,1.01,1,0.99,1.03,1.06,1.11,1.11,0.98,0.98,0.99,0.99,1.03,,
Rutland,E06000017,0.8,0.76,0.79,0.8,0.8,0.8,0.78,0.83,0.85,0.83,0.86,0.87,0.82,0.83,0.8,0.85,0.92,0.9,0.86,0.84,0.85,0.85,,
Amber Valley,E07000032,0.76,0.78,0.73,0.72,0.72,0.72,0.73,0.73,0.74,0.69,0.72,0.73,0.72,0.73,0.78,0.81,0.75,0.77,0.73,0.77,0.71,0.72,,
Bolsover,E07000033,0.47,0.49,0.45,0.51,0.49,0.54,0.56,0.54,0.59,0.58,0.59,0.66,0.62,0.72,0.61,0.74,0.73,0.67,0.67,0.66,0.59,0.69,,
Chesterfield,E07000034,0.87,0.89,0.85,0.89,0.86,0.84,0.86,0.82,0.78,0.75,0.78,0.83,0.9,0.76,0.79,0.81,0.86,0.87,0.94,0.88,0.84,0.9,,
Derbyshire Dales,E07000035,0.87,0.86,0.93,0.88,0.86,0.94,0.87,0.9,0.94,0.96,0.93,1.07,1.07,0.92,0.87,0.9,1.02,1.04,1.06,1.14,1.05,0.95,,
Erewash,E07000036,0.57,0.61,0.65,0.62,0.61,0.65,0.68,0.63,0.62,0.59,0.57,0.57,0.62,0.6,0.56,0.59,0.64,0.62,0.66,0.68,0.64,0.58,,
High Peak,E07000037,0.69,0.69,0.67,0.65,0.62,0.64,0.63,0.61,0.62,0.61,0.61,0.65,0.67,0.61,0.62,0.62,0.66,0.66,0.75,0.75,0.69,0.65,,
North East Derbyshire,E07000038,0.47,0.48,0.5,0.52,0.5,0.5,0.47,0.47,0.49,0.47,0.5,0.5,0.49,0.49,0.52,0.56,0.56,0.56,0.59,0.54,0.51,0.58,,
South Derbyshire,E07000039,0.46,0.47,0.46,0.58,0.6,0.62,0.57,0.56,0.54,0.5,0.59,0.56,0.63,0.59,0.55,0.53,0.6,0.57,0.59,0.62,0.53,0.55,,
Blaby,E07000129,0.57,0.67,0.72,0.71,0.76,0.85,0.85,0.9,0.9,0.89,0.82,0.89,0.93,0.9,0.93,0.95,0.99,1.06,1.06,1.1,0.98,1.04,,
Charnwood,E07000130,0.66,0.61,0.62,0.67,0.67,0.64,0.66,0.68,0.68,0.64,0.64,0.63,0.6,0.62,0.65,0.65,0.7,0.64,0.64,0.66,0.68,0.7,,
Harborough,E07000131,0.76,0.74,0.74,0.74,0.79,0.8,0.85,0.83,0.79,0.78,0.72,0.81,0.79,0.78,0.78,0.8,0.79,0.86,0.88,0.83,0.8,0.79,,
Hinckley and Bosworth,E07000132,0.72,0.7,0.7,0.7,0.7,0.7,0.7,0.68,0.64,0.63,0.65,0.65,0.63,0.71,0.72,0.7,0.76,0.73,0.7,0.69,0.73,0.73,,
Melton,E07000133,0.68,0.68,0.7,0.7,0.69,0.75,0.69,0.74,0.78,0.72,0.76,0.78,0.77,0.83,0.74,0.82,0.86,0.81,0.79,0.75,0.8,0.84,,
North West Leicestershire,E07000134,0.79,0.88,0.89,0.86,0.9,0.92,0.94,0.94,0.94,0.92,0.93,0.92,1.05,0.95,0.94,1.01,1.01,1.07,1.1,1.09,1.14,1.12,,
Oadby and Wigston,E07000135,0.6,0.57,0.53,0.52,0.56,0.6,0.6,0.59,0.61,0.59,0.61,0.59,0.58,0.54,0.55,0.59,0.61,0.62,0.62,0.6,0.61,0.64,,
Boston,E07000136,0.91,0.75,0.75,0.8,0.77,0.84,0.8,0.85,0.77,0.75,0.82,0.84,0.86,0.87,0.82,0.79,0.88,0.91,0.88,0.81,0.81,0.79,,
East Lindsey,E07000137,0.6,0.64,0.65,0.67,0.66,0.65,0.71,0.73,0.67,0.68,0.69,0.73,0.71,0.64,0.66,0.73,0.78,0.74,0.78,0.75,0.76,0.68,,
Lincoln,E07000138,0.98,1.05,1.02,0.98,0.95,0.96,0.99,1.03,1.02,1.01,0.94,0.91,0.87,0.88,0.93,0.93,0.89,0.88,0.9,0.85,0.85,0.88,,
North Kesteven,E07000139,0.62,0.66,0.65,0.66,0.67,0.66,0.66,0.66,0.63,0.65,0.68,0.73,0.67,0.65,0.71,0.72,0.75,0.74,0.74,0.77,0.74,0.76,,
South Holland,E07000140,0.79,0.77,0.81,0.79,0.75,0.78,0.77,0.81,0.76,0.71,0.71,0.8,0.76,0.77,0.74,0.78,0.8,0.79,0.76,0.81,0.8,0.81,,
South Kesteven,E07000141,0.68,0.7,0.71,0.74,0.7,0.72,0.7,0.74,0.75,0.75,0.75,0.75,0.72,0.73,0.75,0.73,0.74,0.83,0.78,0.78,0.81,0.79,,
West Lindsey,E07000142,0.57,0.59,0.59,0.6,0.54,0.54,0.55,0.58,0.55,0.53,0.49,0.55,0.56,0.56,0.56,0.56,0.61,0.59,0.57,0.62,0.61,0.62,,
Ashfield,E07000170,0.65,0.65,0.62,0.61,0.63,0.67,0.63,0.64,0.67,0.67,0.66,0.64,0.66,0.69,0.71,0.74,0.75,0.74,0.75,0.77,0.69,0.73,,
Bassetlaw,E07000171,0.75,0.71,0.74,0.67,0.65,0.68,0.68,0.71,0.7,0.69,0.66,0.72,0.72,0.72,0.77,0.74,0.8,0.82,0.82,0.85,0.82,0.8,,
Broxtowe,E07000172,0.63,0.52,0.55,0.51,0.54,0.56,0.54,0.6,0.58,0.6,0.62,0.59,0.57,0.56,0.57,0.59,0.62,0.7,0.62,0.62,0.58,0.65,,
Gedling,E07000173,0.52,0.51,0.52,0.49,0.45,0.49,0.5,0.51,0.51,0.51,0.44,0.45,0.45,0.47,0.51,0.52,0.5,0.56,0.49,0.48,0.49,0.5,,
Mansfield,E07000174,0.67,0.63,0.6,0.65,0.68,0.71,0.67,0.67,0.64,0.67,0.62,0.62,0.58,0.56,0.62,0.66,0.66,0.66,0.65,0.65,0.69,0.61,,
Newark and Sherwood,E07000175,0.6,0.62,0.65,0.68,0.65,0.72,0.73,0.79,0.69,0.69,0.7,0.74,0.69,0.72,0.78,0.76,0.77,0.8,0.81,0.8,0.82,0.76,,
Rushcliffe,E07000176,0.59,0.57,0.64,0.61,0.64,0.72,0.74,0.75,0.68,0.66,0.63,0.64,0.65,0.64,0.67,0.68,0.74,0.7,0.74,0.74,0.71,0.71,,
North Northamptonshire,E06000061,-,0.73,0.71,0.72,0.72,0.73,0.7,0.72,0.69,0.67,0.68,0.72,0.72,0.73,0.73,0.73,0.78,0.77,0.75,0.82,0.81,0.77,,
West Northamptonshire,E06000062,-,0.86,0.85,0.88,0.9,0.9,0.85,0.9,0.89,0.87,0.88,0.89,0.89,0.89,0.89,0.88,0.91,0.94,0.93,0.91,0.89,0.96,,
"Herefordshire, County of",E06000019,0.82,0.81,0.77,0.82,0.83,0.83,0.85,0.86,0.84,0.83,0.81,0.82,0.85,0.89,0.84,0.86,0.93,0.97,0.96,0.99,0.96,0.98,,
Shropshire,E06000051,0.77,0.76,0.79,0.77,0.75,0.78,0.74,0.72,0.74,0.76,0.75,0.75,0.75,0.77,0.79,0.79,0.84,0.86,0.84,0.86,0.83,0.85,,
Stoke-on-Trent,E06000021,0.79,0.76,0.75,0.77,0.77,0.75,0.74,0.71,0.71,0.72,0.75,0.73,0.75,0.77,0.75,0.78,0.8,0.82,0.83,0.83,0.82,0.87,,
Telford and Wrekin,E06000020,0.81,0.8,0.84,0.8,0.84,0.86,0.84,0.83,0.83,0.78,0.8,0.79,0.81,0.8,0.85,0.85,0.85,0.86,0.85,0.87,0.84,0.85,,
Cannock Chase,E07000192,0.59,0.6,0.6,0.65,0.64,0.6,0.6,0.63,0.66,0.68,0.6,0.62,0.66,0.66,0.66,0.71,0.78,0.75,0.78,0.78,0.69,0.75,,
East Staffordshire,E07000193,0.84,0.87,0.93,0.95,0.96,0.97,0.89,0.85,0.86,0.85,0.87,0.88,0.84,0.85,0.87,0.95,0.89,0.9,0.91,0.85,0.95,0.88,,
Lichfield,E07000194,0.72,0.72,0.78,0.75,0.73,0.72,0.78,0.75,0.78,0.81,0.73,0.75,0.82,0.82,0.82,0.86,0.91,0.88,0.89,0.93,0.88,0.91,,
Newcastle-under-Lyme,E07000195,0.66,0.62,0.62,0.63,0.65,0.64,0.62,0.59,0.6,0.63,0.6,0.58,0.62,0.67,0.64,0.66,0.66,0.69,0.7,0.63,0.65,0.65,,
South Staffordshire,E07000196,0.52,0.48,0.51,0.52,0.53,0.52,0.52,0.51,0.52,0.49,0.52,0.53,0.52,0.58,0.51,0.6,0.61,0.65,0.58,0.62,0.63,0.62,,
Stafford,E07000197,0.84,0.88,0.86,0.8,0.81,0.83,0.89,0.88,0.83,0.81,0.82,0.81,0.83,0.83,0.79,0.8,0.89,0.94,0.9,0.85,0.81,0.91,,
Staffordshire Moorlands,E07000198,0.57,0.58,0.58,0.56,0.57,0.58,0.6,0.6,0.63,0.61,0.63,0.55,0.57,0.58,0.63,0.61,0.62,0.59,0.63,0.7,0.73,0.7,,
Tamworth,E07000199,0.74,0.69,0.67,0.69,0.73,0.7,0.73,0.7,0.65,0.59,0.6,0.61,0.67,0.69,0.69,0.75,0.65,0.66,0.72,0.74,0.69,0.65,,
North Warwickshire,E07000218,0.71,0.74,0.74,0.76,0.79,0.82,0.93,0.97,1.06,1.05,1.03,1.12,1.07,0.99,1.17,1.22,1.26,1.35,1.37,1.35,1.27,1.16,,
Nuneaton and Bedworth,E07000219,0.51,0.56,0.58,0.53,0.58,0.59,0.57,0.55,0.53,0.54,0.56,0.61,0.57,0.6,0.59,0.64,0.62,0.66,0.67,0.66,0.61,0.65,,
Rugby,E07000220,0.84,0.86,0.83,0.81,0.8,0.84,0.81,0.8,0.78,0.74,0.75,0.79,0.81,0.82,0.81,0.78,0.8,0.85,0.78,0.81,0.81,0.77,,
Stratford-on-Avon,E07000221,0.83,0.85,0.86,0.85,0.88,0.95,0.97,1.01,0.99,0.96,0.93,0.96,0.98,1,1.07,1.09,1.1,1.2,1.11,1.17,1.07,1.03,,
Warwick,E07000222,0.96,0.94,0.94,0.92,0.91,0.93,0.92,0.92,0.93,0.95,0.96,1,0.97,0.96,1.07,1.02,1.06,1.1,1.09,1.07,1.09,1.05,,
Birmingham,E08000025,0.86,0.86,0.86,0.86,0.85,0.84,0.83,0.81,0.79,0.73,0.74,0.76,0.75,0.77,0.78,0.79,0.79,0.81,0.8,0.81,0.81,0.8,,
Coventry,E08000026,0.82,0.82,0.83,0.81,0.81,0.82,0.8,0.79,0.77,0.76,0.76,0.75,0.77,0.8,0.81,0.81,0.77,0.81,0.8,0.81,0.81,0.82,,
Dudley,E08000027,0.71,0.71,0.72,0.72,0.71,0.73,0.69,0.7,0.68,0.67,0.65,0.64,0.64,0.63,0.64,0.66,0.66,0.69,0.67,0.68,0.65,0.69,,
Sandwell,E08000028,0.77,0.77,0.78,0.75,0.72,0.74,0.74,0.74,0.73,0.69,0.67,0.64,0.66,0.66,0.69,0.7,0.68,0.69,0.65,0.64,0.6,0.62,,
Solihull,E08000029,0.84,0.87,0.89,0.94,0.93,0.93,0.89,0.85,0.81,0.78,0.79,0.84,0.89,0.87,0.9,0.96,1,1.04,1.2,1.19,1.17,1.2,,
Walsall,E08000030,0.72,0.76,0.72,0.7,0.75,0.73,0.71,0.7,0.69,0.63,0.63,0.61,0.63,0.64,0.65,0.71,0.69,0.73,0.7,0.68,0.66,0.66,,
Wolverhampton,E08000031,0.78,0.75,0.77,0.76,0.75,0.75,0.81,0.78,0.75,0.73,0.78,0.79,0.77,0.77,0.69,0.71,0.7,0.7,0.73,0.72,0.72,0.72,,
Bromsgrove,E07000234,0.75,0.74,0.59,0.64,0.67,0.65,0.71,0.72,0.69,0.68,0.65,0.63,0.69,0.71,0.69,0.72,0.91,1.17,0.99,0.93,0.95,0.79,,
Malvern Hills,E07000235,0.78,0.78,0.68,0.77,0.74,0.7,0.74,0.75,0.74,0.73,0.73,0.71,0.75,0.71,0.74,0.74,0.77,0.76,0.81,0.85,0.78,0.79,,
Redditch,E07000236,0.85,0.87,0.78,0.86,0.91,0.89,0.89,0.84,0.72,0.73,0.69,0.73,0.72,0.74,0.78,0.77,0.72,0.78,0.81,0.85,0.78,0.76,,
Worcester,E07000237,0.79,0.9,0.89,1,0.98,0.92,0.88,0.88,0.87,0.89,0.88,0.88,0.86,0.86,0.85,0.88,0.87,0.88,0.9,0.9,0.92,0.94,,
Wychavon,E07000238,0.78,0.83,0.75,0.74,0.76,0.77,0.77,0.78,0.82,0.79,0.76,0.76,0.8,0.79,0.85,0.87,0.88,0.89,0.83,0.84,0.82,0.78,,
Wyre Forest,E07000239,0.68,0.64,0.63,0.64,0.65,0.67,0.6,0.58,0.63,0.59,0.59,0.64,0.63,0.6,0.59,0.63,0.69,0.7,0.72,0.73,0.74,0.73,,
Bedford,E06000055,0.78,0.75,0.75,0.81,0.81,0.87,0.79,0.81,0.79,0.78,0.77,0.79,0.77,0.76,0.78,0.77,0.78,0.77,0.77,0.78,0.79,0.78,,
Central Bedfordshire,E06000056,0.64,0.64,0.63,0.64,0.64,0.66,0.65,0.65,0.66,0.61,0.66,0.66,0.62,0.65,0.66,0.66,0.61,0.6,0.71,0.72,0.64,0.64,,
Luton,E06000032,0.72,0.74,0.73,0.78,0.8,0.82,0.81,0.79,0.77,0.76,0.7,0.71,0.68,0.7,0.73,0.7,0.73,0.75,0.74,0.72,0.71,0.73,,
Peterborough,E06000031,0.98,0.94,0.97,1,0.96,0.94,0.99,0.99,0.97,0.9,0.9,0.87,0.88,0.87,0.92,0.95,0.97,0.99,0.96,0.91,0.96,0.93,,
Southend-on-Sea,E06000033,0.83,0.77,0.8,0.79,0.77,0.76,0.73,0.74,0.72,0.69,0.67,0.67,0.68,0.67,0.68,0.68,0.71,0.71,0.74,0.72,0.72,0.73,,
Thurrock,E06000034,0.64,0.64,0.66,0.67,0.66,0.64,0.63,0.63,0.64,0.64,0.63,0.64,0.63,0.65,0.64,0.67,0.69,0.7,0.71,0.69,0.73,0.75,,
Cambridge,E07000008,1.18,1.2,1.22,1.19,1.07,1.04,1.12,1.14,1.17,1.15,1.07,1.08,1.09,1.15,1.17,1.16,1.15,1.15,1.16,1.16,1.14,1.1,,
East Cambridgeshire,E07000009,0.52,0.57,0.65,0.59,0.53,0.56,0.66,0.63,0.57,0.55,0.54,0.55,0.61,0.69,0.69,0.69,0.79,0.76,0.73,0.76,0.78,0.73,,
Fenland,E07000010,0.67,0.64,0.63,0.66,0.65,0.66,0.71,0.67,0.62,0.64,0.57,0.59,0.61,0.63,0.58,0.6,0.71,0.69,0.69,0.67,0.73,0.73,,
Huntingdonshire,E07000011,0.74,0.72,0.74,0.71,0.67,0.73,0.77,0.77,0.77,0.75,0.77,0.74,0.73,0.74,0.77,0.79,0.79,0.75,0.77,0.82,0.79,0.78,,
South Cambridgeshire,E07000012,0.82,0.79,0.82,0.81,0.77,0.81,0.85,0.82,0.83,0.8,0.86,0.83,0.78,0.8,0.89,0.9,0.94,1,0.97,1.02,0.98,0.99,,
Basildon,E07000066,0.76,0.7,0.75,0.76,0.78,0.81,0.79,0.77,0.79,0.77,0.74,0.77,0.78,0.77,0.81,0.81,0.86,0.83,0.82,0.85,0.81,0.84,,
Braintree,E07000067,0.63,0.64,0.71,0.69,0.67,0.67,0.65,0.69,0.63,0.64,0.58,0.6,0.61,0.6,0.65,0.67,0.74,0.75,0.71,0.72,0.71,0.69,,
Brentwood,E07000068,0.75,0.78,0.83,0.88,0.85,0.8,0.81,0.79,0.81,0.92,0.77,0.78,0.84,0.88,0.81,0.88,0.94,0.82,0.87,0.89,0.88,0.82,,
Castle Point,E07000069,0.43,0.42,0.43,0.42,0.43,0.45,0.45,0.51,0.45,0.47,0.48,0.48,0.54,0.46,0.48,0.52,0.5,0.5,0.56,0.55,0.58,0.5,,
Chelmsford,E07000070,0.75,0.77,0.89,0.86,0.84,0.84,0.84,0.83,0.82,0.83,0.86,0.89,0.87,0.85,0.85,0.87,0.9,0.94,0.93,0.92,0.89,0.89,,
Colchester,E07000071,0.81,0.8,0.82,0.81,0.78,0.81,0.78,0.79,0.8,0.77,0.78,0.79,0.81,0.8,0.83,0.84,0.84,0.86,0.81,0.82,0.77,0.77,,
Epping Forest,E07000072,0.61,0.61,0.62,0.7,0.69,0.74,0.67,0.65,0.66,0.67,0.65,0.67,0.71,0.68,0.65,0.67,0.75,0.76,0.78,0.78,0.78,0.78,,
Harlow,E07000073,0.86,0.91,0.93,0.88,0.78,0.81,0.78,0.8,0.88,0.81,0.8,0.82,0.89,0.83,0.8,0.82,0.86,0.83,0.82,0.77,0.74,0.81,,
Maldon,E07000074,0.64,0.63,0.65,0.57,0.58,0.59,0.59,0.59,0.69,0.6,0.63,0.57,0.7,0.65,0.67,0.74,0.67,0.71,0.73,0.68,0.67,0.67,,
Rochford,E07000075,0.51,0.49,0.51,0.55,0.47,0.5,0.48,0.46,0.49,0.48,0.5,0.56,0.6,0.62,0.52,0.58,0.55,0.61,0.58,0.61,0.55,0.56,,
Tendring,E07000076,0.56,0.56,0.56,0.59,0.55,0.53,0.61,0.58,0.58,0.56,0.58,0.6,0.63,0.58,0.59,0.57,0.61,0.6,0.63,0.66,0.65,0.66,,
Uttlesford,E07000077,0.91,0.88,0.92,0.92,0.9,0.93,0.9,0.87,0.89,0.83,0.81,0.84,0.9,0.83,0.83,0.89,0.97,1.02,1.04,1.04,1.04,1,,
Broxbourne,E07000095,0.64,0.63,0.69,0.75,0.72,0.67,0.68,0.67,0.69,0.71,0.72,0.74,0.74,0.8,0.74,0.74,0.71,0.69,0.67,0.65,0.7,0.65,,
Dacorum,E07000096,0.87,0.86,0.86,0.85,0.81,0.83,0.78,0.78,0.8,0.73,0.7,0.76,0.74,0.73,0.76,0.79,0.84,0.84,0.83,1.15,1.19,1.38,,
East Hertfordshire,E07000242,0.79,0.77,0.85,0.82,0.76,0.79,0.83,0.78,0.77,0.75,0.7,0.7,0.71,0.77,0.82,0.81,0.83,0.93,1.03,0.91,0.9,0.84,,
Hertsmere,E07000098,0.94,1.09,0.94,0.91,0.85,0.88,0.85,0.82,0.88,0.91,0.83,0.81,0.85,0.83,0.84,0.92,0.95,0.94,0.93,0.98,0.94,1.02,,
North Hertfordshire,E07000099,0.74,0.79,0.77,0.79,0.8,0.82,0.69,0.7,0.72,0.66,0.66,0.66,0.64,0.69,0.73,0.73,0.8,0.73,0.77,0.8,0.79,0.78,,
St Albans,E07000240,0.8,0.83,0.76,0.8,0.82,0.87,0.83,0.84,0.93,0.87,0.83,0.87,0.88,0.89,0.92,0.96,0.89,0.95,1,0.97,0.92,0.94,,
Stevenage,E07000243,0.95,0.89,0.87,0.96,0.96,0.97,0.85,0.92,0.86,0.89,0.86,0.85,0.85,0.81,0.84,0.85,0.87,0.89,0.9,0.93,0.9,0.91,,
Three Rivers,E07000102,0.68,0.72,0.68,0.72,0.72,0.73,0.7,0.7,0.72,0.67,0.67,0.67,0.7,0.69,0.82,0.88,0.81,0.89,0.9,0.93,0.86,0.86,,
Watford,E07000103,1.23,1.21,1.16,1.06,1.06,1.06,1.1,1.07,1.02,1.23,1.22,1.23,1.22,1.29,1.34,1.38,1.56,1.57,1.45,1.07,1.17,1.22,,
Welwyn Hatfield,E07000241,1.06,1.06,1.07,1.02,1.09,1.04,1.04,1.08,1.09,1.09,1.01,1.02,1.09,1.13,1.16,1.07,1.14,1.3,1.3,1.34,1.19,1.22,,
Breckland,E07000143,0.62,0.67,0.65,0.65,0.69,0.71,0.68,0.65,0.64,0.61,0.59,0.64,0.65,0.62,0.68,0.7,0.7,0.67,0.7,0.68,0.69,0.67,,
Broadland,E07000144,0.56,0.64,0.6,0.66,0.66,0.65,0.62,0.66,0.64,0.71,0.65,0.67,0.75,0.73,0.71,0.73,0.79,0.83,0.77,0.79,0.68,0.7,,
Great Yarmouth,E07000145,0.72,0.71,0.69,0.74,0.69,0.69,0.73,0.7,0.68,0.72,0.77,0.7,0.74,0.74,0.73,0.7,0.76,0.71,0.69,0.73,0.76,0.74,,
King's Lynn and West Norfolk,E07000146,0.71,0.72,0.71,0.72,0.75,0.75,0.7,0.72,0.72,0.73,0.72,0.71,0.76,0.69,0.75,0.76,0.75,0.82,0.78,0.75,0.78,0.8,,
North Norfolk,E07000147,0.72,0.71,0.7,0.72,0.72,0.71,0.69,0.65,0.62,0.68,0.68,0.69,0.74,0.73,0.71,0.76,0.83,0.74,0.79,0.8,0.88,0.78,,
Norwich,E07000148,1.24,1.26,1.22,1.16,1.15,1.2,1.32,1.24,1.14,1.05,1.01,1.03,1.06,1.03,1.05,1.05,1.08,1.05,1.07,1.08,0.99,0.99,,
South Norfolk,E07000149,0.55,0.57,0.65,0.67,0.7,0.71,0.74,0.68,0.67,0.69,0.69,0.75,0.77,0.77,0.75,0.83,0.8,0.81,0.83,0.79,0.77,0.77,,
Babergh,E07000200,0.64,0.71,0.73,0.72,0.71,0.7,0.76,0.75,0.7,0.65,0.66,0.7,0.71,0.72,0.72,0.76,0.72,0.74,0.71,0.7,0.76,0.73,,
Ipswich,E07000202,0.99,1.01,1.03,0.98,0.96,0.92,0.92,0.9,0.9,0.85,0.83,0.86,0.82,0.84,0.83,0.85,0.89,0.89,0.91,0.89,0.9,0.91,,
Mid Suffolk,E07000203,0.84,0.81,0.8,0.73,0.73,0.72,0.73,0.71,0.71,0.68,0.75,0.73,0.73,0.77,0.77,0.79,0.75,0.79,0.8,0.81,0.83,0.81,,
East Suffolk,E07000244,0.69,0.76,0.72,0.68,0.72,0.71,0.75,0.76,0.72,0.75,0.74,0.78,0.78,0.74,0.8,0.79,0.79,0.81,0.84,0.79,0.79,0.8,,
West Suffolk,E07000245,0.82,0.83,0.81,0.85,0.83,0.83,0.84,0.83,0.82,0.82,0.89,0.88,0.86,0.89,0.9,0.89,0.93,0.98,1,1.02,1,1.02,,
Camden,E09000007,2.05,1.98,1.92,1.86,1.82,1.88,1.8,1.9,2,1.99,1.97,2.06,2.16,2.22,2.37,2.4,2.46,2.52,2.55,2.55,2.5,2.72,,
City of London,E09000001,67.1,59.14,60.47,61.91,59.73,61.26,59.16,57.98,59.67,61.72,68.16,75.79,76.98,79.65,85.33,91.34,97.88,103.19,101.2,97.63,96.86,97.9,,
Hackney,E09000012,0.75,0.77,0.75,0.68,0.65,0.63,0.57,0.6,0.59,0.6,0.58,0.63,0.62,0.6,0.7,0.72,0.75,0.73,0.78,0.81,0.79,0.92,,
Hammersmith and Fulham,E09000013,1,0.98,0.94,0.99,1.01,1.05,1.02,1.02,1.02,0.98,1.03,1.03,1.07,1.01,1.07,1.1,1.13,1.14,1.1,1.14,1.19,1.12,,
Haringey,E09000014,0.48,0.48,0.47,0.49,0.49,0.52,0.5,0.49,0.45,0.42,0.4,0.41,0.44,0.44,0.47,0.48,0.46,0.47,0.47,0.45,0.49,0.49,,
Islington,E09000019,1.36,1.3,1.29,1.35,1.35,1.42,1.32,1.43,1.44,1.4,1.32,1.29,1.31,1.37,1.42,1.51,1.5,1.47,1.52,1.56,1.48,1.63,,
Kensington and Chelsea,E09000020,1.31,1.26,1.17,1.11,1.09,1.09,1.09,1.08,1.1,1.1,1.11,1.2,1.27,1.26,1.26,1.34,1.41,1.56,1.55,1.55,1.44,1.53,,
Lambeth,E09000022,0.73,0.66,0.69,0.71,0.72,0.69,0.67,0.66,0.66,0.69,0.68,0.66,0.66,0.72,0.75,0.76,0.71,0.76,0.71,0.73,0.71,0.73,,
Lewisham,E09000023,0.44,0.43,0.45,0.46,0.46,0.45,0.41,0.41,0.41,0.4,0.38,0.39,0.4,0.41,0.43,0.4,0.4,0.41,0.39,0.4,0.39,0.42,,
Newham,E09000025,0.5,0.48,0.43,0.45,0.47,0.49,0.46,0.44,0.41,0.41,0.38,0.41,0.44,0.47,0.49,0.49,0.53,0.53,0.57,0.53,0.55,0.58,,
Southwark,E09000028,1.05,1.06,0.92,0.99,1.07,1.08,1.09,1.13,1.22,1.15,1.09,1.16,1.25,1.16,1.27,1.28,1.35,1.39,1.43,1.37,1.33,1.32,,
Tower Hamlets,E09000030,1.15,1.21,1.12,1.13,1.3,1.31,1.31,1.3,1.3,1.23,1.22,1.32,1.3,1.34,1.35,1.41,1.4,1.44,1.48,1.48,1.39,1.31,,
Wandsworth,E09000032,0.65,0.61,0.62,0.62,0.61,0.59,0.59,0.59,0.59,0.56,0.52,0.55,0.59,0.57,0.56,0.6,0.61,0.62,0.6,0.62,0.59,0.61,,
Westminster,E09000033,4.23,4.03,3.82,3.81,3.68,3.61,3.56,3.73,3.89,3.95,4,4.16,4.32,4.53,4.68,4.74,4.86,4.86,5.02,5.21,4.9,5.23,,
Barking and Dagenham,E09000002,0.56,0.52,0.5,0.53,0.51,0.51,0.49,0.49,0.48,0.42,0.44,0.45,0.45,0.44,0.46,0.47,0.47,0.48,0.47,0.47,0.5,0.5,,
Barnet,E09000003,0.67,0.65,0.64,0.65,0.63,0.63,0.63,0.62,0.63,0.63,0.61,0.62,0.65,0.66,0.68,0.68,0.67,0.7,0.67,0.65,0.64,0.7,,
Bexley,E09000004,0.55,0.54,0.57,0.55,0.61,0.57,0.52,0.52,0.51,0.5,0.53,0.53,0.53,0.54,0.54,0.57,0.56,0.59,0.56,0.59,0.55,0.55,,
Brent,E09000005,0.67,0.62,0.62,0.65,0.65,0.64,0.58,0.57,0.54,0.53,0.54,0.53,0.56,0.56,0.57,0.58,0.63,0.66,0.66,0.64,0.63,0.62,,
Bromley,E09000006,0.62,0.61,0.63,0.67,0.67,0.66,0.66,0.71,0.67,0.61,0.61,0.61,0.61,0.64,0.63,0.6,0.65,0.65,0.61,0.64,0.62,0.6,,
Croydon,E09000008,0.73,0.71,0.68,0.69,0.69,0.67,0.66,0.67,0.63,0.57,0.58,0.56,0.58,0.53,0.57,0.58,0.59,0.62,0.59,0.56,0.56,0.55,,
Ealing,E09000009,0.64,0.63,0.62,0.64,0.63,0.63,0.62,0.63,0.58,0.56,0.55,0.63,0.62,0.63,0.66,0.66,0.68,0.68,0.6,0.63,0.64,0.63,,
Enfield,E09000010,0.63,0.61,0.57,0.6,0.59,0.62,0.56,0.57,0.57,0.54,0.56,0.54,0.57,0.57,0.6,0.62,0.6,0.59,0.62,0.63,0.59,0.58,,
Greenwich,E09000011,0.6,0.5,0.5,0.51,0.5,0.52,0.51,0.51,0.5,0.49,0.49,0.47,0.46,0.48,0.52,0.51,0.51,0.53,0.54,0.54,0.51,0.51,,
Harrow,E09000015,0.59,0.58,0.57,0.59,0.57,0.56,0.56,0.55,0.5,0.5,0.5,0.48,0.5,0.48,0.54,0.53,0.55,0.58,0.54,0.53,0.53,0.5,,
Havering,E09000016,0.63,0.63,0.65,0.66,0.65,0.63,0.6,0.56,0.59,0.54,0.55,0.55,0.56,0.6,0.59,0.6,0.63,0.64,0.64,0.6,0.59,0.64,,
Hillingdon,E09000017,1.11,1.16,1.13,1.12,1.2,1.18,1.2,1.19,1.19,1.12,1.08,1.11,1.15,1.13,1.15,1.05,1.04,1.1,1.05,1.03,1.03,1.01,,
Hounslow,E09000018,1,1.02,0.91,0.91,0.86,0.9,0.83,0.84,0.83,0.82,0.83,0.85,0.89,0.92,0.88,0.99,1.04,0.98,0.92,0.95,0.86,0.86,,
Kingston upon Thames,E09000021,0.85,0.8,0.77,0.77,0.81,0.78,0.92,0.8,0.8,0.78,0.78,0.73,0.73,0.72,0.74,0.84,0.88,0.89,0.86,0.81,0.79,0.8,,
Merton,E09000024,0.66,0.62,0.59,0.6,0.7,0.65,0.6,0.58,0.6,0.58,0.57,0.62,0.63,0.67,0.67,0.67,0.64,0.71,0.72,0.68,0.66,0.63,,
Redbridge,E09000026,0.53,0.52,0.52,0.52,0.52,0.51,0.44,0.46,0.48,0.45,0.43,0.42,0.47,0.44,0.46,0.47,0.47,0.49,0.45,0.47,0.44,0.46,,
Richmond upon Thames,E09000027,0.7,0.72,0.67,0.7,0.66,0.7,0.67,0.72,0.73,0.68,0.68,0.76,0.73,0.75,0.75,0.81,0.86,0.84,0.88,0.81,0.79,0.78,,
Sutton,E09000029,0.67,0.65,0.62,0.61,0.62,0.6,0.59,0.59,0.66,0.58,0.59,0.62,0.62,0.6,0.6,0.62,0.64,0.65,0.59,0.63,0.61,0.71,,
Waltham Forest,E09000031,0.5,0.46,0.46,0.46,0.46,0.5,0.44,0.42,0.41,0.41,0.38,0.4,0.43,0.44,0.45,0.45,0.45,0.46,0.45,0.47,0.44,0.43,,
Bracknell Forest,E06000036,0.97,1.01,0.98,1,0.98,0.94,0.98,1.01,0.95,0.85,0.9,0.88,0.86,0.85,0.88,0.91,0.92,0.91,0.9,0.89,0.86,0.83,,
Brighton and Hove,E06000043,0.84,0.83,0.81,0.82,0.84,0.86,0.79,0.8,0.77,0.73,0.73,0.76,0.79,0.8,0.83,0.85,0.89,0.89,0.87,0.87,0.83,0.88,,
Isle of Wight,E06000046,0.72,0.72,0.78,0.74,0.7,0.71,0.73,0.73,0.72,0.69,0.68,0.72,0.72,0.75,0.72,0.77,0.79,0.77,0.79,0.8,0.77,0.77,,
Medway,E06000035,0.58,0.61,0.64,0.61,0.62,0.66,0.63,0.61,0.58,0.55,0.56,0.55,0.57,0.56,0.56,0.57,0.61,0.61,0.62,0.6,0.63,0.64,,
Milton Keynes,E06000042,0.97,1,0.99,0.98,1,0.96,0.93,0.96,0.97,0.93,0.95,0.96,0.97,1.01,1.01,1.07,1.14,1.1,1.1,1.13,1.05,1.05,,
Portsmouth,E06000044,0.98,0.99,1.01,0.95,0.96,0.92,0.89,0.9,0.91,0.9,0.88,0.88,0.88,0.88,0.87,0.87,0.9,0.9,0.9,0.91,0.88,0.9,,
Reading,E06000038,1.15,1.16,1.17,1.11,1.13,1.08,1.01,1.03,1.02,0.94,0.94,0.98,0.98,0.97,0.99,1.01,1,1.01,0.99,1.04,1.02,1.09,,
Slough,E06000039,1.06,1.05,1.03,1.01,0.99,1,0.96,0.95,0.91,0.92,0.93,0.92,0.92,0.93,0.89,0.89,0.91,0.91,0.96,0.91,0.88,0.9,,
Southampton,E06000045,0.85,0.84,0.88,0.82,0.84,0.84,0.81,0.82,0.78,0.76,0.75,0.72,0.74,0.77,0.79,0.8,0.78,0.76,0.75,0.77,0.76,0.78,,
West Berkshire,E06000037,0.93,0.96,0.93,0.96,0.94,0.95,0.93,0.93,0.95,0.97,1.01,1.01,1.05,1.01,1.05,1.08,1.11,1.08,1.13,1.16,1.08,1.06,,
Windsor and Maidenhead,E06000040,1.02,0.98,1.04,0.99,1.03,1.01,0.97,0.98,0.95,0.91,0.91,0.97,0.92,0.95,0.96,0.97,1.02,0.98,1.03,1.02,0.97,0.94,,
Wokingham,E06000041,0.72,0.69,0.72,0.74,0.73,0.72,0.75,0.76,0.76,0.74,0.78,0.81,0.81,0.84,0.85,0.88,0.92,0.93,0.89,0.93,0.87,0.9,,
Buckinghamshire,E06000060,0.85,0.84,0.82,0.82,0.86,0.84,0.81,0.79,0.8,0.78,0.76,0.77,0.79,0.79,0.82,0.83,0.87,0.86,0.84,0.88,0.84,0.84,,
Eastbourne,E07000061,0.81,0.81,0.81,0.82,0.8,0.81,0.76,0.76,0.8,0.78,0.77,0.71,0.77,0.79,0.77,0.82,0.77,0.86,0.84,0.77,0.78,0.81,,
Hastings,E07000062,0.68,0.66,0.67,0.65,0.67,0.67,0.67,0.69,0.6,0.59,0.61,0.64,0.65,0.64,0.61,0.65,0.67,0.7,0.66,0.77,0.67,0.7,,
Lewes,E07000063,0.77,0.76,0.76,0.71,0.71,0.7,0.62,0.68,0.71,0.71,0.72,0.61,0.67,0.71,0.68,0.8,0.82,0.71,0.81,0.85,0.8,0.86,,
Rother,E07000064,0.64,0.7,0.66,0.67,0.64,0.69,0.68,0.69,0.7,0.74,0.67,0.63,0.65,0.71,0.71,0.76,0.74,0.73,0.7,0.79,0.71,0.77,,
Wealden,E07000065,0.65,0.66,0.65,0.65,0.63,0.65,0.65,0.66,0.65,0.67,0.67,0.64,0.71,0.7,0.68,0.73,0.76,0.75,0.75,0.81,0.7,0.67,,
Basingstoke and Deane,E07000084,0.87,0.83,0.88,0.85,0.84,0.88,0.81,0.85,0.85,0.82,0.83,0.87,0.83,0.84,0.78,0.82,0.84,0.8,0.83,0.86,0.82,0.83,,
East Hampshire,E07000085,0.77,0.82,0.77,0.76,0.76,0.87,0.81,0.77,0.78,0.76,0.82,0.8,0.79,0.71,0.77,0.84,0.75,0.71,0.8,0.81,0.75,0.65,,
Eastleigh,E07000086,0.87,0.79,0.8,0.81,0.86,0.95,0.84,0.84,0.83,0.83,0.81,0.85,0.85,0.83,0.83,0.92,0.94,0.93,0.91,0.91,0.85,0.84,,
Fareham,E07000087,0.79,0.76,0.77,0.76,0.78,0.79,0.79,0.82,0.88,0.76,0.81,0.84,0.83,0.83,0.84,0.85,0.89,0.84,0.81,0.84,0.89,0.84,,
Gosport,E07000088,0.68,0.55,0.55,0.5,0.49,0.53,0.49,0.51,0.5,0.45,0.49,0.48,0.45,0.5,0.52,0.53,0.47,0.51,0.51,0.53,0.48,0.49,,
Hart,E07000089,0.8,0.82,0.83,0.81,0.77,0.78,0.79,0.81,0.76,0.7,0.72,0.78,0.82,0.86,0.88,0.91,0.84,0.85,0.8,0.72,0.69,0.65,,
Havant,E07000090,0.65,0.65,0.64,0.62,0.63,0.66,0.6,0.61,0.63,0.6,0.66,0.65,0.64,0.73,0.74,0.69,0.66,0.66,0.65,0.7,0.69,0.63,,
New Forest,E07000091,0.69,0.74,0.71,0.7,0.74,0.76,0.73,0.77,0.75,0.76,0.78,0.76,0.76,0.8,0.79,0.83,0.84,0.82,0.84,0.85,0.81,0.81,,
Rushmoor,E07000092,0.92,0.91,0.98,0.95,0.94,0.94,0.84,0.83,0.86,0.81,0.8,0.8,0.81,0.82,0.82,0.88,0.92,0.86,0.91,0.89,0.88,0.85,,
Test Valley,E07000093,0.87,0.87,0.87,0.81,0.87,0.93,0.85,0.83,0.81,0.82,0.8,0.85,0.87,0.87,0.94,1.03,1.01,0.87,0.92,0.93,0.94,0.92,,
Winchester,E07000094,1.05,1.09,1.12,1.06,1.08,1.08,1.08,1.1,1.05,1.06,1.13,1.14,1.23,1.25,1.24,1.28,1.26,1.26,1.28,1.33,1.23,1.26,,
Ashford,E07000105,0.74,0.85,0.85,0.85,0.85,0.83,0.81,0.82,0.82,0.8,0.8,0.81,0.8,0.83,0.8,0.88,0.91,0.94,0.96,0.95,0.85,0.89,,
Canterbury,E07000106,0.72,0.77,0.77,0.77,0.74,0.76,0.74,0.76,0.8,0.75,0.76,0.76,0.72,0.72,0.78,0.79,0.83,0.84,0.84,0.88,0.82,0.85,,
Dartford,E07000107,0.86,0.9,0.95,1,0.9,0.95,0.88,0.95,0.96,0.88,0.91,0.91,0.96,0.98,1,1.03,1.09,0.96,0.94,0.93,1.08,0.99,,
Dover,E07000108,0.67,0.69,0.74,0.75,0.69,0.69,0.67,0.68,0.68,0.61,0.57,0.54,0.55,0.62,0.59,0.59,0.63,0.64,0.62,0.63,0.61,0.66,,
Gravesham,E07000109,0.52,0.53,0.54,0.53,0.54,0.57,0.49,0.51,0.51,0.51,0.51,0.51,0.49,0.48,0.48,0.49,0.58,0.61,0.57,0.55,0.56,0.57,,
Maidstone,E07000110,0.88,0.89,0.89,0.9,0.89,0.94,0.92,0.9,0.86,0.83,0.85,0.85,0.83,0.85,0.87,0.89,0.86,0.83,0.89,0.86,0.82,0.8,,
Sevenoaks,E07000111,0.69,0.75,0.8,0.74,0.75,0.75,0.69,0.71,0.69,0.76,0.76,0.78,0.78,0.81,0.78,0.83,0.88,0.93,0.85,0.92,0.83,0.88,,
Folkestone and Hythe,E07000112,0.64,0.72,0.74,0.68,0.65,0.68,0.63,0.68,0.7,0.65,0.67,0.73,0.71,0.73,0.77,0.74,0.71,0.69,0.64,0.73,0.74,0.71,,
Swale,E07000113,0.61,0.64,0.64,0.61,0.62,0.67,0.6,0.61,0.57,0.6,0.62,0.62,0.61,0.63,0.61,0.66,0.67,0.64,0.7,0.69,0.62,0.65,,
Thanet,E07000114,0.53,0.64,0.63,0.65,0.64,0.65,0.61,0.65,0.64,0.59,0.59,0.6,0.6,0.63,0.56,0.59,0.68,0.7,0.65,0.7,0.65,0.69,,
Tonbridge and Malling,E07000115,0.84,0.84,0.89,0.85,0.87,0.91,0.87,0.88,0.87,0.81,0.83,0.88,0.8,0.85,0.88,0.87,0.9,0.83,0.87,0.94,0.94,0.98,,
Tunbridge Wells,E07000116,0.86,0.9,0.97,0.9,0.87,0.87,0.77,0.76,0.78,0.8,0.75,0.82,0.78,0.8,0.92,1.04,0.93,0.91,0.88,0.93,0.94,1.01,,
Cherwell,E07000177,0.92,0.87,0.88,0.85,0.91,0.88,0.87,0.86,0.84,0.82,0.82,0.83,0.84,0.9,0.87,0.87,0.89,0.89,0.88,0.95,0.94,0.9,,
Oxford,E07000178,1.06,1.02,1.09,1.05,1.05,1.01,1.1,1.09,1.15,1.12,1.06,1.09,1.08,1.09,1.17,1.18,1.19,1.16,1.24,1.22,1.14,1.1,,
South Oxfordshire,E07000179,0.82,0.79,0.78,0.79,0.8,0.8,0.76,0.79,0.82,0.81,0.76,0.8,0.81,0.84,0.85,0.85,0.9,0.88,0.82,0.84,0.81,0.78,,
Vale of White Horse,E07000180,0.91,0.87,0.94,0.95,0.87,0.86,0.85,0.8,0.83,0.86,0.85,0.83,0.87,0.87,0.9,0.93,0.95,0.93,0.89,0.97,0.92,0.88,,
West Oxfordshire,E07000181,0.85,0.76,0.73,0.75,0.8,0.81,0.87,0.87,0.81,0.73,0.73,0.78,0.78,0.85,0.8,0.86,0.92,0.91,0.84,0.85,0.86,0.88,,
Elmbridge,E07000207,0.93,0.82,0.83,0.78,0.74,0.77,0.75,0.76,0.78,0.75,0.76,0.82,0.81,0.82,0.84,0.86,0.96,0.84,0.88,0.87,0.82,0.82,,
Epsom and Ewell,E07000208,1,0.88,0.74,0.71,0.67,0.77,0.67,0.67,0.7,0.72,0.72,0.77,0.74,0.69,0.73,0.72,0.74,0.68,0.68,0.74,0.74,0.72,,
Guildford,E07000209,0.99,0.92,0.93,1,0.93,0.98,1.06,1.04,0.99,0.95,0.96,0.98,0.94,1,1.04,1.03,1,1,1.05,1.11,0.97,1.05,,
Mole Valley,E07000210,1.13,1.11,1.08,1.01,0.91,0.92,1.03,0.98,1,1,1.01,1.01,1.04,0.96,0.96,1,1,0.96,1.06,1.07,0.97,1.03,,
Reigate and Banstead,E07000211,0.93,0.85,0.86,0.88,0.81,0.87,0.84,0.84,0.82,0.77,0.81,0.84,0.84,0.85,0.85,0.89,0.93,0.84,0.86,0.93,0.8,0.9,,
Runnymede,E07000212,0.94,0.92,0.96,0.97,0.96,1.09,1.03,1.05,1.02,1.13,1.12,1.15,1.15,1.04,1.07,1.09,1.16,1.15,1.15,1.23,1.19,1.05,,
Spelthorne,E07000213,1.35,0.95,0.88,0.8,0.76,0.85,0.77,0.81,0.74,0.68,0.73,0.67,0.7,0.67,0.69,0.67,0.69,0.69,0.73,0.79,0.7,0.66,,
Surrey Heath,E07000214,1,0.94,0.97,0.99,0.95,0.92,0.89,0.88,0.89,1.01,1.01,0.92,1.03,1.05,1.11,1.12,1,1.2,1.14,1.05,1.04,1.04,,
Tandridge,E07000215,0.7,0.71,0.76,0.84,0.78,0.72,0.78,0.8,0.79,0.69,0.73,0.74,0.77,0.81,0.83,0.79,0.76,0.74,0.85,0.91,0.7,0.75,,
Waverley,E07000216,0.84,0.83,0.79,0.82,0.76,0.81,0.79,0.8,0.82,0.78,0.8,0.82,0.79,0.82,0.86,0.94,0.93,0.91,0.85,0.86,0.91,0.82,,
Woking,E07000217,0.85,0.85,0.85,0.96,0.91,0.91,0.88,0.87,0.86,0.82,0.82,0.83,0.84,0.8,0.87,0.86,0.85,0.82,0.87,0.88,0.84,0.74,,
Adur,E07000223,0.6,0.61,0.62,0.6,0.59,0.65,0.62,0.6,0.58,0.54,0.54,0.56,0.63,0.61,0.57,0.66,0.62,0.57,0.66,0.7,0.7,0.64,,
Arun,E07000224,0.66,0.67,0.62,0.65,0.63,0.63,0.62,0.61,0.59,0.56,0.56,0.57,0.62,0.57,0.61,0.62,0.61,0.59,0.66,0.62,0.58,0.62,,
Chichester,E07000225,1.03,1.03,1.08,1,0.94,0.98,0.98,0.95,0.91,1,1.06,1.05,1.03,1.05,1.1,1.12,1.15,1.14,1.09,1.15,1.11,1.07,,
Crawley,E07000226,1.23,1.28,1.37,1.39,1.36,1.32,1.28,1.24,1.21,1.24,1.29,1.18,1.19,1.22,1.24,1.31,1.3,1.31,1.32,1.33,1.27,1.15,,
Horsham,E07000227,0.79,0.8,0.85,0.75,0.75,0.75,0.74,0.73,0.72,0.74,0.79,0.78,0.71,0.79,0.74,0.76,0.83,0.84,0.76,0.83,0.76,0.73,,
Mid Sussex,E07000228,0.79,0.85,0.9,0.76,0.76,0.8,0.77,0.74,0.75,0.72,0.71,0.74,0.77,0.76,0.77,0.79,0.82,0.82,0.75,0.8,0.79,0.73,,
Worthing,E07000229,0.93,0.92,0.93,0.89,0.88,0.85,0.86,0.84,0.8,0.78,0.76,0.83,0.86,0.88,0.85,0.85,0.88,0.82,0.88,0.87,0.86,0.88,,
Bath and North East Somerset,E06000022,0.81,0.8,0.86,0.89,0.95,0.84,0.84,0.84,0.81,0.85,0.86,0.86,0.88,0.84,0.88,0.87,0.85,0.87,0.85,0.89,0.89,0.9,,
"Bristol, City of",E06000023,1.04,1.03,1.06,0.99,0.96,0.94,0.92,0.92,0.92,0.93,0.91,0.92,0.91,0.93,0.97,0.97,0.96,1,0.97,1,0.97,0.98,,
Cornwall,E06000052,0.7,0.73,0.76,0.76,0.74,0.74,0.77,0.79,0.8,0.78,0.79,0.79,0.78,0.8,0.82,0.82,0.84,0.87,0.86,0.85,0.85,0.86,,
Isles of Scilly,E06000053,0.78,0.99,0.91,0.84,0.91,0.94,0.92,0.93,0.94,0.97,0.81,0.9,0.84,0.89,2.24,2.13,0.89,0.95,0.96,1.11,0.96,0.85,,
North Somerset,E06000024,0.69,0.71,0.71,0.7,0.69,0.69,0.69,0.69,0.69,0.71,0.71,0.74,0.71,0.71,0.73,0.76,0.8,0.8,0.81,0.81,0.8,0.82,,
Plymouth,E06000026,0.77,0.81,0.77,0.79,0.78,0.78,0.76,0.76,0.76,0.74,0.74,0.75,0.77,0.76,0.77,0.79,0.76,0.77,0.76,0.79,0.78,0.8,,
South Gloucestershire,E06000025,0.78,0.81,0.79,0.87,0.89,0.93,0.89,0.89,0.91,0.92,0.92,0.93,0.87,0.89,0.93,0.93,0.95,0.92,0.94,1.04,0.96,0.95,,
Swindon,E06000030,1.02,1.05,1.02,0.97,0.97,0.98,0.95,0.93,0.89,0.92,0.86,0.86,0.82,0.85,0.86,0.87,0.89,0.87,0.86,0.85,0.84,0.84,,
Torbay,E06000027,0.73,0.77,0.74,0.73,0.76,0.75,0.74,0.74,0.72,0.72,0.7,0.73,0.76,0.74,0.74,0.74,0.73,0.75,0.72,0.74,0.71,0.74,,
Wiltshire,E06000054,0.81,0.82,0.8,0.83,0.8,0.81,0.81,0.81,0.79,0.79,0.79,0.78,0.72,0.75,0.85,0.85,0.89,0.86,0.87,0.91,0.89,0.83,,
East Devon,E07000040,0.68,0.78,0.8,0.7,0.73,0.73,0.85,0.8,0.72,0.73,0.75,0.78,0.75,0.73,0.79,0.88,0.83,0.79,0.82,0.81,0.76,0.74,,
Exeter,E07000041,1.06,1.1,1.06,1.14,1.25,1.18,1.22,1.19,1.16,1.25,1.27,1.08,1.1,1.18,1.25,1.25,1.24,1.24,1.29,1.28,1.21,1.23,,
Mid Devon,E07000042,0.69,0.72,0.73,0.72,0.69,0.69,0.7,0.65,0.63,0.67,0.61,0.67,0.65,0.65,0.75,0.78,0.81,0.79,0.68,0.71,0.71,0.65,,
North Devon,E07000043,0.79,0.85,0.79,0.82,0.83,0.86,0.81,0.87,0.84,0.83,0.92,0.89,0.9,0.95,0.97,1.06,0.94,1.13,1.08,1.07,0.92,0.98,,
South Hams,E07000044,0.7,0.8,0.83,0.87,0.89,0.9,0.88,0.86,0.9,0.9,0.9,0.94,0.97,0.88,0.9,0.93,0.94,0.99,1.05,0.96,1.03,1.01,,
Teignbridge,E07000045,0.67,0.69,0.82,0.7,0.68,0.69,0.65,0.66,0.67,0.72,0.66,0.73,0.76,0.74,0.71,0.75,0.77,0.78,0.73,0.76,0.75,0.8,,
Torridge,E07000046,0.63,0.66,0.62,0.64,0.63,0.61,0.63,0.55,0.63,0.7,0.63,0.61,0.66,0.71,0.62,0.64,0.71,0.69,0.71,0.8,0.82,0.74,,
West Devon,E07000047,0.72,0.7,0.7,0.69,0.73,0.69,0.75,0.75,0.7,0.8,0.71,0.55,0.69,0.68,0.7,0.77,0.74,0.76,0.68,0.65,0.75,0.77,,
"Bournemouth, Christchurch and Poole",E06000058,0.85,0.84,0.83,0.87,0.84,0.87,0.85,0.84,0.83,0.82,0.81,0.79,0.81,0.84,0.85,0.84,0.85,0.87,0.89,0.9,0.87,0.89,,
Dorset,E06000059,0.75,0.75,0.75,0.73,0.72,0.74,0.75,0.76,0.78,0.81,0.79,0.79,0.8,0.83,0.83,0.83,0.86,0.86,0.88,0.88,0.85,0.87,,
Cheltenham,E07000078,0.94,0.98,1.04,1.01,1,0.88,0.82,0.82,0.84,0.84,0.94,0.94,0.95,0.96,0.99,1,0.89,0.98,0.92,0.98,1,0.98,,
Cotswold,E07000079,0.74,0.83,0.84,0.88,0.91,0.86,0.85,0.87,0.84,0.88,0.86,0.9,0.95,1.01,1.01,1.02,1.08,1.02,1.09,1.08,1.06,1.03,,
Forest of Dean,E07000080,0.59,0.69,0.68,0.61,0.57,0.56,0.6,0.6,0.59,0.61,0.56,0.65,0.62,0.59,0.61,0.63,0.6,0.55,0.64,0.64,0.58,0.59,,
Gloucester,E07000081,0.93,0.93,0.9,1.01,0.98,0.95,0.95,0.92,0.87,0.93,0.91,0.83,0.83,0.82,0.83,0.84,0.81,0.84,0.87,0.9,0.86,0.89,,
Stroud,E07000082,0.73,0.67,0.71,0.77,0.73,0.71,0.77,0.79,0.83,0.82,0.81,0.82,0.86,0.84,0.85,0.86,0.87,0.86,0.9,0.87,0.83,0.78,,
Tewkesbury,E07000083,0.76,0.83,0.83,0.79,0.86,0.83,0.79,0.83,0.83,0.87,0.84,0.87,0.89,0.89,0.96,0.97,1.03,1,1.03,1.06,0.95,0.93,,
Mendip,E07000187,0.74,0.74,0.74,0.7,0.75,0.76,0.74,0.73,0.74,0.75,0.73,,,,,,,,,,,,,
Sedgemoor,E07000188,0.68,0.65,0.67,0.72,0.73,0.75,0.71,0.69,0.64,0.64,0.65,,,,,,,,,,,,,
South Somerset,E07000189,0.8,0.83,0.82,0.83,0.84,0.85,0.84,0.85,0.83,0.81,0.82,,,,,,,,,,,,,
Somerset West and Taunton,E07000246,0.91,0.89,0.84,0.83,0.89,0.91,0.88,0.86,0.91,0.91,0.92,,,,,,,,,,,,,
Isle of Anglesey,W06000001,0.51,0.57,0.54,0.59,0.6,0.62,0.59,0.6,0.58,0.57,0.58,0.59,0.62,0.6,0.62,0.64,0.67,0.66,0.71,0.71,0.69,0.67,,
Gwynedd,W06000002,0.73,0.72,0.76,0.8,0.78,0.81,0.77,0.76,0.78,0.8,0.79,0.79,0.85,0.89,0.86,0.92,0.95,0.94,0.96,0.94,0.92,0.87,,
Conwy,W06000003,0.64,0.67,0.66,0.68,0.67,0.72,0.67,0.66,0.68,0.67,0.66,0.67,0.7,0.72,0.71,0.77,0.81,0.79,0.77,0.77,0.8,0.75,,
Denbighshire,W06000004,0.77,0.72,0.72,0.73,0.78,0.8,0.75,0.77,0.79,0.75,0.74,0.75,0.77,0.8,0.77,0.8,0.83,0.85,0.89,0.86,0.87,0.85,,
Flintshire,W06000005,0.71,0.69,0.69,0.72,0.76,0.78,0.78,0.76,0.76,0.72,0.73,0.79,0.8,0.8,0.85,0.86,0.87,0.84,0.89,0.9,0.87,0.86,,
Wrexham,W06000006,0.7,0.71,0.71,0.68,0.71,0.7,0.69,0.7,0.69,0.67,0.69,0.71,0.72,0.74,0.74,0.73,0.74,0.77,0.81,0.82,0.84,0.84,,
Powys,W06000023,0.78,0.79,0.8,0.84,0.85,0.8,0.8,0.78,0.76,0.77,0.77,0.81,0.83,0.86,0.83,0.9,0.93,0.89,0.92,0.91,0.88,0.86,,
Ceredigion,W06000008,0.67,0.73,0.68,0.73,0.71,0.75,0.78,0.71,0.71,0.75,0.74,0.73,0.7,0.73,0.72,0.8,0.88,0.8,0.82,0.87,0.83,0.84,,
Pembrokeshire,W06000009,0.67,0.71,0.66,0.69,0.69,0.74,0.72,0.72,0.68,0.73,0.72,0.75,0.77,0.78,0.77,0.77,0.84,0.79,0.84,0.85,0.83,0.79,,
Carmarthenshire,W06000010,0.58,0.63,0.6,0.61,0.63,0.7,0.66,0.65,0.64,0.68,0.64,0.66,0.67,0.7,0.7,0.73,0.77,0.77,0.74,0.75,0.73,0.73,,
Swansea,W06000011,0.72,0.72,0.75,0.8,0.81,0.82,0.79,0.77,0.76,0.74,0.75,0.74,0.72,0.77,0.8,0.8,0.82,0.82,0.83,0.84,0.82,0.79,,
Neath Port Talbot,W06000012,0.54,0.52,0.57,0.57,0.53,0.55,0.53,0.53,0.54,0.54,0.53,0.56,0.59,0.59,0.59,0.61,0.65,0.6,0.62,0.65,0.64,0.64,,
Bridgend,W06000013,0.69,0.63,0.66,0.65,0.7,0.7,0.7,0.71,0.7,0.69,0.67,0.68,0.68,0.7,0.73,0.76,0.71,0.72,0.74,0.7,0.69,0.71,,
Vale of Glamorgan,W06000014,0.68,0.69,0.59,0.61,0.61,0.6,0.61,0.55,0.55,0.54,0.56,0.56,0.57,0.58,0.6,0.62,0.61,0.65,0.66,0.63,0.6,0.6,,
Cardiff,W06000015,0.94,0.97,0.96,0.95,0.99,0.98,0.96,0.95,0.93,0.92,0.9,0.91,0.9,0.91,0.92,0.94,0.98,1,1.01,1.01,0.99,1,,
Rhondda Cynon Taff,W06000016,0.54,0.55,0.59,0.55,0.59,0.59,0.59,0.58,0.54,0.53,0.53,0.54,0.56,0.57,0.57,0.58,0.56,0.56,0.59,0.57,0.57,0.59,,
Merthyr Tydfil,W06000024,0.55,0.58,0.62,0.59,0.65,0.65,0.65,0.67,0.67,0.65,0.64,0.64,0.64,0.62,0.63,0.62,0.65,0.64,0.67,0.68,0.74,0.69,,
Caerphilly,W06000018,0.51,0.48,0.49,0.47,0.49,0.51,0.51,0.5,0.52,0.53,0.49,0.5,0.51,0.54,0.54,0.55,0.57,0.54,0.55,0.59,0.57,0.6,,
Blaenau Gwent,W06000019,0.54,0.52,0.49,0.51,0.5,0.52,0.46,0.48,0.48,0.44,0.48,0.44,0.48,0.48,0.49,0.49,0.5,0.5,0.52,0.51,0.49,0.49,,
Torfaen,W06000020,0.7,0.7,0.71,0.71,0.75,0.67,0.7,0.68,0.67,0.64,0.65,0.65,0.67,0.7,0.7,0.68,0.71,0.72,0.69,0.72,0.73,0.7,,
Monmouthshire,W06000021,0.72,0.81,0.76,0.84,0.8,0.77,0.77,0.7,0.75,0.72,0.71,0.71,0.74,0.73,0.75,0.79,0.82,0.86,0.86,0.84,0.79,0.78,,
Newport,W06000022,0.94,0.94,0.88,0.9,0.94,0.92,0.92,0.91,0.89,0.83,0.85,0.86,0.82,0.8,0.8,0.83,0.86,0.87,0.91,0.89,0.87,0.84,,
Aberdeen City,S12000033,1.23,1.22,1.2,1.2,1.25,1.24,1.2,1.24,1.25,1.23,1.19,1.18,1.21,1.23,1.29,1.25,1.23,1.22,1.26,1.26,1.14,1.16,,
Aberdeenshire,S12000034,0.67,0.68,0.66,0.67,0.66,0.62,0.63,0.65,0.65,0.65,0.65,0.72,0.7,0.69,0.7,0.71,0.73,0.78,0.74,0.74,0.73,0.74,,
Angus,S12000041,0.65,0.63,0.65,0.64,0.62,0.63,0.61,0.61,0.61,0.6,0.59,0.6,0.58,0.59,0.57,0.59,0.63,0.64,0.64,0.64,0.59,0.6,,
Argyll and Bute,S12000035,0.81,0.87,0.82,0.85,0.81,0.83,0.88,0.88,0.86,0.83,0.87,0.85,0.9,0.85,0.85,0.87,0.92,0.89,0.93,0.98,0.9,0.89,,
Clackmannanshire,S12000005,0.51,0.49,0.48,0.47,0.49,0.48,0.46,0.48,0.46,0.49,0.47,0.47,0.46,0.48,0.51,0.5,0.52,0.48,0.53,0.49,0.5,0.54,,
Dumfries and Galloway,S12000006,0.71,0.77,0.71,0.71,0.73,0.74,0.75,0.76,0.77,0.75,0.73,0.75,0.74,0.77,0.77,0.79,0.85,0.87,0.9,0.87,0.81,0.84,,
Dundee City,S12000042,0.8,0.82,0.82,0.84,0.86,0.88,0.86,0.84,0.86,0.87,0.81,0.79,0.78,0.79,0.82,0.83,0.88,0.87,0.85,0.86,0.84,0.88,,
East Ayrshire,S12000008,0.55,0.57,0.54,0.6,0.57,0.56,0.58,0.58,0.57,0.57,0.57,0.58,0.56,0.55,0.58,0.59,0.63,0.67,0.63,0.63,0.62,0.64,,
East Dunbartonshire,S12000045,0.43,0.47,0.45,0.43,0.42,0.45,0.43,0.42,0.43,0.42,0.4,0.41,0.43,0.45,0.46,0.46,0.47,0.48,0.47,0.46,0.44,0.46,,
East Lothian,S12000010,0.53,0.52,0.51,0.53,0.54,0.54,0.53,0.53,0.54,0.48,0.49,0.51,0.49,0.52,0.54,0.53,0.53,0.55,0.58,0.54,0.57,0.61,,
East Renfrewshire,S12000011,0.37,0.37,0.41,0.38,0.39,0.39,0.37,0.38,0.39,0.41,0.38,0.41,0.38,0.4,0.42,0.44,0.44,0.43,0.45,0.43,0.43,0.41,,
City of Edinburgh,S12000036,1.04,1.08,1.11,1.13,1.13,1.12,1.08,1.06,1.05,1.05,1.01,1.04,1.08,1.03,1.03,1.04,1.07,1.06,1.11,1.1,1.07,1.13,,
Na h-Eileanan Siar,S12000013,0.73,0.8,0.72,0.81,0.8,0.78,0.77,0.76,0.79,0.71,0.72,0.71,0.72,0.76,0.75,0.8,0.84,0.81,0.9,0.88,0.92,0.95,,
Falkirk,S12000014,0.61,0.66,0.65,0.65,0.67,0.65,0.64,0.66,0.65,0.64,0.6,0.65,0.64,0.69,0.69,0.7,0.72,0.71,0.7,0.71,0.7,0.73,,
Fife,S12000047,0.67,0.68,0.68,0.68,0.69,0.68,0.67,0.66,0.61,0.61,0.6,0.62,0.61,0.62,0.66,0.65,0.69,0.66,0.66,0.66,0.65,0.66,,
Glasgow City,S12000049,1.04,1.09,1.09,1.09,1.11,1.15,1.11,1.1,1.14,1.1,1.02,1.02,1.01,0.94,1.07,1.07,1.09,1.08,1.08,1.08,1.07,1.08,,
Highland,S12000017,0.71,0.84,0.81,0.85,0.83,0.84,0.86,0.87,0.88,0.83,0.82,0.84,0.81,0.89,0.89,0.87,0.93,0.89,0.92,0.93,0.92,0.9,,
Inverclyde,S12000018,0.63,0.64,0.62,0.64,0.64,0.66,0.64,0.63,0.62,0.58,0.61,0.63,0.58,0.59,0.63,0.65,0.68,0.63,0.61,0.57,0.6,0.59,,
Midlothian,S12000019,0.54,0.58,0.54,0.57,0.57,0.59,0.59,0.61,0.57,0.58,0.55,0.57,0.59,0.61,0.64,0.63,0.63,0.61,0.61,0.61,0.58,0.63,,
Moray,S12000020,0.82,0.78,0.77,0.8,0.79,0.77,0.74,0.75,0.76,0.73,0.71,0.73,0.71,0.69,0.72,0.71,0.75,0.78,0.79,0.79,0.76,0.81,,
North Ayrshire,S12000021,0.52,0.57,0.54,0.53,0.54,0.54,0.53,0.52,0.57,0.49,0.51,0.5,0.49,0.52,0.53,0.55,0.59,0.58,0.57,0.57,0.53,0.56,,
North Lanarkshire,S12000050,0.56,0.57,0.6,0.59,0.6,0.63,0.64,0.65,0.64,0.61,0.6,0.58,0.6,0.6,0.65,0.65,0.65,0.67,0.68,0.66,0.66,0.65,,
Orkney Islands,S12000023,0.82,0.87,0.86,0.86,0.89,0.91,0.89,0.92,0.86,0.91,0.9,0.88,0.88,0.88,0.88,0.91,1,1.07,1.05,1.04,1,1.06,,
Perth and Kinross,S12000048,0.8,0.81,0.83,0.78,0.8,0.82,0.78,0.8,0.8,0.81,0.77,0.77,0.77,0.79,0.79,0.8,0.84,0.81,0.84,0.91,0.79,0.86,,
Renfrewshire,S12000038,0.76,0.75,0.72,0.74,0.71,0.72,0.75,0.76,0.76,0.73,0.71,0.69,0.66,0.68,0.71,0.8,0.8,0.81,0.82,0.81,0.8,0.76,,
Scottish Borders,S12000026,0.75,0.74,0.77,0.76,0.75,0.77,0.74,0.75,0.77,0.72,0.7,0.73,0.71,0.74,0.72,0.73,0.77,0.77,0.78,0.8,0.78,0.77,,
Shetland Islands,S12000027,0.97,0.86,0.89,0.99,1.05,1.1,1.02,1.01,1.03,1.11,1.17,0.99,0.93,1.03,1.08,1.15,1.06,1.08,1.12,1.11,1.22,1.13,,
South Ayrshire,S12000028,0.71,0.69,0.72,0.71,0.75,0.73,0.77,0.78,0.78,0.77,0.73,0.74,0.72,0.76,0.74,0.77,0.81,0.79,0.79,0.82,0.77,0.82,,
South Lanarkshire,S12000029,0.64,0.65,0.61,0.64,0.66,0.68,0.68,0.68,0.66,0.63,0.6,0.65,0.63,0.64,0.63,0.65,0.66,0.65,0.65,0.65,0.66,0.66,,
Stirling,S12000030,0.82,0.86,0.84,0.83,0.87,0.9,0.91,0.94,0.88,0.88,0.88,0.79,0.82,0.87,0.86,0.85,0.9,0.93,0.91,0.94,0.88,0.89,,
West Dunbartonshire,S12000039,0.51,0.53,0.63,0.59,0.58,0.57,0.59,0.62,0.66,0.6,0.6,0.58,0.55,0.56,0.61,0.58,0.58,0.6,0.62,0.63,0.6,0.68,,
West Lothian,S12000040,0.7,0.73,0.7,0.74,0.74,0.72,0.74,0.72,0.73,0.72,0.71,0.69,0.71,0.68,0.73,0.72,0.73,0.73,0.75,0.74,0.75,0.75,,
Antrim and Newtownabbey,N09000001,,,,,,,,,,,,,,,,,,,,,0.78,0.72,,
"Armagh City, Banbridge and Craigavon",N09000002,,,,,,,,,,,,,,,,,,,,,0.67,0.65,,
Belfast,N09000003,,,,,,,,,,,,,,,,,,,,,1.16,1.13,,
Causeway Coast and Glens,N09000004,,,,,,,,,,,,,,,,,,,,,0.58,0.57,,
Derry City and Strabane,N09000005,,,,,,,,,,,,,,,,,,,,,0.79,0.76,,
Fermanagh and Omagh,N09000006,,,,,,,,,,,,,,,,,,,,,0.73,0.71,,
Lisburn and Castlereagh,N09000007,,,,,,,,,,,,,,,,,,,,,0.77,0.76,,
Mid and East Antrim,N09000008,,,,,,,,,,,,,,,,,,,,,0.65,0.61,,
Mid Ulster,N09000009,,,,,,,,,,,,,,,,,,,,,0.78,0.75,,
"Newry, Mourne and Down",N09000010,,,,,,,,,,,,,,,,,,,,,0.63,0.62,,
Ards and North Down,N09000011,,,,,,,,,,,,,,,,,,,,,0.53,0.51,,
