local authority: district / unitary (as of April 2023),LA Code,2001,2002,2003,2004,2005,2006,2007,2008,2009,2010,2011,2012,2013,2014,2015,2016,2017,2018,2019,2020,2021,2022,2023
Hartlepool,E06000001,90152,89993,90134,90317,90457,90781,90969,91379,91530,91773,92088,92344,92465,92358,92125,92260,92306,92288,92401,92202,92575,93847,95366
Middlesbrough,E06000002,141233,140090,139050,138451,138517,138169,138190,137885,137273,137667,138368,138472,138588,139030,139602,140649,141213,141057,142134,142459,143943,148583,152650
Redcar and Cleveland,E06000003,139159,138520,138565,138643,138177,137621,136940,136512,135867,135383,135164,134951,134838,135106,135370,135344,135584,136276,136699,136571,136605,137168,137938
Stockton-on-Tees,E06000004,183795,184940,185699,185687,186350,187270,187937,189039,189978,190902,191824,192837,193923,195113,195790,196412,197046,197509,196860,196388,197032,200112,202415
Darlington,E06000005,97894,98474,98911,99343,100287,101509,102632,103694,104355,105028,105584,105557,105591,105825,105988,106258,106541,106411,106532,106827,108210,109413,110562
County Durham,E06000047,493678,493538,493931,495147,497218,499348,502960,505617,507311,510628,512994,513122,513179,513604,513924,514431,515911,516648,518562,519204,521447,527704,532182
Northumberland,E06000057,307363,308499,309448,310140,310752,311375,312960,314057,314489,315463,316278,315924,315013,315274,314188,314327,315663,316153,318027,318490,321532,324286,327055
Newcastle upon Tyne,E08000021,266241,267001,266862,266884,269608,270258,271577,271649,273422,276681,279092,280869,284371,286876,287955,290316,291759,294955,297087,298426,298545,306402,311976
North Tyneside,E08000022,192003,192739,193037,193195,194120,195365,196470,197964,199017,200164,201206,201566,202268,203211,202953,203743,204492,205766,207294,208015,209128,210512,211769
South Tyneside,E08000023,152793,152210,151181,150265,149585,148887,148642,148626,148509,148468,148164,147761,147517,147606,147230,147664,147796,148076,148368,147919,147919,148608,149270
Sunderland,E08000024,284601,283037,281528,280113,279199,278370,277834,276812,276209,275980,275330,275317,275247,275751,275408,275490,274816,274339,274277,273583,274378,277512,281058
Gateshead,E08000037,191178,191559,192115,192317,192857,193615,194934,196078,197481,198731,200349,200252,200299,200728,201271,201359,200660,199915,198435,197342,196179,197922,199139
Halton,E06000006,118559,118788,119178,119960,120396,121275,122040,122907,123636,124802,125722,125596,125889,126335,126464,126851,127038,127873,128456,128508,128570,129008,129587
Warrington,E06000007,191202,191615,191987,191837,192992,194603,196559,198187,200057,201309,202709,203914,205905,208056,209575,210873,212137,212008,212245,211627,211182,211797,212389
Blackburn with Darwen,E06000008,138453,139538,140429,141418,142145,143110,143942,144902,146197,146966,147657,148532,149148,149579,150490,151497,152312,152787,154066,154564,154954,155823,157503
Blackpool,E06000009,142270,142164,142658,143143,143688,143733,143644,142921,142578,142753,142080,142565,142733,142253,141788,141996,142121,141880,142407,141560,140976,141648,142708
Cheshire East,E06000049,352104,353348,355529,357354,359807,362049,365003,367160,368023,369051,370736,372501,373956,376574,378511,381414,384221,386891,390556,393203,400474,406587,412458
Cheshire West and Chester,E06000050,322154,322657,324378,325496,327169,328358,329364,329353,329116,329553,329526,331231,333476,336437,339181,342424,346040,350076,353362,354738,357730,361799,365061
Cumberland,E06000063,263559,264632,266609,269008,270496,272315,273850,274153,274005,273915,274546,274285,274032,274139,274195,274192,273458,273256,273009,272444,273788,275331,276876
Westmorland and Furness,E06000064,224236,224049,224720,225910,226544,226498,226929,226763,226781,226250,225271,224550,224048,224164,224523,224754,225235,225685,226162,225995,226941,227648,228187
Burnley,E07000117,89521,88842,88282,87923,87624,87646,87256,87328,87027,86902,87032,87563,87795,88786,89230,89891,90902,91994,92949,93927,94734,95655,96435
Chorley,E07000118,100559,101142,102003,102778,103279,103807,104362,105396,105682,106443,107591,108916,110160,111174,112418,113593,114810,115739,116762,117178,117908,118623,119352
Fylde,E07000119,73340,73658,74212,74667,74841,74824,75305,75230,75441,75610,76098,75901,76253,76907,77135,77886,78423,79191,79852,80176,81750,82990,83846
Hyndburn,E07000120,81495,81233,81408,81280,81311,81491,81453,81176,81003,80876,80549,80362,80316,80707,80781,81242,81392,81778,81954,82144,82271,83215,84261
Lancaster,E07000121,134049,133628,134635,135472,136764,136682,136235,135812,136013,137120,137823,138452,138695,138469,138102,138572,138678,138995,139795,140881,142351,144561,145559
Pendle,E07000122,89277,88830,88559,88330,88312,88788,88819,89005,89287,89234,89576,89873,90720,90803,91531,92502,93066,93872,94896,95099,95819,96197,97039
Preston,E07000123,130372,131110,132685,134410,136200,137784,138470,138443,137956,138831,140054,140216,140302,140158,140615,140468,141734,142417,144624,145912,147786,151869,156411
Ribble Valley,E07000124,54053,54659,55400,56054,56358,56664,56986,57158,57004,57218,57292,57509,57692,57911,58275,58611,59066,59452,59903,60780,61865,63140,64469
Rossendale,E07000125,65647,65556,65729,65623,65872,66199,66623,67063,67479,67824,68053,68144,68505,68931,69196,69475,70084,70515,70884,70811,71008,71187,71541
South Ribble,E07000126,103949,104522,105149,105578,105753,106512,107128,107830,108609,108846,109181,108879,108916,109357,109873,110253,110348,110334,110477,110613,111203,112201,113552
West Lancashire,E07000127,108480,108750,109273,109588,109806,110308,110720,110666,110583,110763,110617,111040,111735,112544,113536,114243,115210,115366,115744,116198,117099,119360,120703
Wyre,E07000128,105800,106444,107246,107760,108188,108435,108475,108245,108057,107912,107692,107466,107497,107765,108461,108574,108707,109019,109544,110409,112434,114924,116994
Bolton,E08000001,261302,262367,263814,264511,265016,266816,268319,270497,273049,275168,277296,279738,281629,283212,284972,287253,289684,291594,294888,295712,296169,299153,302383
Bury,E08000002,180655,181084,181405,180999,181028,181809,182713,183000,183885,184755,185422,186632,187093,188406,189254,190470,191896,192900,193763,193604,193866,194590,195476
Manchester,E08000003,422915,428221,436727,444925,455745,463749,470538,477408,483784,492598,502902,506869,510783,515360,523321,533446,536961,540675,545947,547340,550630,566778,579917
Oldham,E08000004,218537,218455,218490,218988,219288,220033,220723,221907,222811,223807,225157,226057,227866,230348,232693,235021,237161,239923,242077,242181,242003,243993,246130
Rochdale,E08000005,206440,206697,207528,207286,207200,207845,208393,209666,210248,210758,211929,212345,212503,213462,214560,216251,218492,219969,222042,223024,224127,226950,229756
Salford,E08000006,216978,216310,217312,217921,219536,221931,223468,226782,228948,231837,234487,237421,239718,242602,246942,251562,255090,259224,263611,266090,270866,278867,284106
Stockport,E08000007,284557,283502,282932,282368,281195,280498,280953,281477,282263,282614,283253,283953,284816,286267,288210,289879,290905,291631,293172,293851,295268,297191,299545
Tameside,E08000008,213087,213211,213470,213667,213474,214187,214750,216360,217417,218774,219727,220457,221446,222364,223642,225480,226692,228435,229952,230521,231220,232806,234666
Trafford,E08000009,210172,211062,213031,214129,215430,217369,219359,220939,223065,225234,227091,228512,230367,231799,232504,233710,234917,235623,236121,235937,235586,236651,237480
Wigan,E08000010,301453,302305,303846,304958,306143,308023,309403,311971,314363,316296,318122,318109,318737,320075,320864,321494,322485,323904,326386,327850,329796,334014,339174
Knowsley,E08000011,151238,150506,149795,149216,148900,148788,148188,147822,147070,146398,145903,146227,146370,146562,147300,147928,148567,150042,151793,153408,154978,157107,159243
Liverpool,E08000012,441858,443784,444960,448091,452278,453055,453582,454468,457523,461403,465656,465365,465815,465745,469953,475486,479801,483598,484687,483348,485022,495849,503740
St. Helens,E08000013,176826,176295,175997,175738,175361,175199,174970,175106,175272,175203,175405,176214,176451,177785,178296,179229,180150,180937,181541,182102,183394,184728,185982
Sefton,E08000014,282884,280866,279913,278853,276957,275852,275085,274735,274153,273820,273969,273979,273814,275143,275546,276707,276962,277890,278908,278621,279693,281039,282745
Wirral,E08000015,315004,315050,315371,315130,314925,315350,315670,316711,317771,319078,319837,319971,319965,320917,320714,320914,321020,320643,320732,320249,320631,322439,324852
"Kingston upon Hull, City of",E06000010,249913,249463,250604,253049,255159,255497,255761,256746,256079,256174,256123,258085,259094,260896,262711,265338,267566,268223,268749,267591,266516,268677,271942
East Riding of Yorkshire,E06000011,314854,318633,321869,325117,327268,328587,330865,332464,332748,333599,334673,334972,334572,335625,334735,336323,336697,337192,338944,341050,343145,346316,350119
North East Lincolnshire,E06000012,157951,158003,158373,158542,158725,158610,158589,158708,158689,158951,159735,159408,159456,159420,159140,158877,158699,158460,157957,157313,157188,157745,158335
North Lincolnshire,E06000013,152964,154240,156196,158211,159679,161163,162801,164519,165572,166539,167516,167974,168309,168816,169212,170174,170616,170384,170283,170034,169929,170085,170087
York,E06000014,181291,182088,183960,186643,188214,188977,189770,190768,192398,195070,197783,199157,201168,202206,203212,202892,203546,203906,203877,202169,201851,204115,206780
North Yorkshire,E06000065,570094,573186,576130,579959,584001,587299,591247,594979,596396,599028,601206,603963,604151,603672,603711,605770,607291,607735,610660,610899,618627,623896,627629
Barnsley,E08000016,218124,218851,220165,221227,222618,224419,225989,227754,228973,230066,231865,233259,234875,236421,238242,240061,241287,242360,243558,244201,244887,246448,248449
Doncaster,E08000017,286900,288647,290111,290850,292174,293990,296215,298388,300184,301299,302468,302626,302991,303673,304311,306137,307058,308237,308438,308185,308697,310964,314176
Rotherham,E08000018,248349,249610,250886,251722,252675,253638,254180,255271,256313,256893,257716,258710,259391,261391,262063,263273,264167,265154,265991,265593,266173,268267,271195
Sheffield,E08000019,513102,514201,515339,519640,525721,527629,529905,534035,538385,544613,551756,553842,555253,554805,555074,556599,555675,556771,556399,555036,555035,564702,573252
Bradford,E08000032,470753,475184,479166,484650,491361,495658,501357,507323,512392,518002,523115,525522,528712,531795,534919,538178,540447,542542,545966,547141,546839,553044,560194
Calderdale,E08000033,192379,193201,193968,194980,196270,197761,199275,200960,202078,203049,204170,205116,205854,206614,207027,207744,207459,207215,207729,206976,206828,207660,208735
Kirklees,E08000034,388980,392118,394486,397530,400724,404266,407974,411807,414785,418339,422970,424922,427009,429036,431110,432588,433393,433571,433259,432878,433458,437794,442033
Leeds,E08000035,715609,716380,717592,723042,735054,736204,738560,741665,743885,747571,750683,758029,764369,770434,777987,786739,793134,797696,804640,808443,809479,820802,829413
Wakefield,E08000036,315380,316306,317469,318037,318765,320318,321650,323288,324467,325595,326433,327901,329888,331624,333908,337365,340749,344437,348201,350978,353803,357698,361786
Derby,E06000015,230726,231979,232827,234501,236470,238110,239917,241865,243980,247035,248943,251804,253812,255320,257406,259883,261104,262395,263014,261999,261260,263620,266460
Leicester,E06000016,282757,285295,288648,294127,301543,306548,311303,315473,319708,324912,329627,334099,338852,342917,349853,356789,361895,367094,369776,368922,366940,372495,379780
Rutland,E06000017,34598,35295,35559,35623,36115,36510,37110,37478,37417,37670,37581,37114,37833,38294,38438,39044,39831,40053,40175,40633,41342,41225,40643
Nottingham,E06000018,268939,271769,275547,279624,284834,286459,288164,290783,294808,299753,303899,307436,308681,310339,313265,317625,320378,322323,323160,322822,319978,327424,329276
North Northamptonshire,E06000061,285093,287657,290977,293506,297012,301168,306155,309747,312196,314555,317959,322316,325788,330649,335250,341647,347704,351998,354848,356437,360418,363244,367991
West Northamptonshire,E06000062,345893,349123,351689,353110,357438,362435,365907,368454,371268,373456,376008,380827,385699,391024,397939,405019,411732,417242,422168,422559,426707,429511,434349
Amber Valley,E07000032,116560,117265,117898,118421,119152,120038,120436,121170,121532,122081,122521,122438,122856,123018,122835,123411,124225,124804,125791,125953,126442,126934,127709
Bolsover,E07000033,71887,72527,73343,73601,73844,74347,74822,75058,75224,75691,76029,76505,76811,77074,77625,77870,78444,78566,79178,79647,80473,81541,82829
Chesterfield,E07000034,98832,99256,99929,100545,101277,101674,102027,102609,103037,103417,103788,103835,104102,104285,104415,104347,104236,104056,104154,103761,103673,104104,104883
Derbyshire Dales,E07000035,69418,69392,69368,69536,69509,69526,69850,70450,70705,71030,71104,71272,71148,71154,70893,70883,71092,71130,71190,70972,71659,71755,71530
Erewash,E07000036,110126,110250,110080,110068,110102,109979,110184,110809,111283,111739,112249,112716,112871,113639,113984,114249,114129,114181,113711,113348,113039,113073,113844
High Peak,E07000037,89400,89323,89185,89261,89627,90050,90553,90858,91047,91063,90982,90983,90930,90860,90766,90812,90991,90895,91170,90909,91079,91106,91569
North East Derbyshire,E07000038,96927,96916,97127,97532,97666,97740,98067,98261,98474,98832,99100,99320,99091,99083,99173,99755,99897,100100,100371,100978,102294,103797,105035
South Derbyshire,E07000039,81738,83480,85312,86506,87832,89295,90655,92023,93015,94095,94915,95521,96193,97213,97682,98630,99868,101194,103315,105265,108051,111145,114050
Blaby,E07000129,90361,91225,91592,91664,91721,92266,92741,93341,93511,93935,94132,94656,95045,95964,96604,98014,99366,100767,101777,102293,103271,104283,105278
Charnwood,E07000130,153554,153431,153664,154740,155768,157153,158667,160509,162330,164346,165876,167474,168766,170946,172909,174625,176997,179191,180988,182108,182906,185266,188010
Harborough,E07000131,76818,78226,79118,79860,80486,81492,82593,83417,84132,84849,85699,86350,87346,87991,89402,90610,91718,92648,93661,95288,98254,100550,102581
Hinckley and Bosworth,E07000132,100202,100482,101210,101953,102431,102996,103450,104179,104473,104734,105328,105955,106415,107468,108609,109920,111431,112245,112688,113051,113653,114315,114970
Melton,E07000133,47875,48080,48429,48618,48605,48724,49153,49287,49481,50077,50495,50814,50891,50990,51013,51146,51113,51331,51470,51583,51756,52404,53237
North West Leicestershire,E07000134,85678,86842,87794,88845,89623,90406,91476,92283,92728,93165,93670,93805,94358,95270,96362,97729,99315,101195,102461,103344,105004,107666,110316
Oadby and Wigston,E07000135,55791,55779,56161,56454,56218,56519,56475,56220,55600,55186,55979,56044,56060,56783,56216,56044,57516,57713,57772,57869,57788,58456,59623
Boston,E07000136,55802,56391,56975,58090,58551,59770,61036,62176,63399,64475,64615,65264,66612,67142,67586,68589,69673,70132,70226,70181,70815,70831,71367
East Lindsey,E07000137,130654,132144,133218,134889,135473,135960,136939,137466,137140,137251,136683,136431,136399,137342,137753,138488,140072,141073,142039,141665,142916,144400,145371
Lincoln,E07000138,85584,85669,86405,87746,88603,89433,89873,90207,90813,92188,93085,95501,97452,98482,99442,100679,102241,103212,103604,103531,102411,102964,103314
North Kesteven,E07000139,94378,96898,98593,99943,100710,102275,103844,105495,106456,107478,108518,109139,109654,110746,111665,113063,114423,114860,115821,117057,118502,119689,121203
South Holland,E07000140,76714,77918,79299,80832,81696,83158,84506,85957,86987,87905,88390,88502,89046,89914,90802,91970,92587,92964,93467,94029,95490,96964,97915
South Kesteven,E07000141,124877,125485,126209,127129,127665,128966,130196,131218,132188,133144,134125,135092,136342,138082,138915,140409,141116,141616,142212,142869,143751,144228,145758
West Lindsey,E07000142,79631,81075,82498,83786,84626,85852,87345,88261,88616,89364,89352,89878,90396,91273,92188,92943,92919,93424,93894,94278,95555,96788,97880
Ashfield,E07000170,111477,112488,113048,114105,115020,115704,116301,116971,117875,118566,119522,119990,121352,122199,123115,123989,125410,126076,126521,126687,126356,127101,128360
Bassetlaw,E07000171,107843,108451,109276,110017,110488,110876,111314,112106,112563,112924,113003,113248,113577,114026,114393,114879,115757,116212,116485,117068,118327,119985,122286
Broxtowe,E07000172,107481,107832,107822,108085,108290,108254,108272,108730,109217,109252,109749,110300,110470,110527,110398,110346,110573,110937,111257,111397,110796,112395,113172
Gedling,E07000173,111812,111943,111684,111847,111919,111699,111924,112293,112688,113066,113741,114062,114963,115840,115977,116418,116451,117092,117129,117141,117291,117682,118563
Mansfield,E07000174,98065,98367,99250,99706,100413,101347,102139,103269,103711,104120,104551,104995,105771,106514,107510,108952,109461,109946,110237,109964,110592,111070,112091
Newark and Sherwood,E07000175,106351,106954,108359,109776,110553,111534,112471,113309,113914,114596,114982,115773,116670,117638,118248,119388,120455,121025,121624,121831,123352,125056,126168
Rushcliffe,E07000176,105780,106546,106987,107430,107832,108413,108909,109393,110137,111121,111248,111243,112316,112623,113009,113450,114226,115461,116647,118030,119418,121765,123854
"Herefordshire, County of",E06000019,174885,175258,175648,176033,176587,178103,179930,181791,182367,182865,183619,184208,184748,185523,185778,186225,186687,186511,186373,185886,187522,188696,189890
Telford and Wrekin,E06000020,158573,159401,159848,160603,161535,162710,163368,164089,164889,165641,166831,167964,169014,170610,172898,175352,177528,179548,182081,183483,185857,189000,191915
Stoke-on-Trent,E06000021,240422,239955,240031,241078,241481,243069,243697,245509,245869,247381,248719,250322,251568,253316,254095,256168,258235,258843,259181,258866,258102,260008,263157
Shropshire,E06000051,283254,284901,286913,288810,291523,294531,297633,300473,302069,304523,307108,307921,308181,309436,310751,312836,315232,317112,319729,321054,324669,327479,329260
Cannock Chase,E07000192,92165,93000,93751,94179,94772,94991,95391,95999,96514,96898,97582,97537,97578,97703,97502,97312,97693,98553,98983,99565,100595,101144,102838
East Staffordshire,E07000193,103938,104487,106065,106800,107609,108466,109776,111191,112033,112979,113858,114853,115724,116812,117657,118986,119782,120861,122052,123096,124486,125692,127637
Lichfield,E07000194,93229,93679,94467,95580,96307,97432,98528,99490,100012,100424,100911,101286,101808,101910,102430,102624,102975,103163,104179,105008,106883,108337,110173
Newcastle-under-Lyme,E07000195,122015,122165,122657,123076,123170,123191,123526,123213,123073,123351,123878,123132,123872,124162,123919,125367,125303,125755,125075,124567,123039,125404,128060
South Staffordshire,E07000196,105942,106013,106300,106300,106428,106655,107144,107501,107561,108050,108318,108331,109840,109886,109704,109814,110302,110338,110478,110243,110787,111530,113088
Stafford,E07000197,120712,121409,122447,123224,124361,125620,127055,128320,129041,130001,130895,131324,131485,131312,131221,132507,133199,134069,135286,135685,137201,138644,140677
Staffordshire Moorlands,E07000198,94555,94927,94997,94980,95342,95888,96295,96604,96781,96987,97209,96936,96958,97235,97102,96932,96947,96591,96366,95955,95975,95904,95785
Tamworth,E07000199,74596,74519,74544,74424,74724,75078,75407,75824,76255,76582,76895,77283,77308,77371,77632,77688,77327,77480,77698,77968,78842,79639,80263
North Warwickshire,E07000218,61788,61825,61749,61769,61894,61920,61839,61968,62124,62066,62089,62099,62057,62292,62681,62908,63517,64098,64383,64271,65338,65947,66166
Nuneaton and Bedworth,E07000219,119239,119625,120541,120668,121048,121787,122661,123868,124330,124759,125409,126438,127275,127980,128588,129899,131138,131830,132953,133688,134303,135499,137794
Rugby,E07000220,87520,88653,89050,89998,91321,93051,94748,96434,97662,99035,100496,101509,102851,104734,106327,107555,108671,109418,110998,112672,114835,116461,118781
Stratford-on-Avon,E07000221,111551,112258,112992,113483,114823,116708,118478,119666,119826,120191,120824,121005,121548,122142,122850,123729,125624,127565,129816,131979,135946,138573,141929
Warwick,E07000222,126095,128330,130724,132719,134567,135593,136655,137448,138189,138115,137736,139225,139447,140306,141025,142534,143353,145478,146005,146643,148693,151233,153153
Bromsgrove,E07000234,87904,89021,89984,90516,91046,91734,92563,93097,93444,93507,93732,94179,94530,95380,95440,96254,96703,97315,98339,98837,99449,100155,100679
Malvern Hills,E07000235,72171,72655,72885,73166,73425,73748,74020,74192,74141,74542,74706,75116,75454,76208,76024,76391,76696,77362,77872,78288,79969,81070,81822
Redditch,E07000236,78779,79069,79466,79654,80110,81077,81762,82713,83102,83570,84318,84667,85072,85266,85866,86432,86463,86186,86307,86561,86981,87129,87059
Worcester,E07000237,93369,93446,93873,93843,94470,95024,95532,96416,97117,97655,98679,100082,101295,102267,103093,104696,105321,105303,105137,104399,103628,104119,105143
Wychavon,E07000238,113081,113453,113914,114258,114696,115451,116141,116229,116499,116863,117074,117858,118841,120170,121990,123632,125694,127335,129003,130419,133084,134544,136229
Wyre Forest,E07000239,96929,96830,97149,97223,97585,97666,98017,98143,97993,97943,98048,98217,98678,99441,100052,100557,101163,101491,101592,101315,101791,102306,103253
Birmingham,E08000025,984642,990384,996356,1002376,1014650,1020843,1029021,1038980,1050072,1061074,1074283,1084661,1094531,1103724,1114932,1131271,1139893,1146050,1150646,1148692,1143285,1154221,1166049
Coventry,E08000026,302804,301295,300665,298174,298386,300129,301429,305186,307393,311674,316915,318141,322146,325066,331112,337064,340034,342811,343715,344702,344151,352889,360702
Dudley,E08000027,305052,305645,305585,306171,307004,307846,308686,310377,311088,312206,313261,313631,314460,315700,316393,317669,319539,320989,322090,322513,323591,324931,326680
Sandwell,E08000028,284594,285637,287135,288849,290447,292516,294603,298358,302303,306181,309042,312710,317499,321610,325911,330051,333826,336977,340198,341436,341895,344582,347551
Solihull,E08000029,199574,200028,200536,201153,201557,202351,203170,204778,205470,206329,206856,207729,209115,211205,211697,213061,214330,214901,216323,216432,216677,217784,218793
Walsall,E08000030,253333,254287,255352,256702,258172,259454,260939,263034,264774,266834,269524,270517,271704,273764,275490,278429,281229,282921,284600,284578,284392,286218,288736
Wolverhampton,E08000031,238016,239088,239851,240567,241647,242889,243910,245349,246016,247640,249852,251444,252358,254351,256127,258305,260648,262474,263519,263123,264260,267888,272425
Peterborough,E06000031,157439,158794,160778,163485,167220,169887,172443,176027,178963,181762,184457,188675,192488,195766,200246,205091,208237,211037,213026,213718,216470,217657,219509
Luton,E06000032,185889,185631,185016,183563,185392,187312,189742,192084,195449,199583,203641,205873,209624,213749,217612,220952,220752,221532,223106,224132,224958,227298,231028
Southend-on-Sea,E06000033,160362,161159,161437,161488,162645,163776,165429,168150,170013,172122,174274,175196,176350,178610,179203,180465,181405,181877,182115,181276,180655,180884,182271
Thurrock,E06000034,143297,144728,145977,147056,148556,150206,151741,153633,155003,156585,158268,160026,161702,164451,166622,168977,170966,173113,174924,175803,175933,176788,178201
Bedford,E06000055,148113,149589,150684,151308,151747,152346,153107,154164,154808,156535,157840,160344,163672,166856,170149,173703,175537,178288,180651,182346,185796,187503,189891
Central Bedfordshire,E06000056,234006,236297,238547,240444,242062,244351,246803,249035,250329,252460,255644,259524,263425,267066,270962,274909,277655,280414,284688,289105,295651,301820,308302
Cambridge,E07000008,109941,109543,111317,112167,117217,116654,115454,116183,116746,120219,122725,124679,127819,130432,133654,136054,138462,141726,143153,143741,145022,147813,149963
East Cambridgeshire,E07000009,73411,74328,77447,75996,77224,78429,79923,81035,82357,83303,84245,85101,85483,86316,86757,86952,87016,86885,87010,86948,88125,89438,91466
Fenland,E07000010,83687,84676,86296,87983,88968,90647,92713,93653,94404,95135,95461,96429,97556,98571,99991,101075,102029,102346,102487,102228,102731,103002,103537
Huntingdonshire,E07000011,157189,158476,159626,162654,162822,163896,164764,166346,167052,168352,170039,171437,172540,174283,175647,176425,176743,176909,176968,177816,181827,184096,186066
South Cambridgeshire,E07000012,130476,131893,134057,135645,137420,139264,141484,143591,145679,147890,149842,151133,151598,153423,154962,156780,157215,157810,159031,160548,163042,165709,168541
Basildon,E07000066,165895,166743,167089,167825,168927,169951,170908,172423,173084,173788,174971,176622,178944,181317,182734,184651,185299,186668,187714,187796,187718,188810,190544
Braintree,E07000067,132482,134272,135767,137426,139160,140921,142344,143894,144589,145972,147514,148443,149285,150314,150908,151848,152422,152353,153439,154107,155693,157605,159957
Brentwood,E07000068,68483,68779,69234,69895,70542,71040,71346,71941,72663,73301,73841,74255,74912,76193,76690,77163,76950,76854,77231,77339,77111,77348,78152
Castle Point,E07000069,86673,86866,87237,87207,87462,87576,87776,88020,88122,88115,87964,88119,88377,88654,88854,89390,89275,89341,89619,89782,89712,89744,89858
Chelmsford,E07000070,157269,158686,160360,162505,163570,163879,164381,165047,166208,167441,168491,169301,170481,172128,173397,175137,177102,178017,179882,180488,181827,183414,185278
Colchester,E07000071,156016,156055,157164,158652,162038,163847,165674,167927,169027,171679,173614,175840,177308,180414,183242,185361,187177,189101,190470,191979,192658,194648,196998
Epping Forest,E07000072,120972,121482,121404,121495,121735,122530,122877,123365,123820,124189,124880,126599,128068,130040,130848,131587,132376,133373,134206,134569,134941,135009,135975
Harlow,E07000073,78799,78340,78128,78019,78354,78722,79165,79913,80710,81490,82177,83478,84743,86531,87797,88913,89824,90695,91952,92415,93428,94444,96040
Maldon,E07000074,59589,59750,59996,60303,60662,60993,61398,61660,61815,61845,61720,61942,62184,62807,62796,63319,63743,64015,64481,65090,66611,67568,68327
Rochford,E07000075,78650,79325,79513,80100,80815,81490,82264,83056,83094,83415,83333,83582,83372,84111,84291,84568,84672,85129,85290,85213,86181,87194,88188
Tendring,E07000076,138802,139318,139909,140340,140325,140423,140523,140421,139593,139058,138062,138278,138862,140275,141531,143023,144323,145128,145696,146255,148925,151400,153207
Uttlesford,E07000077,68969,69529,70278,70865,71580,72929,74232,75505,76778,78620,80032,81148,82364,83732,84622,85565,86511,87711,89361,90482,91921,92675,93594
Broxbourne,E07000095,87203,87700,87817,87805,88800,89684,90833,91630,92395,93085,93702,94990,95712,96776,97275,98153,98096,98317,98869,99311,99142,98999,100042
Dacorum,E07000096,137843,138118,138413,138403,138633,138973,139527,140802,142205,143651,145298,146826,148057,149380,150906,152462,153282,153982,154367,154815,155211,156167,157827
Hertsmere,E07000098,94466,94295,94419,93788,94302,95225,96252,97642,98637,99402,100379,101389,102201,103541,104414,105372,105920,106458,107234,107612,108129,108311,108993
North Hertfordshire,E07000099,117051,117959,119148,120092,120757,121890,122974,124391,125269,126286,127494,128542,129460,131062,131662,133103,133629,133283,133195,133054,133583,134161,135596
Three Rivers,E07000102,82905,83448,83946,83963,84305,84466,85282,86205,87096,87573,87921,89115,89814,90723,91961,92959,93075,93209,93443,93795,93934,94179,94693
Watford,E07000103,80398,80185,80644,81097,82138,82145,82899,84776,86472,88574,90653,93066,95732,98101,99449,100458,100957,101658,102172,102322,102507,103043,104195
Breckland,E07000143,121585,122222,123247,123944,125493,126551,127797,128938,129431,129932,131009,131701,132905,134204,135667,137190,138592,139146,139523,140408,142160,143459,145081
Broadland,E07000144,118814,119391,120333,121039,121637,122412,123242,123387,123819,124483,124740,124952,125081,125305,125837,126642,127708,128674,129721,130760,132238,133885,135565
Great Yarmouth,E07000145,90945,91437,92526,93316,94113,94545,95211,95924,96414,97063,97424,97682,98076,98520,99031,99471,100181,100343,100448,99851,100179,99834,100065
King's Lynn and West Norfolk,E07000146,135565,136831,138272,139621,140959,142790,144274,145551,146428,147134,147936,148938,149722,150742,151863,152867,153666,153451,153332,153023,154920,155720,155758
North Norfolk,E07000147,98495,98723,99121,99374,99638,99907,100338,100887,100556,100780,101664,101445,101410,102012,101973,102176,102718,102523,102509,102064,103239,103223,103228
Norwich,E07000148,122366,122376,122963,123857,125630,126805,126949,128034,129219,130923,132158,134378,136514,137631,138625,141332,142110,143830,143300,143935,143217,144957,145591
South Norfolk,E07000149,110848,112483,113665,114539,115420,116052,117134,118774,120488,122611,124495,125680,127063,128572,129942,131472,133573,135560,138131,139842,142509,144617,146655
Babergh,E07000200,83538,84112,85066,85622,85957,86698,86916,87260,87411,87467,87901,88144,88420,88999,89391,89584,89918,90456,90917,91491,92724,94287,95872
Ipswich,E07000202,117156,117818,119210,121175,124028,124753,125471,127387,129320,131729,133729,135694,136760,138108,139694,141245,141922,141643,140809,139889,139638,139295,139378
Mid Suffolk,E07000203,87015,87684,88274,89492,90795,92070,93817,94603,95250,96244,97076,97432,97636,98404,98760,98731,99263,99744,100840,101570,103398,105726,108029
St Albans,E07000240,129168,130407,131180,131284,131951,133293,134338,136088,137858,139511,141248,142616,144222,145938,146894,147823,147596,147552,148058,148555,148624,148524,148755
Welwyn Hatfield,E07000241,97550,98136,99198,100470,103202,105096,106694,107442,108434,109630,110727,110684,111990,112166,113972,116637,117617,118365,119180,119806,119747,120420,121749
East Hertfordshire,E07000242,129145,130029,130264,130456,131065,132078,133421,134843,135980,136922,138155,139256,140519,141915,143293,144801,145743,146048,147335,149027,150662,151717,153391
Stevenage,E07000243,79794,80110,80308,80008,80330,80352,80734,81615,82253,83007,84247,85052,85974,86719,87482,88466,89099,89310,89541,89755,89360,89616,90146
East Suffolk,E07000244,227736,228974,230868,233329,235651,237032,239249,240139,239877,239932,239946,239607,239921,239929,240479,241807,243496,244313,245052,245482,246776,247083,247100
West Suffolk,E07000245,154468,155991,157990,159469,161406,162408,163691,164959,166325,168604,171481,171820,172138,174735,176177,176416,178991,179189,179703,178236,180813,182328,186063
City of London,E09000001,7359,7280,7115,7118,7131,7254,7607,7429,7472,7338,7412,7514,7537,7567,7668,7737,7877,8165,8765,8331,8689,11457,13462
Barking and Dagenham,E09000002,165654,166357,166210,165610,166275,167157,169031,172452,177580,182838,187029,191453,196204,201244,206450,211047,214017,216298,218828,219227,218714,220039,222308
Barnet,E09000003,319481,320552,321802,323723,327541,330801,334837,339212,345829,351438,357538,363260,368611,373853,377826,382925,384117,387574,390590,391046,388955,390346,395007
Bexley,E09000004,218757,219123,220016,220917,222391,223280,224625,226652,228146,230711,232774,234435,236169,239112,241427,244006,244494,245244,246622,246924,246637,247754,250853
Brent,E09000005,269620,269871,268323,268335,270939,276504,283273,290901,298118,304785,312245,317984,324345,329981,335605,339524,342439,345558,347424,343988,339248,341183,344521
Bromley,E09000006,296218,296668,297253,297307,299421,300963,302625,304968,306924,308560,310554,314663,318582,321800,325653,327701,329134,330367,331192,331247,329899,329689,331162
Camden,E09000007,202567,203972,204254,207341,211088,211032,211520,210273,212924,214725,220087,219647,221348,221095,221032,221024,218833,217915,217136,214768,210968,217365,220903
Croydon,E09000008,335112,335415,335919,337134,339052,340449,344029,349308,352763,357951,364815,369617,374270,378244,381277,384382,385567,386999,390643,392101,390691,392610,397741
Ealing,E09000009,307276,309242,308108,310073,312774,315329,318671,324022,329966,334073,339314,344834,350650,354660,359144,362163,362670,364208,367284,367936,366762,370129,375340
Enfield,E09000010,277266,280745,281835,282217,284779,287429,291534,297443,301971,307648,313935,317780,321754,326340,330868,333295,333077,334000,335151,333149,329876,327426,327429
Greenwich,E09000011,217460,221476,224303,227190,230494,233990,236535,239748,243672,249171,255483,260360,264036,268305,274230,278768,282376,285773,288205,288384,289537,291879,294113
Hackney,E09000012,207246,210961,212405,213581,216512,220193,224480,231041,236622,241739,247182,251193,255646,258735,261929,264892,264834,266210,265825,263782,260082,261632,263282
Hammersmith and Fulham,E09000013,169374,171989,171510,172083,173292,174675,176472,177088,180116,180842,182445,184439,186056,186659,187246,187472,187720,189037,188562,186555,183310,185506,186176
Haringey,E09000014,221251,224474,225027,226472,229271,233174,236793,244459,249805,252742,255540,259312,265054,268901,272938,276262,274463,274240,273716,269534,264317,262413,262895
Harrow,E09000015,210044,212336,213728,216267,221109,223632,226355,229567,233495,237451,240499,243800,247018,251618,255308,257317,257881,259861,262065,262281,261159,261933,263448
Havering,E09000016,224717,225054,225248,225769,226990,228198,229789,231793,234127,236234,237927,239946,242550,246771,250449,254487,257429,259229,261296,261906,262086,264675,268145
Hillingdon,E09000017,245616,247063,248054,248691,251430,254387,256981,261051,265665,269465,275499,281263,285982,290225,294011,297451,299469,302263,305641,306460,305107,310894,319018
Hounslow,E09000018,215976,216888,216498,219440,223776,228126,233454,237907,243366,249236,254927,260584,265547,270773,275097,278601,281117,285430,289652,289773,288164,291199,295706
Islington,E09000019,179387,180118,180899,180831,183477,185283,188636,192089,196704,200129,206285,208762,212604,214986,218255,220620,221535,221453,221994,221018,217050,219594,220584
Kensington and Chelsea,E09000020,162199,163827,165268,165752,168375,165245,162883,162579,161893,160463,158251,157240,156823,156178,156149,152708,149651,148471,146805,144874,144266,146392,147460
Kingston upon Thames,E09000021,149045,149642,149683,151055,152489,153667,154485,156027,157307,158648,160436,162562,164418,165791,167594,168617,168781,168729,169797,169770,167992,169082,170454
Lambeth,E09000022,273372,273041,272195,274262,277620,280524,284964,289126,294050,297650,304481,310449,314375,318196,322881,326613,327227,328923,329513,325527,317691,316700,315706
Lewisham,E09000023,254336,253662,251936,252455,254930,257976,261188,266508,270418,272525,276938,281011,286056,291086,295364,298809,300924,303127,305906,304169,300013,299023,298708
Merton,E09000024,191106,190561,189298,188908,190583,192520,194260,195859,198136,199136,200543,205166,208529,211025,213791,215514,215431,216171,217219,217101,215426,215121,215219
Newham,E09000025,249411,255282,256224,254434,253798,257994,266285,276478,286447,299171,310460,313750,316952,322984,330322,335337,338333,344570,349786,350025,351256,357147,362552
Redbridge,E09000026,241893,244273,247412,248774,251560,255590,259965,265452,270435,275088,281395,285437,289976,295837,301022,304369,305937,308841,311780,311750,310130,311515,313392
Richmond upon Thames,E09000027,174311,175441,177182,179312,181508,182520,182421,182927,184394,186304,187527,189934,192375,194492,194966,196293,196849,197119,198185,197797,195315,195165,195513
Southwark,E09000028,256712,256269,255242,257257,261811,267553,272626,276973,281120,283777,288717,293078,297868,299685,304048,306720,307640,310492,312591,312055,306762,311492,315519
Sutton,E09000029,181461,181265,181267,181094,182103,182882,184174,185860,188167,189321,191123,193982,196678,199144,201208,203299,204824,206286,208516,209921,209617,210293,211123
Tower Hamlets,E09000030,201090,207031,208651,211154,213382,218400,225251,231893,240495,248520,256012,261936,270294,277060,282674,289011,293526,300050,305066,306780,312715,323854,328626
Waltham Forest,E09000031,222015,223776,224115,225002,226747,230731,235665,242098,248140,254009,259742,263575,267963,270606,274579,277081,278105,279795,281015,279527,278147,276312,275980
Wandsworth,E09000032,271742,274917,276828,278615,283229,287538,291440,294305,299347,302620,307710,312262,316810,319898,322658,326413,329493,331069,334558,333678,328429,329358,331456
Westminster,E09000033,203329,208100,211009,214557,223132,222829,220619,218673,216980,217187,219582,219539,215907,214341,215876,213193,210459,209868,208415,205624,205759,209866,211508
Medway,E06000035,249704,250262,251159,251459,252098,253478,255824,258224,260230,262738,264885,268144,271084,273977,276037,277504,278652,278827,279852,280364,279903,282643,286800
Bracknell Forest,E06000036,109650,109490,109475,109189,109487,109896,110702,111455,111916,112893,113696,115100,116552,117979,119078,119553,120164,121046,121660,123188,125195,127030,128351
West Berkshire,E06000037,144494,143913,144297,145147,146492,148107,150056,152024,153039,153943,154148,155172,156789,157663,158895,160551,160729,160953,160883,161026,161864,162397,163367
Reading,E06000038,144684,143915,144070,144590,146940,148321,149678,151460,152326,154296,155339,159065,163089,166300,169220,171750,173047,174484,174288,173879,173371,175742,178196
Slough,E06000039,120577,120927,120869,120833,122874,125200,127991,131453,134742,137800,140713,143095,144880,147313,150104,152565,154573,155915,157632,158281,158448,159387,160713
Windsor and Maidenhead,E06000040,133541,133631,134201,135066,136446,138012,139743,141345,142424,143988,145098,146642,147525,148936,150043,152085,152648,153470,153893,153991,153922,154869,155239
Wokingham,E06000041,150334,149445,148794,149008,149598,150548,152144,153191,154165,154650,154943,157038,158372,159576,161773,163797,165664,168734,171789,174708,178231,181383,183870
Milton Keynes,E06000042,212707,215061,217597,219521,223462,227225,231033,235625,240178,245450,249895,254003,259672,264948,269783,274231,276588,278892,281434,283707,288312,292517,298270
Brighton and Hove,E06000043,249949,249743,249846,249847,252863,255564,258161,262019,265584,269495,272952,274051,275494,275999,277351,279796,279500,281250,279920,278496,276454,278370,279637
Portsmouth,E06000044,188043,188476,190283,193483,196318,195964,194907,196036,198983,202700,205433,205729,205905,206200,207873,209951,210965,211215,210412,209142,207119,208949,210297
Southampton,E06000045,219539,220459,221989,223589,226655,226698,227223,228447,230017,233085,235870,238097,239484,241230,244666,248662,250492,250803,249428,248679,247672,252151,256110
Isle of Wight,E06000046,132925,133908,134783,135891,137179,137727,138289,138675,138361,138364,138392,138632,138146,138899,139316,139650,141277,141665,141764,140915,140885,140779,140906
Buckinghamshire,E06000060,479131,478768,480164,482126,485526,489348,493501,496371,498813,502820,506550,512105,517918,523613,529999,535519,538762,541983,545859,549066,555161,560688,566694
Eastbourne,E07000061,89836,90829,92163,93772,95500,96532,97616,98361,98228,98510,99308,99990,100662,101328,101996,102610,102964,102544,102754,101984,101601,102364,103796
Hastings,E07000062,85392,85873,86596,86854,87419,87516,88024,88722,89293,89623,90173,90493,90994,91356,91795,92347,92016,91963,91570,91130,90974,90621,90817
Lewes,E07000063,92247,92901,93227,93794,93832,94162,94782,95455,96114,97079,97584,98532,99215,99607,99717,100062,100434,100589,100813,100443,100166,100679,101356
Rother,E07000064,85471,86174,86718,87183,87684,88221,89262,90120,90123,90578,90729,90735,90487,91269,91751,92314,92904,92832,92581,92734,93409,94221,94862
Wealden,E07000065,140184,141150,142444,143404,144084,145094,146207,146539,146612,147861,149415,150608,151825,154017,155361,156056,156379,156791,157543,158291,160711,163122,164653
Basingstoke and Deane,E07000084,152874,153641,154833,155737,157499,158765,160183,162036,164135,166364,168550,171272,173300,175144,176838,178352,179083,179828,181396,183125,185713,187870,190198
East Hampshire,E07000085,109369,109606,109561,109960,110482,111131,112296,113172,114261,115350,116010,116541,117343,118015,118760,118817,119451,120647,122154,123725,126192,127285,128440
Eastleigh,E07000086,116257,116430,116696,117066,118089,119436,120596,121312,122377,124240,125852,126483,127248,128255,128283,128808,129386,130517,132175,134090,136963,139056,140950
Fareham,E07000087,108152,108451,108545,108473,108077,108397,109399,110205,110832,111382,111931,113033,113410,114156,114480,115102,115232,115115,114879,114777,114952,114562,114155
Gosport,E07000088,76676,76831,77585,78099,78646,79579,80627,81730,81961,82307,82669,83063,83015,83569,83834,84476,84246,83700,83022,82588,82169,82277,82385
Hart,E07000089,83590,84238,85180,86367,87519,88874,89866,90566,90986,91276,91662,92354,93015,93941,94766,95560,96322,97022,97727,98299,100262,100912,101542
Havant,E07000090,116886,117173,117346,117362,117542,117824,118282,119039,119394,120105,120783,120964,121105,121514,122189,123043,123836,124100,124099,124018,124467,124839,125682
New Forest,E07000091,169506,170595,171256,171769,172423,173269,174048,174548,175432,176323,176789,177030,177362,177875,177813,177855,177616,177525,177111,175937,176217,175932,175398
Rushmoor,E07000092,90892,89877,89727,89358,90040,91065,91891,92589,92572,93397,94354,95581,96344,97064,97682,99385,99590,99372,99756,100140,100096,101003,102908
Test Valley,E07000093,109965,110387,111271,112049,112811,113530,114433,115101,115251,115814,116698,117462,119068,120478,122256,124155,125250,126474,127652,128858,131158,132924,134461
Winchester,E07000094,107264,107844,108515,109179,109947,110628,111820,113267,114505,115789,116820,117789,118736,119937,121440,122844,123771,123877,124407,125754,127921,130597,132440
Ashford,E07000105,103024,104377,105636,107264,109409,111459,113286,114556,115694,116975,118405,120191,121850,123682,124580,126327,128049,129701,130466,131431,133221,135741,138283
Canterbury,E07000106,135381,136483,138608,140578,141918,143490,145197,146073,146396,148653,150600,151710,153475,155151,156143,157280,157944,157256,157109,157187,156631,158282,159939
Dartford,E07000107,85956,86403,87011,88277,89990,91174,92242,93946,95266,96337,97604,99064,100756,102765,104379,105905,108372,110818,113928,115572,116819,118810,120699
Dover,E07000108,104646,104883,105784,106878,107475,107904,109041,109848,110061,111072,111718,111529,111979,112541,112464,113365,114335,115148,115902,116134,116549,117546,118591
Gravesham,E07000109,95791,95448,95569,95907,96884,97574,98496,99394,100188,101076,101766,103004,103837,105434,106404,106823,106543,106726,107348,107146,106883,106870,107737
Maidstone,E07000110,139116,140338,141246,142242,143353,145307,147741,149723,151594,153739,155764,157457,159308,161567,164112,165953,168115,169974,171816,173272,176697,180569,184187
Sevenoaks,E07000111,109242,109105,109280,110045,111266,112500,113132,113298,113754,114509,115351,116250,116696,117376,117735,118289,118489,119165,119575,120051,120823,121173,121262
Folkestone and Hythe,E07000112,96345,97205,98540,99949,101509,102469,103902,104782,105716,106962,108199,108185,107899,108153,108327,109235,109095,109728,109659,109587,110040,110356,110995
Swale,E07000113,123123,124172,125348,125890,126516,127568,129721,131720,133030,134980,136324,137694,139135,140992,142723,145184,146846,148400,149753,150584,152218,154598,155893
Thanet,E07000114,126750,127675,128140,128782,129301,129601,130637,131750,132337,133508,134402,135730,136916,138695,139668,140373,140680,140848,140624,139945,140658,140683,140439
Tonbridge and Malling,E07000115,107771,108673,109494,110441,111719,113536,115469,116967,118459,120054,121087,122046,123006,124603,125712,127090,128680,130149,131502,131791,132363,133664,135206
Tunbridge Wells,E07000116,104049,104206,104390,105131,105877,107052,108927,111251,112774,114040,115246,115402,115164,115228,114769,115198,115559,114940,115158,115271,115650,116175,117020
Cherwell,E07000177,131988,132586,133977,134947,135876,137159,138120,139440,140301,141337,142252,143519,145185,146636,148630,150819,152329,154367,156447,158435,161830,164189,166321
Oxford,E07000178,135509,136625,139917,141593,145383,144513,144188,144433,145478,147907,150245,152407,154916,157582,158156,160119,160754,161342,160789,160064,160379,162448,165184
South Oxfordshire,E07000179,128307,128754,128920,129359,130050,130676,131626,132611,133466,133915,134961,136267,137403,139186,140260,141511,142115,143019,144875,146844,150002,151845,153424
Vale of White Horse,E07000180,115772,115565,116134,116475,117390,118209,118994,119284,120026,120823,121891,122622,123441,124581,126165,128387,130701,132875,135040,136889,139400,142335,145970
West Oxfordshire,E07000181,95701,95961,97083,98038,98869,100316,102166,103016,103824,104706,105442,107428,108445,108636,109360,109705,110289,110656,111362,112534,115116,116978,119331
Elmbridge,E07000207,122709,123784,124990,125677,127286,128763,129756,129908,129991,130937,131428,132847,134588,135980,136380,136974,136936,136863,137098,138098,139453,140299,140500
Epsom and Ewell,E07000208,67077,67554,67738,68386,69172,70028,71337,72514,73106,74278,75191,76148,77334,78456,78890,79386,79862,80121,80685,81197,81006,81349,81989
Guildford,E07000209,129774,129297,128763,128575,129043,130673,131656,132401,133584,135547,137580,137893,138627,139706,141577,142891,143294,142384,142328,142732,144013,146378,149176
Mole Valley,E07000210,80283,80498,81233,81498,81808,82319,83219,84256,84732,85413,85637,86366,87233,87408,87459,87642,87296,87064,86762,86924,87599,87852,88266
Reigate and Banstead,E07000211,126661,126272,126665,127222,127760,129190,131224,132857,134934,136741,138375,140083,141348,143529,144433,145621,146545,147887,149048,149545,151497,153674,155985
Runnymede,E07000212,78053,77649,77550,76948,77018,77169,78330,78694,79373,80283,80501,81261,82229,82874,83730,84725,84920,85538,86660,87200,87830,89069,90442
Spelthorne,E07000213,90404,90292,90225,90127,90571,91512,92425,93182,94001,94848,95852,97163,98252,99057,99755,100461,100819,101151,102062,102304,103036,103658,103954
Surrey Heath,E07000214,80309,80358,80938,81631,82321,83284,84214,84345,85142,85843,86378,86985,87591,88437,88945,89397,89537,89550,90544,90457,90653,91266,92168
Tandridge,E07000215,79332,78906,79002,79050,79373,80027,80983,81543,82099,82756,83178,83527,84477,85121,85527,85901,86457,86525,86923,87248,88127,88884,89409
Waverley,E07000216,115668,115573,116024,116230,116357,117038,118098,119012,120106,120957,121754,122173,123121,123839,124436,124949,125138,125159,125691,126260,128880,130329,132146
Woking,E07000217,89893,89289,89646,89798,91072,92838,94397,95530,96597,98201,99493,100565,101831,102588,103286,104233,104299,104510,104423,103882,103900,104290,104636
Adur,E07000223,59714,60050,59993,59961,59821,60337,60564,60721,61023,61216,61334,62158,62850,63525,63808,63947,64144,64230,64580,64550,64632,64725,64687
Arun,E07000224,140998,142385,143458,145149,145985,146750,147725,148458,148891,149467,149811,152162,154034,155983,157474,159363,161338,162647,163310,163661,165219,166381,168008
Chichester,E07000225,106494,106990,107512,108157,108773,109686,110603,111796,112474,113411,113995,115042,116120,116870,118447,119711,121442,122185,122815,123032,124517,126200,128003
Crawley,E07000226,100440,99195,98712,98887,99703,100746,101610,102827,103843,105478,107053,108974,110190,111522,112952,114243,115083,116472,117144,117793,118607,119700,120545
Horsham,E07000227,122272,122694,123798,124920,125949,127190,128294,129073,129790,130916,131540,132145,132807,134201,135832,138257,139862,141468,142932,144377,147500,148769,149464
Mid Sussex,E07000228,127397,127713,128623,129461,130503,132061,133976,135734,137209,138897,140188,141243,142951,144577,145684,147001,147679,148966,150027,150877,152919,155010,157915
Worthing,E07000229,97661,98236,98787,99452,100064,100632,101511,102369,102809,103769,104998,105797,106349,107291,108337,109346,109989,110280,110932,111064,111654,112022,112240
Bath and North East Somerset,E06000022,169158,169819,170361,170585,171274,171204,172635,173565,173360,174267,175538,176598,178743,180065,182561,185507,186894,189489,190176,191974,192419,195988,199818
"Bristol, City of",E06000023,390049,389735,391454,395743,405407,408428,411901,414822,418990,423044,428074,433264,438984,443834,451790,459588,463113,467026,469920,471851,471285,478636,482998
North Somerset,E06000024,188840,189718,191323,192776,194745,197028,199498,200853,201711,202967,203091,204465,206403,208617,210553,212660,213701,214360,215540,215850,217385,219165,221146
South Gloucestershire,E06000025,245985,247755,249176,251226,253178,255258,256640,257970,259730,261471,263417,265741,268167,269840,272189,275808,278379,281719,284563,287182,290886,295307,299439
Plymouth,E06000026,240954,242550,243390,244037,247516,249178,251237,252488,253116,254227,256589,257886,259549,261980,263088,264440,265294,265689,265041,264830,264768,267063,268736
Torbay,E06000027,129965,130521,131238,131937,132178,131857,132172,132070,131641,131443,131193,131806,132920,134217,135052,136172,137329,138100,138754,138695,139440,139409,139485
Swindon,E06000030,180129,182110,184368,186390,189684,192345,196942,201521,204371,206939,209709,212801,215994,218998,221805,224498,227680,230174,231934,232574,233760,235652,238417
Cornwall,E06000052,499937,504644,508579,511810,515098,517984,521957,524973,526365,529794,533760,537411,540061,543778,547334,551203,556921,559961,563695,565045,571948,575532,578324
Isles of Scilly,E06000053,2140,2170,2155,2210,2210,2264,2293,2333,2251,2228,2224,2249,2214,2188,2238,2236,2170,2166,2098,2030,2271,2281,2229
Wiltshire,E06000054,433508,438386,442633,445632,448670,453041,458840,464007,466711,470199,474319,476806,479505,484344,488377,492706,497177,498703,502985,507047,513240,516107,517979
"Bournemouth, Christchurch and Poole",E06000058,346829,348717,348483,348506,351616,353901,359462,363158,366948,373760,379441,382465,385483,389727,392499,397066,399374,400064,400182,399564,400155,402559,404050
Dorset,E06000059,346596,350487,353367,355305,357679,359806,363069,364085,363567,364317,365897,366572,367651,368694,370728,372416,374675,375604,377699,377670,381245,383373,384809
East Devon,E07000040,125713,126562,127170,128444,129797,130641,132023,132594,132378,132666,133272,134117,134763,136571,138588,140917,143284,145151,147346,148592,152065,154374,156167
Exeter,E07000041,111180,110636,111064,110697,112970,113128,114109,114167,114419,115712,117063,117980,118994,119789,121583,123347,124817,125758,126312,127345,129527,134811,137050
Mid Devon,E07000042,69887,70651,71472,72607,73323,74138,75599,76406,76981,77391,77936,78318,78572,78969,79167,79448,80054,80858,81434,82130,83171,83812,84148
North Devon,E07000043,87674,88477,89570,90433,91146,91744,92355,92775,93046,93293,93976,93742,93610,93740,93859,94407,95356,96052,97325,97622,99398,100455,100543
South Hams,E07000044,81929,82058,81994,82085,82489,82985,83363,83516,83368,83516,83563,83523,83867,84221,84616,84554,85183,85874,86458,87371,89161,89808,90842
Teignbridge,E07000045,121167,121810,122424,122964,123460,123508,124066,124396,124451,124359,124271,124830,125754,127236,128566,129668,131572,132707,133965,133869,135189,135972,137074
Torridge,E07000046,59129,59774,60663,61479,61954,62615,63100,63501,63477,63686,63973,64688,64860,65306,65808,66512,67529,67787,67837,67631,68444,68664,68830
West Devon,E07000047,48889,49972,49698,50118,50481,50833,51711,52566,52868,53285,53655,53938,54011,54402,54623,54947,55557,55647,55865,56236,57480,58212,58754
Cheltenham,E07000078,110024,109775,109282,109763,110948,111637,112511,112971,113967,114901,115645,116018,116164,117094,117693,118953,119303,119600,119459,118924,118838,119585,120255
Cotswold,E07000079,80387,80475,81212,81795,82205,82597,83202,83016,82765,82614,83180,83483,83986,84656,85293,85994,87540,88814,89632,89824,91076,91360,91490
Forest of Dean,E07000080,80057,80125,80729,81091,81482,81733,82004,82099,81994,81896,82200,82437,82672,83377,84335,85135,85557,86133,86274,86454,87114,87934,89104
Gloucester,E07000081,109947,110593,111545,112583,113876,115296,117225,118394,119348,120660,121921,123467,124947,126167,128032,129716,130898,131320,131776,132112,132564,133530,134991
Stroud,E07000082,108060,108229,108840,109477,110122,110509,111069,111375,111853,112491,113074,113328,113895,115211,116770,117213,117613,118172,118832,119511,121493,123225,124540
Tewkesbury,E07000083,76524,77248,77673,77932,78275,78930,79404,79755,80553,81535,82269,82568,83549,84826,85548,87065,88801,90614,92703,93747,95400,97032,98896
Somerset,E06000066,498707,503132,506790,510659,514338,517252,522150,525668,526592,528609,531581,535842,539465,544312,548792,554806,558895,562159,564987,566310,573100,577091,581145
Isle of Anglesey,W06000001,67806,67879,68140,68753,69095,69388,69700,69916,69884,69833,69913,69964,69880,69761,69415,68826,68617,68539,68278,68794,68937,69070,69291
Gwynedd,W06000002,116844,117344,118022,118721,118641,119070,119398,119746,120344,121155,121523,121439,120403,119796,119632,118958,118881,118129,117584,118180,117072,117997,119173
Conwy,W06000003,109674,110624,111248,112272,112374,113004,113778,114371,114623,114682,115326,115432,115313,115700,115380,115391,114855,114387,114196,114651,114788,114303,114410
Denbighshire,W06000004,93070,93478,93872,94010,93978,93983,94530,94739,94444,94152,93919,94119,94378,94670,94691,94723,94597,94596,94766,95558,96047,96602,97156
Flintshire,W06000005,148629,148947,149176,149681,149890,150125,150816,151501,151985,152080,152666,152660,152906,153439,153688,154166,154587,154587,154592,155004,155045,155334,155812
Wrexham,W06000006,128540,128595,128914,129005,129249,130311,131263,132371,133295,134009,135070,135589,135861,135983,135565,135354,135619,136244,135899,135980,135152,135389,136149
Ceredigion,W06000008,75417,75500,75581,75775,75485,75342,75326,74971,74642,75217,75293,76215,76087,75197,73724,72900,72220,71291,70639,71421,70676,71873,73050
Pembrokeshire,W06000009,113058,114146,115147,116428,117204,118278,119640,121134,121563,121974,122613,122621,122302,122148,121721,121438,121382,121194,121432,122572,123633,124365,125006
Carmarthenshire,W06000010,173652,174628,176133,177487,178229,179504,181314,182517,182846,183004,183961,184206,184252,184349,184404,184985,184984,185444,186125,187391,188172,189148,190083
Swansea,W06000011,223463,224755,226350,228176,229347,230793,232460,234139,235601,237311,238691,239197,239237,239228,239354,239300,239266,239184,238707,238992,237897,242039,246742
Neath Port Talbot,W06000012,134380,134931,136233,137144,137670,138323,138957,139481,139537,139638,139880,139694,139093,139439,139704,141000,141022,141342,141385,142308,141934,142204,142898
Bridgend,W06000013,128735,129741,131032,131947,132893,134164,135949,137175,137783,138471,139410,139985,140579,141333,142177,142887,143355,143583,144500,145434,145738,146135,146743
Vale of Glamorgan,W06000014,119277,120279,120980,122101,122877,123642,124732,125713,126162,126435,126679,126703,126458,126714,126261,127082,128377,129165,129802,131224,132491,133619,134733
Cardiff,W06000015,310088,312021,313246,317099,321001,323766,328196,332790,337656,341402,345442,348084,349982,350949,351600,352982,354348,355125,357137,360287,359824,371104,383536
Rhondda Cynon Taf,W06000016,231910,231795,232361,233971,234070,234493,234471,234724,234743,234459,234373,235271,235145,235284,235233,235567,236357,236685,237574,238039,237545,239235,241178
Caerphilly,W06000018,169546,170776,171363,172361,172777,173741,174987,176259,177159,178101,178782,178563,178236,178513,178269,178013,177610,177277,176735,176805,175999,176131,176437
Blaenau Gwent,W06000019,70000,69452,69228,69242,69188,69610,69685,69820,69850,69798,69812,69589,69186,68737,68395,68135,67829,67566,67382,67219,66989,66960,67356
Torfaen,W06000020,90912,90700,90719,90516,90644,90820,90974,91094,91199,91060,91190,91199,90842,90866,90844,90730,90638,91130,91685,92337,92454,92863,93419
Monmouthshire,W06000021,84984,85417,86605,87829,88611,89090,89592,90109,90557,91016,91508,91623,91822,91864,91867,92024,91791,91834,91730,92456,93163,93985,94572
Newport,W06000022,137642,138727,139121,139316,139617,140557,141376,142744,143753,144803,145785,146760,147586,148150,148948,150926,153234,155222,156773,158438,159687,161565,163628
Powys,W06000023,126398,127145,128295,129568,130210,131037,131982,132865,133090,132878,133071,133146,132719,132809,132945,132531,132460,131967,131556,132199,133521,133874,134439
Merthyr Tydfil,W06000024,56207,55996,55955,56020,56259,56627,57173,57688,58156,58493,58851,58869,58791,58859,58922,59247,59337,59349,59255,59194,58869,58881,58593
Clackmannanshire,S12000005,48070,48140,48140,48680,49160,49540,50600,51190,51290,51330,51500,51350,51410,51390,51560,51540,51650,51570,51700,51430,51640,51750,-
Dumfries and Galloway,S12000006,147780,147670,147860,148700,149620,149770,150370,151010,151160,151100,151410,150660,149950,149480,148820,148400,147820,147010,146850,146140,146330,145770,-
East Ayrshire,S12000008,120310,119920,119850,120210,120280,120440,120950,121600,122110,122410,122690,122610,122250,121860,121620,121570,121130,120790,120870,120360,120520,120390,-
East Lothian,S12000010,90180,91060,91640,92170,92730,93850,95570,97480,98340,99140,99920,101080,101900,102880,104100,105160,106060,107040,108500,109500,111350,112450,-
East Renfrewshire,S12000011,89410,89930,89870,89790,89880,89750,89840,89870,89980,90410,90810,91070,91670,92540,93110,93910,94850,95100,95460,95880,96290,97160,-
Na h-Eileanan Siar,S12000013,26450,26350,26430,26650,26930,27060,27210,27280,27420,27600,27690,27540,27350,27190,26940,26700,26690,26500,26340,26080,26170,26120,-
Falkirk,S12000014,145270,145920,146800,148300,150130,151090,152320,153290,154210,155130,156250,156590,156850,157270,157890,158690,159270,159150,159600,159100,158880,158450,-
Highland,S12000017,208920,209760,211640,214560,218060,220780,224000,226970,228750,230730,232730,233000,233080,233180,234050,234560,234780,234510,234500,233910,235860,235710,-
Inverclyde,S12000018,84150,83730,83300,82690,82680,82320,82110,82000,81670,81510,81220,80990,80870,80560,80350,80110,79840,79370,79180,78620,78430,78340,-
Midlothian,S12000019,80950,80880,80280,80230,80050,79990,80370,81550,81900,82360,83450,84390,85110,86850,88150,89440,90970,92200,93420,94180,95690,97030,-
Moray,S12000020,87000,87690,88830,89380,90100,90780,91440,92840,93160,93690,93470,92710,93930,94170,94780,95090,94630,94080,94150,93850,94260,94280,-
North Ayrshire,S12000021,135820,135890,136310,136500,136690,136790,137420,137910,137830,137800,138090,137640,137100,136680,136230,135940,135800,135130,134600,134070,133910,133490,-
Orkney Islands,S12000023,19220,19330,19540,19830,20070,20340,20580,20740,20940,21220,21420,21510,21510,21510,21530,21630,21720,21810,21860,21960,22010,22020,-
Scottish Borders,S12000026,106950,107530,108390,109450,110250,110860,112200,113360,113590,113700,113880,113950,114360,114770,114880,115440,115940,116160,116440,116360,117070,116820,-
Shetland Islands,S12000027,21960,22000,21950,22090,22250,22210,22350,22480,22800,23060,23240,23200,23190,23330,23370,23230,23110,23000,22920,22880,22940,23020,-
South Ayrshire,S12000028,112160,111690,111550,111840,112030,112100,112380,112610,112490,112600,112980,112900,112710,112440,112250,112190,112390,111980,112000,111460,111580,111560,-
South Lanarkshire,S12000029,302340,302770,303480,305660,306850,308450,310370,311310,312180,313180,313900,314780,315830,316760,318080,318990,320410,321240,323110,323640,325500,327430,-
Stirling,S12000030,86200,86630,87090,86920,87510,88090,88430,88540,88690,89550,90330,90470,90290,90170,90920,91610,91790,91950,92130,92160,91550,92530,-
Aberdeen City,S12000033,211910,210680,209280,207820,208690,209630,212470,214020,217020,219730,222460,224060,225310,226240,226780,225490,224100,222470,223150,223210,221240,224190,-
Aberdeenshire,S12000034,226940,228830,231250,234690,237570,241180,244390,246830,249020,251430,253650,255750,258130,261360,263260,263470,262870,262170,261840,261450,263060,263750,-
Argyll and Bute,S12000035,91300,91020,90930,90580,90340,90860,90790,89910,89450,88620,88930,87180,88470,88450,87870,88240,88110,87610,87380,87180,87990,87920,-
City of Edinburgh,S12000036,449020,447500,445300,445870,449470,452040,456040,458520,463230,469930,477940,480510,482850,485600,490750,496820,501540,504880,509470,510980,507460,514990,-
Renfrewshire,S12000038,172850,172300,171560,171470,171430,171270,171870,172640,173020,173700,174700,174670,174610,175310,175940,177460,178610,179610,181180,181790,182560,184340,-
West Dunbartonshire,S12000039,93320,93040,92470,91960,91530,91410,91370,91190,91080,90800,90610,90420,89980,89960,89950,90270,90130,89680,89590,89040,88560,88270,-
West Lothian,S12000040,159030,160370,161690,163540,165010,167110,169470,171390,173040,174090,175300,175490,175210,176050,177040,178290,179040,179210,179680,179890,180860,181720,-
Angus,S12000041,108370,108810,108700,110170,111340,112500,113540,114490,114830,115410,116200,116120,116170,116550,116870,116430,116070,115580,115510,115000,114960,114660,-
Dundee City,S12000042,145460,144370,144080,143100,143600,143360,143700,144290,145170,146060,147200,147570,147570,147370,147320,147220,147830,147810,148350,148160,146930,148350,-
East Dunbartonshire,S12000045,108250,107350,107000,106540,106040,105590,105050,104940,104960,104920,105000,105910,105980,106940,107350,107840,108460,108540,108880,108900,108980,108980,-
Fife,S12000047,349770,350740,351360,353050,355460,357260,358740,360040,361420,362610,365300,365950,366340,366360,367010,368820,369380,369250,370650,370820,370980,371340,-
Perth and Kinross,S12000048,134950,135130,135960,136900,138060,139380,141140,143130,144370,145600,146850,147260,147000,147800,148490,149160,149550,149360,149750,149450,150780,151120,-
Glasgow City,S12000049,578710,576450,572270,569560,569250,568460,571760,576200,581620,586500,593060,593190,592310,592740,595690,601460,605040,609200,613730,614200,612650,622820,-
North Lanarkshire,S12000050,321180,322520,323700,325400,327140,328740,331160,333280,335160,336280,337720,337980,338010,338440,338750,339730,340320,340340,341610,341450,341410,340930,-
Antrim and Newtownabbey,N09000001,128760,129502,130356,131067,132350,133216,134756,136122,137422,138044,138651,139397,140042,140682,141364,142138,142996,143952,145152,145563,145852,146148,-
"Armagh City, Banbridge and Craigavon",N09000002,176014,177357,178954,180828,183933,187196,190505,193603,196203,198202,200298,202560,204072,206141,208339,210924,212635,214887,217069,218162,219127,220271,-
Belfast,N09000003,328695,328471,327176,326268,325483,325985,327383,330052,331763,333489,333895,334322,335881,337872,340194,341111,341915,343690,345391,344994,344992,348005,-
Causeway Coast and Glens,N09000004,131374,132827,134152,135209,136340,137438,138375,139004,139616,140107,140907,141147,141100,141453,142052,142158,142296,142404,142776,142507,141664,141316,-
Derry City and Strabane,N09000005,143810,144280,144629,145041,145447,145855,146742,147496,148053,148148,148191,148666,148721,149307,149589,150259,150589,150712,151236,150831,150834,150836,-
Fermanagh and Omagh,N09000006,105751,106663,107332,107923,108586,109344,110345,111494,111998,112919,113501,114162,114219,114785,115057,115456,115859,116329,116797,116594,116926,116994,-
Lisburn and Castlereagh,N09000007,124585,124757,125001,125764,127043,128185,129179,130584,132386,133909,135280,136498,137201,139186,140938,142088,143737,145644,147467,148102,149272,149915,-
Mid and East Antrim,N09000008,127452,128281,129181,129925,130980,132021,133270,134169,134774,135157,135365,135837,135983,136610,137085,137718,138019,138592,139066,139134,139127,139200,-
Mid Ulster,N09000009,119112,120214,121324,122645,124885,127662,131088,133595,135408,137221,139011,140466,141551,143217,144404,145874,147002,148028,149230,149747,150598,151001,-
"Newry, Mourne and Down",N09000010,153726,154984,156395,158460,160453,162723,165634,168019,169652,171119,172276,173754,174951,175557,176559,178017,179199,180205,181528,181683,182345,182634,-
Ards and North Down,N09000011,149559,150198,150424,150912,152233,153488,154406,155014,156058,156518,156943,157794,157956,158376,159362,160299,160931,161816,162807,163206,163827,164223,-
