LAD23CD,LAD23NM,LAD23NMW,ObjectId,2026_housing_price,2026_housing_price_ci,2026_housing_price_feature_importance,2026_housing_affordability,2026_housing_affordability_ci,2026_housing_affordability_feature_importance,2026_net_additional_dwellings,2026_net_additional_dwellings_ci,2026_net_additional_dwellings_feature_importance,2027_housing_price,2027_housing_price_ci,2027_housing_price_feature_importance,2027_housing_affordability,2027_housing_affordability_ci,2027_housing_affordability_feature_importance,2027_net_additional_dwellings,2027_net_additional_dwellings_ci,2027_net_additional_dwellings_feature_importance,2028_housing_price,2028_housing_price_ci,2028_housing_price_feature_importance,2028_housing_affordability,2028_housing_affordability_ci,2028_housing_affordability_feature_importance,2028_net_additional_dwellings,2028_net_additional_dwellings_ci,2028_net_additional_dwellings_feature_importance,2029_housing_price,2029_housing_price_ci,2029_housing_price_feature_importance,2029_housing_affordability,2029_housing_affordability_ci,2029_housing_affordability_feature_importance,2029_net_additional_dwellings,2029_net_additional_dwellings_ci,2029_net_additional_dwellings_feature_importance,2030_housing_price,2030_housing_price_ci,2030_housing_price_feature_importance,2030_housing_affordability,2030_housing_affordability_ci,2030_housing_affordability_feature_importance,2030_net_additional_dwellings,2030_net_additional_dwellings_ci,2030_net_additional_dwellings_feature_importance,2031_housing_price,2031_housing_price_ci,2031_housing_price_feature_importance,2031_housing_affordability,2031_housing_affordability_ci,2031_housing_affordability_feature_importance,2031_net_additional_dwellings,2031_net_additional_dwellings_ci,2031_net_additional_dwellings_feature_importance
E06000001,Hartlepool,,1,182613,0.21,"{'public_transport_access': 0.464, 'broadband_speed': 0.058, 'school_quality': 0.061, 'crime_rate': 0.231, 'tree_density': 0.186}",11.5,0.19,"{'crime_rate': 0.208, 'broadband_speed': 0.071, 'air_quality': 0.211, 'median_income': 0.471, 'healthcare_access': 0.038}",666,0.12,"{'broadband_speed': 0.377, 'school_quality': 0.241, 'tree_density': 0.284, 'green_space_area': 0.098, 'employment_rate': 0.001}",391518,0.08,"{'median_income': 0.011, 'public_transport_access': 0.276, 'healthcare_access': 0.106, 'crime_rate': 0.245, 'green_space_area': 0.362}",8.7,0.17,"{'green_space_area': 0.315, 'air_quality': 0.271, 'crime_rate': 0.127, 'healthcare_access': 0.229, 'median_income': 0.058}",1235,0.11,"{'median_income': 0.087, 'employment_rate': 0.409, 'healthcare_access': 0.462, 'public_transport_access': 0.006, 'crime_rate': 0.036}",408607,0.23,"{'tree_density': 0.333, 'broadband_speed': 0.056, 'green_space_area': 0.076, 'school_quality': 0.143, 'employment_rate': 0.392}",8.9,0.21,"{'median_income': 0.386, 'broadband_speed': 0.226, 'healthcare_access': 0.044, 'air_quality': 0.283, 'tree_density': 0.06}",688,0.06,"{'air_quality': 0.112, 'public_transport_access': 0.264, 'healthcare_access': 0.232, 'school_quality': 0.225, 'employment_rate': 0.167}",446842,0.19,"{'public_transport_access': 0.22, 'school_quality': 0.339, 'crime_rate': 0.084, 'median_income': 0.308, 'green_space_area': 0.049}",8,0.21,"{'green_space_area': 0.153, 'public_transport_access': 0.131, 'school_quality': 0.318, 'tree_density': 0.291, 'air_quality': 0.107}",260,0.22,"{'crime_rate': 0.008, 'broadband_speed': 0.322, 'air_quality': 0.139, 'tree_density': 0.09, 'public_transport_access': 0.441}",418643,0.16,"{'public_transport_access': 0.076, 'crime_rate': 0.051, 'air_quality': 0.013, 'employment_rate': 0.331, 'green_space_area': 0.528}",5,0.24,"{'employment_rate': 0.326, 'crime_rate': 0.013, 'green_space_area': 0.316, 'tree_density': 0.084, 'median_income': 0.261}",1470,0.14,"{'public_transport_access': 0.029, 'tree_density': 0.537, 'crime_rate': 0.022, 'healthcare_access': 0.175, 'employment_rate': 0.237}",237396,0.24,"{'school_quality': 0.115, 'public_transport_access': 0.098, 'healthcare_access': 0.16, 'crime_rate': 0.078, 'tree_density': 0.55}",5.6,0.2,"{'healthcare_access': 0.747, 'employment_rate': 0.067, 'green_space_area': 0.078, 'broadband_speed': 0.107, 'air_quality': 0.001}",480,0.15,"{'green_space_area': 0.558, 'school_quality': 0.062, 'air_quality': 0.008, 'tree_density': 0.351, 'healthcare_access': 0.021}"
E06000002,Middlesbrough,,2,464223,0.1,"{'tree_density': 0.303, 'green_space_area': 0.251, 'broadband_speed': 0.169, 'employment_rate': 0.048, 'healthcare_access': 0.229}",5.6,0.12,"{'green_space_area': 0.189, 'air_quality': 0.055, 'healthcare_access': 0.437, 'crime_rate': 0.146, 'median_income': 0.172}",326,0.16,"{'green_space_area': 0.149, 'healthcare_access': 0.001, 'public_transport_access': 0.033, 'tree_density': 0.248, 'employment_rate': 0.569}",226934,0.22,"{'median_income': 0.242, 'air_quality': 0.267, 'school_quality': 0.119, 'healthcare_access': 0.259, 'employment_rate': 0.112}",8.9,0.05,"{'healthcare_access': 0.01, 'school_quality': 0.038, 'broadband_speed': 0.245, 'green_space_area': 0.122, 'median_income': 0.584}",512,0.17,"{'public_transport_access': 0.087, 'broadband_speed': 0.456, 'school_quality': 0.245, 'healthcare_access': 0.184, 'green_space_area': 0.028}",414641,0.09,"{'green_space_area': 0.482, 'healthcare_access': 0.127, 'employment_rate': 0.066, 'air_quality': 0.107, 'public_transport_access': 0.219}",3.1,0.09,"{'tree_density': 0.037, 'crime_rate': 0.047, 'healthcare_access': 0.646, 'public_transport_access': 0.158, 'school_quality': 0.112}",290,0.07,"{'healthcare_access': 0.087, 'air_quality': 0.154, 'employment_rate': 0.419, 'public_transport_access': 0.28, 'green_space_area': 0.06}",463335,0.06,"{'public_transport_access': 0.29, 'crime_rate': 0.081, 'healthcare_access': 0.455, 'employment_rate': 0.068, 'tree_density': 0.105}",10.6,0.12,"{'school_quality': 0.206, 'tree_density': 0.377, 'broadband_speed': 0.103, 'median_income': 0.19, 'crime_rate': 0.124}",351,0.14,"{'air_quality': 0.021, 'healthcare_access': 0.242, 'school_quality': 0.232, 'employment_rate': 0.451, 'crime_rate': 0.053}",386511,0.27,"{'public_transport_access': 0.048, 'school_quality': 0.032, 'green_space_area': 0.265, 'crime_rate': 0.395, 'median_income': 0.26}",12,0.21,"{'median_income': 0.035, 'crime_rate': 0.041, 'school_quality': 0.447, 'tree_density': 0.447, 'green_space_area': 0.031}",1353,0.14,"{'crime_rate': 0.059, 'public_transport_access': 0.358, 'broadband_speed': 0.254, 'tree_density': 0.314, 'school_quality': 0.015}",382116,0.25,"{'air_quality': 0.279, 'crime_rate': 0.233, 'employment_rate': 0.26, 'school_quality': 0.216, 'green_space_area': 0.011}",7.1,0.17,"{'tree_density': 0.15, 'employment_rate': 0.115, 'air_quality': 0.381, 'broadband_speed': 0.071, 'healthcare_access': 0.283}",954,0.08,"{'employment_rate': 0.032, 'median_income': 0.07, 'crime_rate': 0.533, 'healthcare_access': 0.109, 'green_space_area': 0.255}"
E06000003,Redcar and Cleveland,,3,239105,0.29,"{'healthcare_access': 0.002, 'green_space_area': 0.545, 'median_income': 0.073, 'broadband_speed': 0.144, 'crime_rate': 0.236}",10.8,0.21,"{'crime_rate': 0.188, 'tree_density': 0.58, 'green_space_area': 0.052, 'employment_rate': 0.078, 'broadband_speed': 0.103}",1217,0.29,"{'broadband_speed': 0.206, 'tree_density': 0.063, 'public_transport_access': 0.04, 'median_income': 0.625, 'air_quality': 0.067}",444806,0.11,"{'healthcare_access': 0.081, 'broadband_speed': 0.238, 'school_quality': 0.088, 'median_income': 0.025, 'crime_rate': 0.567}",10.1,0.13,"{'healthcare_access': 0.449, 'median_income': 0.141, 'employment_rate': 0.078, 'green_space_area': 0.315, 'air_quality': 0.017}",819,0.27,"{'employment_rate': 0.859, 'crime_rate': 0.001, 'healthcare_access': 0.019, 'public_transport_access': 0.009, 'air_quality': 0.112}",274963,0.08,"{'public_transport_access': 0.294, 'tree_density': 0.287, 'median_income': 0.164, 'air_quality': 0.244, 'crime_rate': 0.012}",5.9,0.22,"{'broadband_speed': 0.087, 'crime_rate': 0.443, 'tree_density': 0.256, 'school_quality': 0.127, 'healthcare_access': 0.087}",339,0.23,"{'school_quality': 0.021, 'public_transport_access': 0.389, 'green_space_area': 0.227, 'crime_rate': 0.14, 'healthcare_access': 0.222}",445677,0.28,"{'healthcare_access': 0.206, 'crime_rate': 0.418, 'air_quality': 0.112, 'school_quality': 0.036, 'median_income': 0.228}",8.7,0.18,"{'air_quality': 0.045, 'public_transport_access': 0.111, 'broadband_speed': 0.687, 'employment_rate': 0.002, 'tree_density': 0.154}",1130,0.23,"{'broadband_speed': 0.119, 'median_income': 0.198, 'public_transport_access': 0.299, 'crime_rate': 0.252, 'tree_density': 0.133}",334340,0.21,"{'crime_rate': 0.051, 'green_space_area': 0.17, 'air_quality': 0.012, 'public_transport_access': 0.237, 'healthcare_access': 0.531}",10.9,0.27,"{'air_quality': 0.356, 'employment_rate': 0.238, 'healthcare_access': 0.238, 'green_space_area': 0.044, 'broadband_speed': 0.123}",1162,0.23,"{'tree_density': 0.286, 'healthcare_access': 0.276, 'broadband_speed': 0.268, 'air_quality': 0.034, 'median_income': 0.136}",324704,0.25,"{'employment_rate': 0.573, 'public_transport_access': 0.014, 'green_space_area': 0.05, 'crime_rate': 0.299, 'broadband_speed': 0.063}",7.7,0.14,"{'broadband_speed': 0.405, 'employment_rate': 0.062, 'tree_density': 0.278, 'median_income': 0.137, 'green_space_area': 0.119}",1121,0.13,"{'school_quality': 0.244, 'broadband_speed': 0.253, 'public_transport_access': 0.111, 'employment_rate': 0.022, 'tree_density': 0.37}"
E06000004,Stockton-on-Tees,,4,283368,0.25,"{'median_income': 0.343, 'healthcare_access': 0.006, 'broadband_speed': 0.397, 'public_transport_access': 0.178, 'air_quality': 0.075}",5.4,0.28,"{'employment_rate': 0.338, 'healthcare_access': 0.074, 'green_space_area': 0.245, 'public_transport_access': 0.328, 'broadband_speed': 0.015}",384,0.07,"{'employment_rate': 0.231, 'healthcare_access': 0.531, 'broadband_speed': 0.01, 'tree_density': 0.155, 'crime_rate': 0.073}",391725,0.23,"{'healthcare_access': 0.412, 'public_transport_access': 0.199, 'green_space_area': 0.183, 'employment_rate': 0.086, 'air_quality': 0.12}",8.5,0.3,"{'tree_density': 0.302, 'air_quality': 0.024, 'healthcare_access': 0.015, 'employment_rate': 0.233, 'broadband_speed': 0.426}",1070,0.16,"{'broadband_speed': 0.601, 'healthcare_access': 0.032, 'public_transport_access': 0.233, 'employment_rate': 0.061, 'crime_rate': 0.073}",279254,0.21,"{'school_quality': 0.23, 'employment_rate': 0.339, 'median_income': 0.126, 'crime_rate': 0.291, 'green_space_area': 0.014}",10.7,0.14,"{'public_transport_access': 0.225, 'employment_rate': 0.543, 'healthcare_access': 0.013, 'median_income': 0.151, 'green_space_area': 0.069}",283,0.21,"{'public_transport_access': 0.201, 'healthcare_access': 0.1, 'median_income': 0.276, 'green_space_area': 0.219, 'employment_rate': 0.204}",421482,0.09,"{'median_income': 0.158, 'crime_rate': 0.151, 'healthcare_access': 0.22, 'school_quality': 0.018, 'green_space_area': 0.453}",3.6,0.23,"{'employment_rate': 0.046, 'public_transport_access': 0.064, 'crime_rate': 0.012, 'air_quality': 0.604, 'broadband_speed': 0.274}",187,0.16,"{'public_transport_access': 0.148, 'tree_density': 0.439, 'healthcare_access': 0.03, 'employment_rate': 0.191, 'median_income': 0.192}",415359,0.05,"{'crime_rate': 0.39, 'employment_rate': 0.041, 'public_transport_access': 0.071, 'air_quality': 0.184, 'green_space_area': 0.314}",11,0.25,"{'school_quality': 0.08, 'broadband_speed': 0.18, 'green_space_area': 0.025, 'median_income': 0.468, 'healthcare_access': 0.248}",415,0.07,"{'air_quality': 0.087, 'school_quality': 0.116, 'public_transport_access': 0.08, 'employment_rate': 0.358, 'green_space_area': 0.359}",152300,0.21,"{'public_transport_access': 0.132, 'school_quality': 0.032, 'broadband_speed': 0.26, 'healthcare_access': 0.278, 'crime_rate': 0.298}",5.6,0.22,"{'green_space_area': 0.072, 'crime_rate': 0.029, 'tree_density': 0.287, 'median_income': 0.282, 'air_quality': 0.33}",931,0.28,"{'air_quality': 0.292, 'broadband_speed': 0.399, 'school_quality': 0.12, 'public_transport_access': 0.125, 'healthcare_access': 0.064}"
E06000005,Darlington,,5,373517,0.15,"{'median_income': 0.071, 'public_transport_access': 0.051, 'employment_rate': 0.286, 'crime_rate': 0.457, 'school_quality': 0.135}",9.1,0.24,"{'median_income': 0.071, 'air_quality': 0.23, 'tree_density': 0.011, 'employment_rate': 0.324, 'green_space_area': 0.364}",514,0.23,"{'tree_density': 0.277, 'crime_rate': 0.091, 'employment_rate': 0.38, 'healthcare_access': 0.156, 'air_quality': 0.095}",170055,0.28,"{'median_income': 0.079, 'public_transport_access': 0.279, 'broadband_speed': 0.07, 'crime_rate': 0.494, 'healthcare_access': 0.077}",6.1,0.18,"{'healthcare_access': 0.086, 'school_quality': 0.071, 'median_income': 0.141, 'broadband_speed': 0.425, 'air_quality': 0.277}",251,0.29,"{'crime_rate': 0.372, 'school_quality': 0.403, 'healthcare_access': 0.019, 'median_income': 0.135, 'broadband_speed': 0.071}",361006,0.19,"{'crime_rate': 0.147, 'healthcare_access': 0.076, 'employment_rate': 0.099, 'school_quality': 0.146, 'green_space_area': 0.532}",12,0.25,"{'tree_density': 0.771, 'public_transport_access': 0.035, 'employment_rate': 0.111, 'healthcare_access': 0.057, 'broadband_speed': 0.026}",1258,0.25,"{'school_quality': 0.289, 'air_quality': 0.034, 'employment_rate': 0.006, 'public_transport_access': 0.398, 'median_income': 0.274}",219188,0.1,"{'public_transport_access': 0.351, 'median_income': 0.237, 'employment_rate': 0.122, 'broadband_speed': 0.231, 'healthcare_access': 0.059}",9.2,0.23,"{'public_transport_access': 0.048, 'tree_density': 0.019, 'crime_rate': 0.155, 'employment_rate': 0.122, 'green_space_area': 0.656}",1080,0.05,"{'employment_rate': 0.063, 'green_space_area': 0.202, 'crime_rate': 0.201, 'school_quality': 0.017, 'air_quality': 0.516}",432163,0.1,"{'air_quality': 0.371, 'employment_rate': 0.226, 'crime_rate': 0.121, 'tree_density': 0.235, 'public_transport_access': 0.047}",6,0.28,"{'healthcare_access': 0.011, 'tree_density': 0.004, 'employment_rate': 0.28, 'school_quality': 0.33, 'public_transport_access': 0.376}",1675,0.05,"{'public_transport_access': 0.009, 'employment_rate': 0.006, 'broadband_speed': 0.47, 'green_space_area': 0.472, 'air_quality': 0.043}",227075,0.27,"{'air_quality': 0.294, 'employment_rate': 0.215, 'public_transport_access': 0.392, 'crime_rate': 0.059, 'green_space_area': 0.04}",9.7,0.26,"{'air_quality': 0.387, 'tree_density': 0.109, 'public_transport_access': 0.146, 'school_quality': 0.325, 'median_income': 0.034}",1246,0.06,"{'tree_density': 0.273, 'green_space_area': 0.165, 'employment_rate': 0.214, 'air_quality': 0.318, 'public_transport_access': 0.029}"
E06000006,Halton,,6,253655,0.07,"{'tree_density': 0.554, 'healthcare_access': 0.008, 'employment_rate': 0.172, 'broadband_speed': 0.089, 'crime_rate': 0.177}",7.8,0.2,"{'school_quality': 0.108, 'healthcare_access': 0.109, 'green_space_area': 0.035, 'crime_rate': 0.069, 'tree_density': 0.679}",236,0.1,"{'school_quality': 0.184, 'green_space_area': 0.14, 'median_income': 0.227, 'public_transport_access': 0.335, 'broadband_speed': 0.113}",487663,0.15,"{'employment_rate': 0.519, 'healthcare_access': 0.205, 'broadband_speed': 0.256, 'crime_rate': 0.012, 'public_transport_access': 0.008}",11.7,0.16,"{'school_quality': 0.24, 'tree_density': 0.065, 'air_quality': 0.088, 'broadband_speed': 0.012, 'public_transport_access': 0.595}",1320,0.23,"{'employment_rate': 0.057, 'school_quality': 0.251, 'public_transport_access': 0.148, 'broadband_speed': 0.418, 'healthcare_access': 0.126}",164549,0.1,"{'air_quality': 0.334, 'crime_rate': 0.089, 'public_transport_access': 0.23, 'tree_density': 0.211, 'employment_rate': 0.137}",6.5,0.08,"{'median_income': 0.018, 'crime_rate': 0.208, 'tree_density': 0.072, 'green_space_area': 0.511, 'broadband_speed': 0.191}",365,0.29,"{'crime_rate': 0.017, 'broadband_speed': 0.05, 'school_quality': 0.021, 'public_transport_access': 0.586, 'median_income': 0.327}",345933,0.2,"{'crime_rate': 0.508, 'employment_rate': 0.117, 'public_transport_access': 0.182, 'median_income': 0.124, 'green_space_area': 0.068}",10.4,0.25,"{'employment_rate': 0.33, 'crime_rate': 0.457, 'tree_density': 0.066, 'school_quality': 0.065, 'healthcare_access': 0.082}",730,0.13,"{'crime_rate': 0.357, 'public_transport_access': 0.19, 'air_quality': 0.187, 'median_income': 0.015, 'school_quality': 0.251}",297624,0.06,"{'tree_density': 0.197, 'employment_rate': 0.495, 'air_quality': 0.123, 'healthcare_access': 0.098, 'green_space_area': 0.087}",10,0.12,"{'broadband_speed': 0.704, 'school_quality': 0.003, 'air_quality': 0.207, 'healthcare_access': 0.015, 'median_income': 0.07}",330,0.22,"{'healthcare_access': 0.362, 'school_quality': 0.043, 'median_income': 0.248, 'air_quality': 0.004, 'broadband_speed': 0.343}",164951,0.3,"{'green_space_area': 0.334, 'public_transport_access': 0.28, 'healthcare_access': 0.084, 'air_quality': 0.276, 'school_quality': 0.027}",3.4,0.18,"{'air_quality': 0.531, 'employment_rate': 0.198, 'crime_rate': 0.134, 'tree_density': 0.036, 'green_space_area': 0.102}",1224,0.11,"{'air_quality': 0.274, 'healthcare_access': 0.3, 'employment_rate': 0.254, 'tree_density': 0.036, 'broadband_speed': 0.135}"
E06000007,Warrington,,7,161183,0.14,"{'green_space_area': 0.217, 'public_transport_access': 0.094, 'broadband_speed': 0.07, 'crime_rate': 0.006, 'employment_rate': 0.614}",9.4,0.15,"{'crime_rate': 0.214, 'public_transport_access': 0.165, 'air_quality': 0.214, 'green_space_area': 0.129, 'healthcare_access': 0.277}",169,0.08,"{'school_quality': 0.143, 'air_quality': 0.052, 'green_space_area': 0.576, 'tree_density': 0.01, 'crime_rate': 0.218}",212667,0.18,"{'broadband_speed': 0.044, 'air_quality': 0.716, 'employment_rate': 0.024, 'school_quality': 0.024, 'public_transport_access': 0.193}",11.8,0.16,"{'median_income': 0.173, 'public_transport_access': 0.39, 'tree_density': 0.047, 'healthcare_access': 0.311, 'broadband_speed': 0.08}",1943,0.2,"{'school_quality': 0.14, 'tree_density': 0.226, 'public_transport_access': 0.096, 'median_income': 0.046, 'broadband_speed': 0.492}",273128,0.23,"{'crime_rate': 0.183, 'healthcare_access': 0.089, 'broadband_speed': 0.113, 'air_quality': 0.608, 'green_space_area': 0.007}",6.6,0.25,"{'school_quality': 0.369, 'green_space_area': 0.235, 'healthcare_access': 0.104, 'public_transport_access': 0.031, 'employment_rate': 0.262}",1428,0.19,"{'median_income': 0.027, 'healthcare_access': 0.128, 'crime_rate': 0.138, 'tree_density': 0.261, 'broadband_speed': 0.447}",152181,0.13,"{'school_quality': 0.234, 'public_transport_access': 0.077, 'green_space_area': 0.293, 'tree_density': 0.32, 'healthcare_access': 0.075}",11.6,0.07,"{'public_transport_access': 0.064, 'healthcare_access': 0.027, 'median_income': 0.147, 'tree_density': 0.426, 'broadband_speed': 0.337}",372,0.26,"{'healthcare_access': 0.236, 'school_quality': 0.08, 'employment_rate': 0.091, 'tree_density': 0.001, 'broadband_speed': 0.592}",290726,0.26,"{'tree_density': 0.558, 'air_quality': 0.021, 'school_quality': 0.18, 'green_space_area': 0.144, 'public_transport_access': 0.097}",5.7,0.08,"{'air_quality': 0.129, 'broadband_speed': 0.666, 'median_income': 0.025, 'healthcare_access': 0.015, 'green_space_area': 0.164}",1401,0.27,"{'air_quality': 0.286, 'median_income': 0.085, 'school_quality': 0.27, 'public_transport_access': 0.338, 'broadband_speed': 0.021}",245677,0.14,"{'public_transport_access': 0.33, 'school_quality': 0.098, 'crime_rate': 0.25, 'broadband_speed': 0.194, 'tree_density': 0.128}",7.3,0.09,"{'broadband_speed': 0.119, 'school_quality': 0.272, 'public_transport_access': 0.017, 'crime_rate': 0.217, 'tree_density': 0.375}",1491,0.2,"{'broadband_speed': 0.278, 'employment_rate': 0.219, 'air_quality': 0.023, 'public_transport_access': 0.373, 'tree_density': 0.107}"
E06000008,Blackburn with Darwen,,8,473520,0.1,"{'crime_rate': 0.208, 'employment_rate': 0.125, 'public_transport_access': 0.077, 'school_quality': 0.408, 'median_income': 0.183}",4.4,0.21,"{'public_transport_access': 0.075, 'healthcare_access': 0.068, 'school_quality': 0.165, 'green_space_area': 0.426, 'broadband_speed': 0.266}",118,0.16,"{'crime_rate': 0.342, 'air_quality': 0.2, 'healthcare_access': 0.378, 'green_space_area': 0.019, 'employment_rate': 0.061}",259563,0.06,"{'median_income': 0.015, 'broadband_speed': 0.316, 'green_space_area': 0.229, 'school_quality': 0.241, 'crime_rate': 0.199}",6,0.05,"{'school_quality': 0.815, 'tree_density': 0.017, 'healthcare_access': 0.001, 'broadband_speed': 0.154, 'air_quality': 0.013}",1612,0.06,"{'broadband_speed': 0.356, 'public_transport_access': 0.442, 'school_quality': 0.113, 'green_space_area': 0.048, 'air_quality': 0.042}",205200,0.1,"{'employment_rate': 0.062, 'public_transport_access': 0.182, 'crime_rate': 0.19, 'broadband_speed': 0.26, 'tree_density': 0.305}",3.4,0.19,"{'green_space_area': 0.234, 'school_quality': 0.186, 'crime_rate': 0.202, 'air_quality': 0.347, 'broadband_speed': 0.03}",473,0.14,"{'healthcare_access': 0.434, 'median_income': 0.287, 'public_transport_access': 0.033, 'green_space_area': 0.167, 'employment_rate': 0.08}",299092,0.26,"{'employment_rate': 0.148, 'median_income': 0.03, 'public_transport_access': 0.326, 'broadband_speed': 0.029, 'healthcare_access': 0.467}",4.4,0.17,"{'crime_rate': 0.321, 'healthcare_access': 0.032, 'air_quality': 0.354, 'broadband_speed': 0.226, 'employment_rate': 0.067}",1890,0.11,"{'crime_rate': 0.121, 'public_transport_access': 0.143, 'green_space_area': 0.045, 'employment_rate': 0.391, 'school_quality': 0.299}",298651,0.25,"{'green_space_area': 0.36, 'employment_rate': 0.065, 'crime_rate': 0.117, 'median_income': 0.215, 'public_transport_access': 0.244}",4.9,0.21,"{'public_transport_access': 0.163, 'green_space_area': 0.046, 'median_income': 0.157, 'employment_rate': 0.362, 'healthcare_access': 0.273}",142,0.05,"{'air_quality': 0.059, 'employment_rate': 0.115, 'tree_density': 0.314, 'broadband_speed': 0.077, 'school_quality': 0.435}",480150,0.08,"{'green_space_area': 0.023, 'employment_rate': 0.439, 'school_quality': 0.056, 'healthcare_access': 0.288, 'crime_rate': 0.194}",3.4,0.07,"{'employment_rate': 0.003, 'median_income': 0.086, 'tree_density': 0.262, 'crime_rate': 0.377, 'air_quality': 0.272}",321,0.09,"{'broadband_speed': 0.159, 'public_transport_access': 0.077, 'healthcare_access': 0.093, 'green_space_area': 0.633, 'employment_rate': 0.037}"
E06000009,Blackpool,,9,155359,0.27,"{'green_space_area': 0.525, 'employment_rate': 0.052, 'crime_rate': 0.034, 'air_quality': 0.345, 'broadband_speed': 0.044}",6.2,0.17,"{'employment_rate': 0.085, 'school_quality': 0.073, 'green_space_area': 0.41, 'broadband_speed': 0.237, 'public_transport_access': 0.195}",974,0.06,"{'median_income': 0.077, 'broadband_speed': 0.59, 'public_transport_access': 0.093, 'healthcare_access': 0.17, 'school_quality': 0.071}",252711,0.08,"{'employment_rate': 0.224, 'crime_rate': 0.372, 'school_quality': 0.145, 'air_quality': 0.068, 'green_space_area': 0.19}",3.5,0.12,"{'school_quality': 0.191, 'healthcare_access': 0.454, 'broadband_speed': 0.001, 'crime_rate': 0.097, 'tree_density': 0.258}",1620,0.21,"{'employment_rate': 0.408, 'broadband_speed': 0.069, 'green_space_area': 0.054, 'air_quality': 0.291, 'school_quality': 0.179}",359163,0.06,"{'tree_density': 0.062, 'public_transport_access': 0.218, 'median_income': 0.174, 'school_quality': 0.3, 'green_space_area': 0.245}",3.8,0.11,"{'green_space_area': 0.295, 'crime_rate': 0.055, 'school_quality': 0.154, 'healthcare_access': 0.032, 'broadband_speed': 0.464}",1688,0.21,"{'green_space_area': 0.411, 'school_quality': 0.033, 'median_income': 0.251, 'public_transport_access': 0.19, 'broadband_speed': 0.116}",152038,0.19,"{'tree_density': 0.177, 'employment_rate': 0.22, 'green_space_area': 0.349, 'air_quality': 0.154, 'broadband_speed': 0.101}",5.1,0.28,"{'employment_rate': 0.105, 'green_space_area': 0.744, 'broadband_speed': 0.005, 'median_income': 0.127, 'school_quality': 0.019}",600,0.28,"{'school_quality': 0.014, 'green_space_area': 0.286, 'crime_rate': 0.053, 'employment_rate': 0.15, 'air_quality': 0.497}",426231,0.05,"{'broadband_speed': 0.157, 'public_transport_access': 0.062, 'healthcare_access': 0.131, 'green_space_area': 0.05, 'tree_density': 0.599}",10.5,0.3,"{'crime_rate': 0.318, 'median_income': 0.054, 'employment_rate': 0.436, 'school_quality': 0.172, 'broadband_speed': 0.02}",907,0.18,"{'tree_density': 0.048, 'public_transport_access': 0.71, 'median_income': 0.07, 'air_quality': 0.053, 'school_quality': 0.119}",189987,0.14,"{'air_quality': 0.296, 'median_income': 0.051, 'employment_rate': 0.12, 'tree_density': 0.42, 'school_quality': 0.113}",3.3,0.28,"{'median_income': 0.13, 'crime_rate': 0.231, 'green_space_area': 0.342, 'employment_rate': 0.185, 'healthcare_access': 0.112}",851,0.27,"{'median_income': 0.099, 'employment_rate': 0.196, 'tree_density': 0.067, 'green_space_area': 0.133, 'air_quality': 0.506}"
E06000010,"Kingston upon Hull, City of",,10,422393,0.1,"{'green_space_area': 0.122, 'broadband_speed': 0.03, 'school_quality': 0.762, 'air_quality': 0.037, 'public_transport_access': 0.049}",8.2,0.26,"{'tree_density': 0.488, 'air_quality': 0.048, 'healthcare_access': 0.008, 'public_transport_access': 0.398, 'employment_rate': 0.058}",1453,0.16,"{'median_income': 0.27, 'green_space_area': 0.012, 'tree_density': 0.332, 'broadband_speed': 0.092, 'air_quality': 0.293}",253097,0.25,"{'school_quality': 0.019, 'employment_rate': 0.012, 'healthcare_access': 0.513, 'public_transport_access': 0.163, 'broadband_speed': 0.293}",8.7,0.29,"{'school_quality': 0.316, 'air_quality': 0.441, 'green_space_area': 0.17, 'broadband_speed': 0.054, 'employment_rate': 0.018}",1385,0.16,"{'crime_rate': 0.072, 'broadband_speed': 0.287, 'employment_rate': 0.336, 'green_space_area': 0.18, 'healthcare_access': 0.125}",483811,0.15,"{'crime_rate': 0.098, 'public_transport_access': 0.158, 'broadband_speed': 0.234, 'median_income': 0.444, 'employment_rate': 0.065}",9.8,0.19,"{'public_transport_access': 0.328, 'school_quality': 0.14, 'broadband_speed': 0.08, 'crime_rate': 0.309, 'tree_density': 0.143}",1062,0.13,"{'air_quality': 0.06, 'crime_rate': 0.289, 'employment_rate': 0.285, 'median_income': 0.245, 'school_quality': 0.12}",166016,0.08,"{'broadband_speed': 0.056, 'school_quality': 0.267, 'crime_rate': 0.372, 'green_space_area': 0.06, 'employment_rate': 0.245}",4.3,0.14,"{'tree_density': 0.415, 'green_space_area': 0.067, 'air_quality': 0.31, 'broadband_speed': 0.177, 'median_income': 0.031}",1657,0.16,"{'healthcare_access': 0.542, 'broadband_speed': 0.027, 'air_quality': 0.13, 'school_quality': 0.237, 'green_space_area': 0.064}",279629,0.14,"{'employment_rate': 0.315, 'school_quality': 0.101, 'median_income': 0.117, 'air_quality': 0.086, 'broadband_speed': 0.381}",4,0.26,"{'public_transport_access': 0.048, 'employment_rate': 0.306, 'healthcare_access': 0.131, 'air_quality': 0.028, 'crime_rate': 0.487}",1288,0.1,"{'broadband_speed': 0.023, 'green_space_area': 0.439, 'public_transport_access': 0.211, 'air_quality': 0.209, 'crime_rate': 0.118}",332086,0.21,"{'crime_rate': 0.461, 'school_quality': 0.253, 'broadband_speed': 0.003, 'public_transport_access': 0.034, 'tree_density': 0.249}",5.9,0.09,"{'green_space_area': 0.616, 'healthcare_access': 0.172, 'school_quality': 0.139, 'median_income': 0.054, 'air_quality': 0.02}",1536,0.06,"{'school_quality': 0.151, 'healthcare_access': 0.189, 'tree_density': 0.047, 'median_income': 0.587, 'public_transport_access': 0.026}"
E06000011,East Riding of Yorkshire,,11,182613,0.21,"{'public_transport_access': 0.464, 'broadband_speed': 0.058, 'school_quality': 0.061, 'crime_rate': 0.231, 'tree_density': 0.186}",11.5,0.19,"{'crime_rate': 0.208, 'broadband_speed': 0.071, 'air_quality': 0.211, 'median_income': 0.471, 'healthcare_access': 0.038}",666,0.12,"{'broadband_speed': 0.377, 'school_quality': 0.241, 'tree_density': 0.284, 'green_space_area': 0.098, 'employment_rate': 0.001}",391518,0.08,"{'median_income': 0.011, 'public_transport_access': 0.276, 'healthcare_access': 0.106, 'crime_rate': 0.245, 'green_space_area': 0.362}",8.7,0.17,"{'green_space_area': 0.315, 'air_quality': 0.271, 'crime_rate': 0.127, 'healthcare_access': 0.229, 'median_income': 0.058}",1235,0.11,"{'median_income': 0.087, 'employment_rate': 0.409, 'healthcare_access': 0.462, 'public_transport_access': 0.006, 'crime_rate': 0.036}",408607,0.23,"{'tree_density': 0.333, 'broadband_speed': 0.056, 'green_space_area': 0.076, 'school_quality': 0.143, 'employment_rate': 0.392}",8.9,0.21,"{'median_income': 0.386, 'broadband_speed': 0.226, 'healthcare_access': 0.044, 'air_quality': 0.283, 'tree_density': 0.06}",688,0.06,"{'air_quality': 0.112, 'public_transport_access': 0.264, 'healthcare_access': 0.232, 'school_quality': 0.225, 'employment_rate': 0.167}",446842,0.19,"{'public_transport_access': 0.22, 'school_quality': 0.339, 'crime_rate': 0.084, 'median_income': 0.308, 'green_space_area': 0.049}",8,0.21,"{'green_space_area': 0.153, 'public_transport_access': 0.131, 'school_quality': 0.318, 'tree_density': 0.291, 'air_quality': 0.107}",260,0.22,"{'crime_rate': 0.008, 'broadband_speed': 0.322, 'air_quality': 0.139, 'tree_density': 0.09, 'public_transport_access': 0.441}",418643,0.16,"{'public_transport_access': 0.076, 'crime_rate': 0.051, 'air_quality': 0.013, 'employment_rate': 0.331, 'green_space_area': 0.528}",5,0.24,"{'employment_rate': 0.326, 'crime_rate': 0.013, 'green_space_area': 0.316, 'tree_density': 0.084, 'median_income': 0.261}",1470,0.14,"{'public_transport_access': 0.029, 'tree_density': 0.537, 'crime_rate': 0.022, 'healthcare_access': 0.175, 'employment_rate': 0.237}",237396,0.24,"{'school_quality': 0.115, 'public_transport_access': 0.098, 'healthcare_access': 0.16, 'crime_rate': 0.078, 'tree_density': 0.55}",5.6,0.2,"{'healthcare_access': 0.747, 'employment_rate': 0.067, 'green_space_area': 0.078, 'broadband_speed': 0.107, 'air_quality': 0.001}",480,0.15,"{'green_space_area': 0.558, 'school_quality': 0.062, 'air_quality': 0.008, 'tree_density': 0.351, 'healthcare_access': 0.021}"
E06000012,North East Lincolnshire,,12,464223,0.1,"{'tree_density': 0.303, 'green_space_area': 0.251, 'broadband_speed': 0.169, 'employment_rate': 0.048, 'healthcare_access': 0.229}",5.6,0.12,"{'green_space_area': 0.189, 'air_quality': 0.055, 'healthcare_access': 0.437, 'crime_rate': 0.146, 'median_income': 0.172}",326,0.16,"{'green_space_area': 0.149, 'healthcare_access': 0.001, 'public_transport_access': 0.033, 'tree_density': 0.248, 'employment_rate': 0.569}",226934,0.22,"{'median_income': 0.242, 'air_quality': 0.267, 'school_quality': 0.119, 'healthcare_access': 0.259, 'employment_rate': 0.112}",8.9,0.05,"{'healthcare_access': 0.01, 'school_quality': 0.038, 'broadband_speed': 0.245, 'green_space_area': 0.122, 'median_income': 0.584}",512,0.17,"{'public_transport_access': 0.087, 'broadband_speed': 0.456, 'school_quality': 0.245, 'healthcare_access': 0.184, 'green_space_area': 0.028}",414641,0.09,"{'green_space_area': 0.482, 'healthcare_access': 0.127, 'employment_rate': 0.066, 'air_quality': 0.107, 'public_transport_access': 0.219}",3.1,0.09,"{'tree_density': 0.037, 'crime_rate': 0.047, 'healthcare_access': 0.646, 'public_transport_access': 0.158, 'school_quality': 0.112}",290,0.07,"{'healthcare_access': 0.087, 'air_quality': 0.154, 'employment_rate': 0.419, 'public_transport_access': 0.28, 'green_space_area': 0.06}",463335,0.06,"{'public_transport_access': 0.29, 'crime_rate': 0.081, 'healthcare_access': 0.455, 'employment_rate': 0.068, 'tree_density': 0.105}",10.6,0.12,"{'school_quality': 0.206, 'tree_density': 0.377, 'broadband_speed': 0.103, 'median_income': 0.19, 'crime_rate': 0.124}",351,0.14,"{'air_quality': 0.021, 'healthcare_access': 0.242, 'school_quality': 0.232, 'employment_rate': 0.451, 'crime_rate': 0.053}",386511,0.27,"{'public_transport_access': 0.048, 'school_quality': 0.032, 'green_space_area': 0.265, 'crime_rate': 0.395, 'median_income': 0.26}",12,0.21,"{'median_income': 0.035, 'crime_rate': 0.041, 'school_quality': 0.447, 'tree_density': 0.447, 'green_space_area': 0.031}",1353,0.14,"{'crime_rate': 0.059, 'public_transport_access': 0.358, 'broadband_speed': 0.254, 'tree_density': 0.314, 'school_quality': 0.015}",382116,0.25,"{'air_quality': 0.279, 'crime_rate': 0.233, 'employment_rate': 0.26, 'school_quality': 0.216, 'green_space_area': 0.011}",7.1,0.17,"{'tree_density': 0.15, 'employment_rate': 0.115, 'air_quality': 0.381, 'broadband_speed': 0.071, 'healthcare_access': 0.283}",954,0.08,"{'employment_rate': 0.032, 'median_income': 0.07, 'crime_rate': 0.533, 'healthcare_access': 0.109, 'green_space_area': 0.255}"
E06000013,North Lincolnshire,,13,239105,0.29,"{'healthcare_access': 0.002, 'green_space_area': 0.545, 'median_income': 0.073, 'broadband_speed': 0.144, 'crime_rate': 0.236}",10.8,0.21,"{'crime_rate': 0.188, 'tree_density': 0.58, 'green_space_area': 0.052, 'employment_rate': 0.078, 'broadband_speed': 0.103}",1217,0.29,"{'broadband_speed': 0.206, 'tree_density': 0.063, 'public_transport_access': 0.04, 'median_income': 0.625, 'air_quality': 0.067}",444806,0.11,"{'healthcare_access': 0.081, 'broadband_speed': 0.238, 'school_quality': 0.088, 'median_income': 0.025, 'crime_rate': 0.567}",10.1,0.13,"{'healthcare_access': 0.449, 'median_income': 0.141, 'employment_rate': 0.078, 'green_space_area': 0.315, 'air_quality': 0.017}",819,0.27,"{'employment_rate': 0.859, 'crime_rate': 0.001, 'healthcare_access': 0.019, 'public_transport_access': 0.009, 'air_quality': 0.112}",274963,0.08,"{'public_transport_access': 0.294, 'tree_density': 0.287, 'median_income': 0.164, 'air_quality': 0.244, 'crime_rate': 0.012}",5.9,0.22,"{'broadband_speed': 0.087, 'crime_rate': 0.443, 'tree_density': 0.256, 'school_quality': 0.127, 'healthcare_access': 0.087}",339,0.23,"{'school_quality': 0.021, 'public_transport_access': 0.389, 'green_space_area': 0.227, 'crime_rate': 0.14, 'healthcare_access': 0.222}",445677,0.28,"{'healthcare_access': 0.206, 'crime_rate': 0.418, 'air_quality': 0.112, 'school_quality': 0.036, 'median_income': 0.228}",8.7,0.18,"{'air_quality': 0.045, 'public_transport_access': 0.111, 'broadband_speed': 0.687, 'employment_rate': 0.002, 'tree_density': 0.154}",1130,0.23,"{'broadband_speed': 0.119, 'median_income': 0.198, 'public_transport_access': 0.299, 'crime_rate': 0.252, 'tree_density': 0.133}",334340,0.21,"{'crime_rate': 0.051, 'green_space_area': 0.17, 'air_quality': 0.012, 'public_transport_access': 0.237, 'healthcare_access': 0.531}",10.9,0.27,"{'air_quality': 0.356, 'employment_rate': 0.238, 'healthcare_access': 0.238, 'green_space_area': 0.044, 'broadband_speed': 0.123}",1162,0.23,"{'tree_density': 0.286, 'healthcare_access': 0.276, 'broadband_speed': 0.268, 'air_quality': 0.034, 'median_income': 0.136}",324704,0.25,"{'employment_rate': 0.573, 'public_transport_access': 0.014, 'green_space_area': 0.05, 'crime_rate': 0.299, 'broadband_speed': 0.063}",7.7,0.14,"{'broadband_speed': 0.405, 'employment_rate': 0.062, 'tree_density': 0.278, 'median_income': 0.137, 'green_space_area': 0.119}",1121,0.13,"{'school_quality': 0.244, 'broadband_speed': 0.253, 'public_transport_access': 0.111, 'employment_rate': 0.022, 'tree_density': 0.37}"
E06000014,York,,14,283368,0.25,"{'median_income': 0.343, 'healthcare_access': 0.006, 'broadband_speed': 0.397, 'public_transport_access': 0.178, 'air_quality': 0.075}",5.4,0.28,"{'employment_rate': 0.338, 'healthcare_access': 0.074, 'green_space_area': 0.245, 'public_transport_access': 0.328, 'broadband_speed': 0.015}",384,0.07,"{'employment_rate': 0.231, 'healthcare_access': 0.531, 'broadband_speed': 0.01, 'tree_density': 0.155, 'crime_rate': 0.073}",391725,0.23,"{'healthcare_access': 0.412, 'public_transport_access': 0.199, 'green_space_area': 0.183, 'employment_rate': 0.086, 'air_quality': 0.12}",8.5,0.3,"{'tree_density': 0.302, 'air_quality': 0.024, 'healthcare_access': 0.015, 'employment_rate': 0.233, 'broadband_speed': 0.426}",1070,0.16,"{'broadband_speed': 0.601, 'healthcare_access': 0.032, 'public_transport_access': 0.233, 'employment_rate': 0.061, 'crime_rate': 0.073}",279254,0.21,"{'school_quality': 0.23, 'employment_rate': 0.339, 'median_income': 0.126, 'crime_rate': 0.291, 'green_space_area': 0.014}",10.7,0.14,"{'public_transport_access': 0.225, 'employment_rate': 0.543, 'healthcare_access': 0.013, 'median_income': 0.151, 'green_space_area': 0.069}",283,0.21,"{'public_transport_access': 0.201, 'healthcare_access': 0.1, 'median_income': 0.276, 'green_space_area': 0.219, 'employment_rate': 0.204}",421482,0.09,"{'median_income': 0.158, 'crime_rate': 0.151, 'healthcare_access': 0.22, 'school_quality': 0.018, 'green_space_area': 0.453}",3.6,0.23,"{'employment_rate': 0.046, 'public_transport_access': 0.064, 'crime_rate': 0.012, 'air_quality': 0.604, 'broadband_speed': 0.274}",187,0.16,"{'public_transport_access': 0.148, 'tree_density': 0.439, 'healthcare_access': 0.03, 'employment_rate': 0.191, 'median_income': 0.192}",415359,0.05,"{'crime_rate': 0.39, 'employment_rate': 0.041, 'public_transport_access': 0.071, 'air_quality': 0.184, 'green_space_area': 0.314}",11,0.25,"{'school_quality': 0.08, 'broadband_speed': 0.18, 'green_space_area': 0.025, 'median_income': 0.468, 'healthcare_access': 0.248}",415,0.07,"{'air_quality': 0.087, 'school_quality': 0.116, 'public_transport_access': 0.08, 'employment_rate': 0.358, 'green_space_area': 0.359}",152300,0.21,"{'public_transport_access': 0.132, 'school_quality': 0.032, 'broadband_speed': 0.26, 'healthcare_access': 0.278, 'crime_rate': 0.298}",5.6,0.22,"{'green_space_area': 0.072, 'crime_rate': 0.029, 'tree_density': 0.287, 'median_income': 0.282, 'air_quality': 0.33}",931,0.28,"{'air_quality': 0.292, 'broadband_speed': 0.399, 'school_quality': 0.12, 'public_transport_access': 0.125, 'healthcare_access': 0.064}"
E06000015,Derby,,15,373517,0.15,"{'median_income': 0.071, 'public_transport_access': 0.051, 'employment_rate': 0.286, 'crime_rate': 0.457, 'school_quality': 0.135}",9.1,0.24,"{'median_income': 0.071, 'air_quality': 0.23, 'tree_density': 0.011, 'employment_rate': 0.324, 'green_space_area': 0.364}",514,0.23,"{'tree_density': 0.277, 'crime_rate': 0.091, 'employment_rate': 0.38, 'healthcare_access': 0.156, 'air_quality': 0.095}",170055,0.28,"{'median_income': 0.079, 'public_transport_access': 0.279, 'broadband_speed': 0.07, 'crime_rate': 0.494, 'healthcare_access': 0.077}",6.1,0.18,"{'healthcare_access': 0.086, 'school_quality': 0.071, 'median_income': 0.141, 'broadband_speed': 0.425, 'air_quality': 0.277}",251,0.29,"{'crime_rate': 0.372, 'school_quality': 0.403, 'healthcare_access': 0.019, 'median_income': 0.135, 'broadband_speed': 0.071}",361006,0.19,"{'crime_rate': 0.147, 'healthcare_access': 0.076, 'employment_rate': 0.099, 'school_quality': 0.146, 'green_space_area': 0.532}",12,0.25,"{'tree_density': 0.771, 'public_transport_access': 0.035, 'employment_rate': 0.111, 'healthcare_access': 0.057, 'broadband_speed': 0.026}",1258,0.25,"{'school_quality': 0.289, 'air_quality': 0.034, 'employment_rate': 0.006, 'public_transport_access': 0.398, 'median_income': 0.274}",219188,0.1,"{'public_transport_access': 0.351, 'median_income': 0.237, 'employment_rate': 0.122, 'broadband_speed': 0.231, 'healthcare_access': 0.059}",9.2,0.23,"{'public_transport_access': 0.048, 'tree_density': 0.019, 'crime_rate': 0.155, 'employment_rate': 0.122, 'green_space_area': 0.656}",1080,0.05,"{'employment_rate': 0.063, 'green_space_area': 0.202, 'crime_rate': 0.201, 'school_quality': 0.017, 'air_quality': 0.516}",432163,0.1,"{'air_quality': 0.371, 'employment_rate': 0.226, 'crime_rate': 0.121, 'tree_density': 0.235, 'public_transport_access': 0.047}",6,0.28,"{'healthcare_access': 0.011, 'tree_density': 0.004, 'employment_rate': 0.28, 'school_quality': 0.33, 'public_transport_access': 0.376}",1675,0.05,"{'public_transport_access': 0.009, 'employment_rate': 0.006, 'broadband_speed': 0.47, 'green_space_area': 0.472, 'air_quality': 0.043}",227075,0.27,"{'air_quality': 0.294, 'employment_rate': 0.215, 'public_transport_access': 0.392, 'crime_rate': 0.059, 'green_space_area': 0.04}",9.7,0.26,"{'air_quality': 0.387, 'tree_density': 0.109, 'public_transport_access': 0.146, 'school_quality': 0.325, 'median_income': 0.034}",1246,0.06,"{'tree_density': 0.273, 'green_space_area': 0.165, 'employment_rate': 0.214, 'air_quality': 0.318, 'public_transport_access': 0.029}"
E06000016,Leicester,,16,253655,0.07,"{'tree_density': 0.554, 'healthcare_access': 0.008, 'employment_rate': 0.172, 'broadband_speed': 0.089, 'crime_rate': 0.177}",7.8,0.2,"{'school_quality': 0.108, 'healthcare_access': 0.109, 'green_space_area': 0.035, 'crime_rate': 0.069, 'tree_density': 0.679}",236,0.1,"{'school_quality': 0.184, 'green_space_area': 0.14, 'median_income': 0.227, 'public_transport_access': 0.335, 'broadband_speed': 0.113}",487663,0.15,"{'employment_rate': 0.519, 'healthcare_access': 0.205, 'broadband_speed': 0.256, 'crime_rate': 0.012, 'public_transport_access': 0.008}",11.7,0.16,"{'school_quality': 0.24, 'tree_density': 0.065, 'air_quality': 0.088, 'broadband_speed': 0.012, 'public_transport_access': 0.595}",1320,0.23,"{'employment_rate': 0.057, 'school_quality': 0.251, 'public_transport_access': 0.148, 'broadband_speed': 0.418, 'healthcare_access': 0.126}",164549,0.1,"{'air_quality': 0.334, 'crime_rate': 0.089, 'public_transport_access': 0.23, 'tree_density': 0.211, 'employment_rate': 0.137}",6.5,0.08,"{'median_income': 0.018, 'crime_rate': 0.208, 'tree_density': 0.072, 'green_space_area': 0.511, 'broadband_speed': 0.191}",365,0.29,"{'crime_rate': 0.017, 'broadband_speed': 0.05, 'school_quality': 0.021, 'public_transport_access': 0.586, 'median_income': 0.327}",345933,0.2,"{'crime_rate': 0.508, 'employment_rate': 0.117, 'public_transport_access': 0.182, 'median_income': 0.124, 'green_space_area': 0.068}",10.4,0.25,"{'employment_rate': 0.33, 'crime_rate': 0.457, 'tree_density': 0.066, 'school_quality': 0.065, 'healthcare_access': 0.082}",730,0.13,"{'crime_rate': 0.357, 'public_transport_access': 0.19, 'air_quality': 0.187, 'median_income': 0.015, 'school_quality': 0.251}",297624,0.06,"{'tree_density': 0.197, 'employment_rate': 0.495, 'air_quality': 0.123, 'healthcare_access': 0.098, 'green_space_area': 0.087}",10,0.12,"{'broadband_speed': 0.704, 'school_quality': 0.003, 'air_quality': 0.207, 'healthcare_access': 0.015, 'median_income': 0.07}",330,0.22,"{'healthcare_access': 0.362, 'school_quality': 0.043, 'median_income': 0.248, 'air_quality': 0.004, 'broadband_speed': 0.343}",164951,0.3,"{'green_space_area': 0.334, 'public_transport_access': 0.28, 'healthcare_access': 0.084, 'air_quality': 0.276, 'school_quality': 0.027}",3.4,0.18,"{'air_quality': 0.531, 'employment_rate': 0.198, 'crime_rate': 0.134, 'tree_density': 0.036, 'green_space_area': 0.102}",1224,0.11,"{'air_quality': 0.274, 'healthcare_access': 0.3, 'employment_rate': 0.254, 'tree_density': 0.036, 'broadband_speed': 0.135}"
E06000017,Rutland,,17,161183,0.14,"{'green_space_area': 0.217, 'public_transport_access': 0.094, 'broadband_speed': 0.07, 'crime_rate': 0.006, 'employment_rate': 0.614}",9.4,0.15,"{'crime_rate': 0.214, 'public_transport_access': 0.165, 'air_quality': 0.214, 'green_space_area': 0.129, 'healthcare_access': 0.277}",169,0.08,"{'school_quality': 0.143, 'air_quality': 0.052, 'green_space_area': 0.576, 'tree_density': 0.01, 'crime_rate': 0.218}",212667,0.18,"{'broadband_speed': 0.044, 'air_quality': 0.716, 'employment_rate': 0.024, 'school_quality': 0.024, 'public_transport_access': 0.193}",11.8,0.16,"{'median_income': 0.173, 'public_transport_access': 0.39, 'tree_density': 0.047, 'healthcare_access': 0.311, 'broadband_speed': 0.08}",1943,0.2,"{'school_quality': 0.14, 'tree_density': 0.226, 'public_transport_access': 0.096, 'median_income': 0.046, 'broadband_speed': 0.492}",273128,0.23,"{'crime_rate': 0.183, 'healthcare_access': 0.089, 'broadband_speed': 0.113, 'air_quality': 0.608, 'green_space_area': 0.007}",6.6,0.25,"{'school_quality': 0.369, 'green_space_area': 0.235, 'healthcare_access': 0.104, 'public_transport_access': 0.031, 'employment_rate': 0.262}",1428,0.19,"{'median_income': 0.027, 'healthcare_access': 0.128, 'crime_rate': 0.138, 'tree_density': 0.261, 'broadband_speed': 0.447}",152181,0.13,"{'school_quality': 0.234, 'public_transport_access': 0.077, 'green_space_area': 0.293, 'tree_density': 0.32, 'healthcare_access': 0.075}",11.6,0.07,"{'public_transport_access': 0.064, 'healthcare_access': 0.027, 'median_income': 0.147, 'tree_density': 0.426, 'broadband_speed': 0.337}",372,0.26,"{'healthcare_access': 0.236, 'school_quality': 0.08, 'employment_rate': 0.091, 'tree_density': 0.001, 'broadband_speed': 0.592}",290726,0.26,"{'tree_density': 0.558, 'air_quality': 0.021, 'school_quality': 0.18, 'green_space_area': 0.144, 'public_transport_access': 0.097}",5.7,0.08,"{'air_quality': 0.129, 'broadband_speed': 0.666, 'median_income': 0.025, 'healthcare_access': 0.015, 'green_space_area': 0.164}",1401,0.27,"{'air_quality': 0.286, 'median_income': 0.085, 'school_quality': 0.27, 'public_transport_access': 0.338, 'broadband_speed': 0.021}",245677,0.14,"{'public_transport_access': 0.33, 'school_quality': 0.098, 'crime_rate': 0.25, 'broadband_speed': 0.194, 'tree_density': 0.128}",7.3,0.09,"{'broadband_speed': 0.119, 'school_quality': 0.272, 'public_transport_access': 0.017, 'crime_rate': 0.217, 'tree_density': 0.375}",1491,0.2,"{'broadband_speed': 0.278, 'employment_rate': 0.219, 'air_quality': 0.023, 'public_transport_access': 0.373, 'tree_density': 0.107}"
E06000018,Nottingham,,18,473520,0.1,"{'crime_rate': 0.208, 'employment_rate': 0.125, 'public_transport_access': 0.077, 'school_quality': 0.408, 'median_income': 0.183}",4.4,0.21,"{'public_transport_access': 0.075, 'healthcare_access': 0.068, 'school_quality': 0.165, 'green_space_area': 0.426, 'broadband_speed': 0.266}",118,0.16,"{'crime_rate': 0.342, 'air_quality': 0.2, 'healthcare_access': 0.378, 'green_space_area': 0.019, 'employment_rate': 0.061}",259563,0.06,"{'median_income': 0.015, 'broadband_speed': 0.316, 'green_space_area': 0.229, 'school_quality': 0.241, 'crime_rate': 0.199}",6,0.05,"{'school_quality': 0.815, 'tree_density': 0.017, 'healthcare_access': 0.001, 'broadband_speed': 0.154, 'air_quality': 0.013}",1612,0.06,"{'broadband_speed': 0.356, 'public_transport_access': 0.442, 'school_quality': 0.113, 'green_space_area': 0.048, 'air_quality': 0.042}",205200,0.1,"{'employment_rate': 0.062, 'public_transport_access': 0.182, 'crime_rate': 0.19, 'broadband_speed': 0.26, 'tree_density': 0.305}",3.4,0.19,"{'green_space_area': 0.234, 'school_quality': 0.186, 'crime_rate': 0.202, 'air_quality': 0.347, 'broadband_speed': 0.03}",473,0.14,"{'healthcare_access': 0.434, 'median_income': 0.287, 'public_transport_access': 0.033, 'green_space_area': 0.167, 'employment_rate': 0.08}",299092,0.26,"{'employment_rate': 0.148, 'median_income': 0.03, 'public_transport_access': 0.326, 'broadband_speed': 0.029, 'healthcare_access': 0.467}",4.4,0.17,"{'crime_rate': 0.321, 'healthcare_access': 0.032, 'air_quality': 0.354, 'broadband_speed': 0.226, 'employment_rate': 0.067}",1890,0.11,"{'crime_rate': 0.121, 'public_transport_access': 0.143, 'green_space_area': 0.045, 'employment_rate': 0.391, 'school_quality': 0.299}",298651,0.25,"{'green_space_area': 0.36, 'employment_rate': 0.065, 'crime_rate': 0.117, 'median_income': 0.215, 'public_transport_access': 0.244}",4.9,0.21,"{'public_transport_access': 0.163, 'green_space_area': 0.046, 'median_income': 0.157, 'employment_rate': 0.362, 'healthcare_access': 0.273}",142,0.05,"{'air_quality': 0.059, 'employment_rate': 0.115, 'tree_density': 0.314, 'broadband_speed': 0.077, 'school_quality': 0.435}",480150,0.08,"{'green_space_area': 0.023, 'employment_rate': 0.439, 'school_quality': 0.056, 'healthcare_access': 0.288, 'crime_rate': 0.194}",3.4,0.07,"{'employment_rate': 0.003, 'median_income': 0.086, 'tree_density': 0.262, 'crime_rate': 0.377, 'air_quality': 0.272}",321,0.09,"{'broadband_speed': 0.159, 'public_transport_access': 0.077, 'healthcare_access': 0.093, 'green_space_area': 0.633, 'employment_rate': 0.037}"
E06000019,"Herefordshire, County of",,19,155359,0.27,"{'green_space_area': 0.525, 'employment_rate': 0.052, 'crime_rate': 0.034, 'air_quality': 0.345, 'broadband_speed': 0.044}",6.2,0.17,"{'employment_rate': 0.085, 'school_quality': 0.073, 'green_space_area': 0.41, 'broadband_speed': 0.237, 'public_transport_access': 0.195}",974,0.06,"{'median_income': 0.077, 'broadband_speed': 0.59, 'public_transport_access': 0.093, 'healthcare_access': 0.17, 'school_quality': 0.071}",252711,0.08,"{'employment_rate': 0.224, 'crime_rate': 0.372, 'school_quality': 0.145, 'air_quality': 0.068, 'green_space_area': 0.19}",3.5,0.12,"{'school_quality': 0.191, 'healthcare_access': 0.454, 'broadband_speed': 0.001, 'crime_rate': 0.097, 'tree_density': 0.258}",1620,0.21,"{'employment_rate': 0.408, 'broadband_speed': 0.069, 'green_space_area': 0.054, 'air_quality': 0.291, 'school_quality': 0.179}",359163,0.06,"{'tree_density': 0.062, 'public_transport_access': 0.218, 'median_income': 0.174, 'school_quality': 0.3, 'green_space_area': 0.245}",3.8,0.11,"{'green_space_area': 0.295, 'crime_rate': 0.055, 'school_quality': 0.154, 'healthcare_access': 0.032, 'broadband_speed': 0.464}",1688,0.21,"{'green_space_area': 0.411, 'school_quality': 0.033, 'median_income': 0.251, 'public_transport_access': 0.19, 'broadband_speed': 0.116}",152038,0.19,"{'tree_density': 0.177, 'employment_rate': 0.22, 'green_space_area': 0.349, 'air_quality': 0.154, 'broadband_speed': 0.101}",5.1,0.28,"{'employment_rate': 0.105, 'green_space_area': 0.744, 'broadband_speed': 0.005, 'median_income': 0.127, 'school_quality': 0.019}",600,0.28,"{'school_quality': 0.014, 'green_space_area': 0.286, 'crime_rate': 0.053, 'employment_rate': 0.15, 'air_quality': 0.497}",426231,0.05,"{'broadband_speed': 0.157, 'public_transport_access': 0.062, 'healthcare_access': 0.131, 'green_space_area': 0.05, 'tree_density': 0.599}",10.5,0.3,"{'crime_rate': 0.318, 'median_income': 0.054, 'employment_rate': 0.436, 'school_quality': 0.172, 'broadband_speed': 0.02}",907,0.18,"{'tree_density': 0.048, 'public_transport_access': 0.71, 'median_income': 0.07, 'air_quality': 0.053, 'school_quality': 0.119}",189987,0.14,"{'air_quality': 0.296, 'median_income': 0.051, 'employment_rate': 0.12, 'tree_density': 0.42, 'school_quality': 0.113}",3.3,0.28,"{'median_income': 0.13, 'crime_rate': 0.231, 'green_space_area': 0.342, 'employment_rate': 0.185, 'healthcare_access': 0.112}",851,0.27,"{'median_income': 0.099, 'employment_rate': 0.196, 'tree_density': 0.067, 'green_space_area': 0.133, 'air_quality': 0.506}"
E06000020,Telford and Wrekin,,20,422393,0.1,"{'green_space_area': 0.122, 'broadband_speed': 0.03, 'school_quality': 0.762, 'air_quality': 0.037, 'public_transport_access': 0.049}",8.2,0.26,"{'tree_density': 0.488, 'air_quality': 0.048, 'healthcare_access': 0.008, 'public_transport_access': 0.398, 'employment_rate': 0.058}",1453,0.16,"{'median_income': 0.27, 'green_space_area': 0.012, 'tree_density': 0.332, 'broadband_speed': 0.092, 'air_quality': 0.293}",253097,0.25,"{'school_quality': 0.019, 'employment_rate': 0.012, 'healthcare_access': 0.513, 'public_transport_access': 0.163, 'broadband_speed': 0.293}",8.7,0.29,"{'school_quality': 0.316, 'air_quality': 0.441, 'green_space_area': 0.17, 'broadband_speed': 0.054, 'employment_rate': 0.018}",1385,0.16,"{'crime_rate': 0.072, 'broadband_speed': 0.287, 'employment_rate': 0.336, 'green_space_area': 0.18, 'healthcare_access': 0.125}",483811,0.15,"{'crime_rate': 0.098, 'public_transport_access': 0.158, 'broadband_speed': 0.234, 'median_income': 0.444, 'employment_rate': 0.065}",9.8,0.19,"{'public_transport_access': 0.328, 'school_quality': 0.14, 'broadband_speed': 0.08, 'crime_rate': 0.309, 'tree_density': 0.143}",1062,0.13,"{'air_quality': 0.06, 'crime_rate': 0.289, 'employment_rate': 0.285, 'median_income': 0.245, 'school_quality': 0.12}",166016,0.08,"{'broadband_speed': 0.056, 'school_quality': 0.267, 'crime_rate': 0.372, 'green_space_area': 0.06, 'employment_rate': 0.245}",4.3,0.14,"{'tree_density': 0.415, 'green_space_area': 0.067, 'air_quality': 0.31, 'broadband_speed': 0.177, 'median_income': 0.031}",1657,0.16,"{'healthcare_access': 0.542, 'broadband_speed': 0.027, 'air_quality': 0.13, 'school_quality': 0.237, 'green_space_area': 0.064}",279629,0.14,"{'employment_rate': 0.315, 'school_quality': 0.101, 'median_income': 0.117, 'air_quality': 0.086, 'broadband_speed': 0.381}",4,0.26,"{'public_transport_access': 0.048, 'employment_rate': 0.306, 'healthcare_access': 0.131, 'air_quality': 0.028, 'crime_rate': 0.487}",1288,0.1,"{'broadband_speed': 0.023, 'green_space_area': 0.439, 'public_transport_access': 0.211, 'air_quality': 0.209, 'crime_rate': 0.118}",332086,0.21,"{'crime_rate': 0.461, 'school_quality': 0.253, 'broadband_speed': 0.003, 'public_transport_access': 0.034, 'tree_density': 0.249}",5.9,0.09,"{'green_space_area': 0.616, 'healthcare_access': 0.172, 'school_quality': 0.139, 'median_income': 0.054, 'air_quality': 0.02}",1536,0.06,"{'school_quality': 0.151, 'healthcare_access': 0.189, 'tree_density': 0.047, 'median_income': 0.587, 'public_transport_access': 0.026}"
