AREA_CODE,AREA_NAME,2005,2006,2007,2008,2009,2010,2011,2012,2013,2014,2015,2016,2017,2018,2019,2020,2021,2022,2023,2024,2025
E07000223,Adur,2183578,2294097,2577790,2534379,2183716,2463840,2429052,2527941,2584261,2907579,3179187,3530945,3706168,3805252,3778364,3818651,4111681,4486710,4505531,4352643,738658
E07000032,Amber Valley,1498167,1588231,1701549,1634323,1471805,1537719,1489205,1503327,1545128,1627020,1702977,1782729,1870207,1967271,2025175,2114522,2325323,2519174,2601971,2618236,462646
E07000224,Arun,2216086,2321434,2585413,2534827,2223095,2435307,2340540,2422435,2488380,2655937,2871865,3073098,3229371,3365983,3336303,3385366,3663132,4013852,4018045,3920981,666499
E07000170,Ashfield,1268874,1320807,1384920,1336019,1193011,1247111,1214121,1210971,1220324,1328459,1370409,1472958,1547589,1621688,1667959,1738197,1941160,2178010,2201665,2226303,375579
E07000105,Ashford,2168415,2317524,2538435,2454385,2220262,2395137,2300995,2359423,2473841,2623799,2838113,3111155,3303866,3455047,3492580,3541278,3761524,4067088,4115514,4076760,688403
E07000200,Babergh,2169270,2250620,2492815,2402362,2115189,2325530,2362999,2418336,2425795,2617066,2830985,3089558,3310530,3434249,3441288,3470350,3647700,4006051,3974055,3901228,669713
E09000002,Barking and Dagenham,2015080,2070497,2280892,2311076,1929797,2054552,2016369,2045958,2143032,2481489,2879767,3378842,3549252,3641154,3678432,3710861,3812131,4112604,4163464,4088675,716550
E09000003,Barnet,3557103,3708293,4161145,4200701,3807132,4240223,4314681,4564788,4770267,5477879,6092979,6694420,6851508,6787040,6635281,6692099,7073738,7579695,7486118,7416350,1213772
E08000038,Barnsley,1204333,1314579,1416664,1395003,1247557,1248795,1221060,1205614,1189257,1240467,1248087,1302312,1364882,1417342,1469010,1529320,1673874,1862682,1908744,1954632,339531
E07000066,Basildon,2060173,2123068,2300194,2313839,2057800,2202813,2199117,2237301,2294553,2534307,2828111,3272769,3531694,3614284,3574328,3693785,3891366,4238588,4261959,4209853,718293
E07000084,Basingstoke and Deane,2305814,2396008,2663179,2590536,2302944,2495778,2498110,2564924,2647707,2865361,3128849,3493695,3640761,3683052,3620355,3639437,3834214,4163674,4239771,4207971,721052
E07000171,Bassetlaw,1426256,1509852,1595350,1550234,1416127,1423888,1388121,1394437,1420795,1473577,1533707,1638475,1707194,1783926,1822345,1890038,2085627,2295139,2276709,2328255,411743
E06000022,Bath and North East Somerset,2433379,2530273,2803717,2708842,2467877,2722767,2715845,2799977,2886860,3062008,3283708,3594537,3765505,3930373,3871756,4023490,4320019,4865877,4881180,4965608,813691
E06000055,Bedford,1974500,2046258,2221073,2164178,1908101,2040765,2032953,2071393,2121525,2302837,2533837,2861918,3100740,3209776,3179204,3166610,3362798,3695988,3759640,3753234,633999
E09000004,Bexley,2238083,2301908,2496963,2522321,2268548,2410424,2408001,2430489,2561573,2933431,3290420,3858658,4028221,4111958,4042357,4119803,4433544,4808174,4798377,4802392,813877
E08000025,Birmingham,1562841,1624643,1706570,1646142,1482086,1566086,1521962,1530384,1560892,1650507,1734506,1874449,2011015,2127841,2190705,2226451,2451972,2687547,2714991,2712148,464366
E07000129,Blaby,1879898,1944446,2056438,2000363,1798785,1920076,1902887,1888253,1902135,2054947,2157304,2296756,2463598,2646626,2702766,2797102,3014995,3320724,3399264,3418222,574805
E06000008,Blackburn with Darwen,1052490,1196933,1341499,1342270,1205524,1210516,1160892,1162344,1125881,1119055,1160627,1204323,1264556,1308412,1348928,1372660,1516453,1643940,1684718,1746207,315401
E06000009,Blackpool,1260619,1356215,1416624,1348514,1185124,1195282,1123668,1103073,1079398,1101079,1122418,1147522,1195369,1199294,1209533,1246331,1401781,1551363,1528285,1542859,268822
E07000033,Bolsover,1126300,1211441,1299267,1279680,1155586,1169979,1106231,1109750,1087015,1177418,1197133,1283339,1356574,1435301,1468367,1515812,1761971,1936748,2028362,2042635,354411
E08000001,Bolton,1262909,1373765,1505771,1469474,1296548,1302872,1254589,1234678,1257447,1291312,1341458,1392112,1474906,1530040,1585220,1657858,1884014,2105208,2169052,2269576,389179
E07000136,Boston,1446460,1519571,1635923,1567054,1370047,1415700,1414141,1365727,1380925,1491809,1590042,1656416,1706011,1778830,1818259,1845348,1989599,2210301,2234605,2212551,371939
E06000058,Bournemouth Christchurch and Poole,2277130,2375313,2593727,2497488,2239882,2406963,2406373,2423131,2462682,2667116,2859025,3034127,3206837,3329383,3330836,3379356,3573769,3960585,3938410,3853111,641644
E06000036,Bracknell Forest,2499556,2606611,2886038,2826022,2505914,2766792,2771628,2801409,2959222,3309383,3696166,4205476,4241916,4239465,4101736,4133551,4298592,4687441,4722312,4718458,817168
E08000032,Bradford,1209175,1374175,1528682,1495907,1353279,1384192,1333791,1296839,1292973,1349920,1393265,1464652,1516519,1532075,1547590,1595215,1776627,1913629,1963878,2050628,354475
E07000067,Braintree,2133031,2220741,2405163,2392774,2077355,2257008,2249358,2271294,2302357,2549200,2765036,3074685,3329698,3439458,3394585,3440448,3554420,3883146,3927347,3855469,661077
E07000143,Breckland,1793706,1879619,2049812,1988334,1770795,1876243,1826902,1841370,1866279,2032332,2178604,2386314,2530538,2639685,2620496,2680048,2885010,3215089,3215539,3128957,541650
E09000005,Brent,3126953,3276556,3713105,3787660,3420798,3746322,3867962,4063947,4394415,5106411,5704970,6332686,6309842,6377549,6140280,6309551,6345298,6753029,6710025,6800620,1127848
E07000068,Brentwood,3030614,3187813,3492316,3445490,3181521,3471741,3446864,3499234,3639158,4057281,4437837,5065276,5387689,5450050,5434348,5465501,5665526,6059156,5957979,5939201,1012217
E06000043,Brighton and Hove,2402894,2556753,2905016,2812414,2515070,2854035,2859252,2951291,3069275,3343330,3668918,3994919,4195501,4256430,4277606,4358903,4655792,5102509,5111064,4963079,849759
E06000023,Bristol,1850693,1992238,2245362,2152692,1905110,2076867,2077210,2116224,2190760,2432453,2662285,3034872,3210839,3339300,3365895,3504680,3712339,4107349,4156443,4164271,720000
E07000144,Broadland,2003518,2136663,2325542,2244468,1976027,2175714,2111903,2190750,2241158,2363008,2568650,2789257,2951467,3025139,3081401,3160460,3340280,3723600,3695621,3623355,636092
E09000006,Bromley,2927126,3048047,3384213,3390284,3050700,3308759,3355458,3442746,3621508,4246376,4708103,5224795,5386058,5412889,5325146,5310732,5698630,6136516,6090934,5985335,1034151
E07000234,Bromsgrove,2249842,2359492,2475660,2406101,2210092,2340089,2320171,2317566,2362478,2518259,2653727,2858884,3055464,3186937,3307266,3346084,3531892,3851075,3918364,3936890,664012
E07000095,Broxbourne,2483091,2553968,2757901,2752654,2525723,2648316,2696692,2719238,2811881,3114205,3511574,4087028,4246612,4318633,4328012,4232568,4502796,4789798,4796619,4797129,807667
E07000172,Broxtowe,1630992,1685470,1759703,1656738,1503176,1607290,1574898,1584569,1608997,1660138,1789141,1874943,1992788,2127741,2168961,2290733,2504772,2790910,2902349,2937745,496134
E07000117,Burnley,803287,956283,1112606,1061773,938838,940394,893934,855949,811971,867910,879597,908799,971342,988061,1033082,1110003,1258121,1407071,1367760,1398214,246091
E08000002,Bury,1455976,1544792,1646967,1601867,1442434,1491314,1439739,1415750,1416034,1497672,1583005,1665127,1803859,1882427,1986055,2078860,2366384,2595680,2651210,2720810,461478
E08000033,Calderdale,1242817,1353299,1474537,1414781,1278850,1351269,1307730,1284516,1291070,1345447,1400301,1471096,1489276,1565984,1621063,1657398,1845288,1962129,2019327,2079972,362000
E07000008,Cambridge,2702945,3001434,3348363,3141213,3001220,3327147,3415174,3651348,3983252,4406783,4962319,5216995,5382947,5435757,5354986,5440339,5413258,5966473,5918955,5906662,1017701
E09000007,Camden,4377822,4692474,5544236,5957098,5403307,6099694,6589025,6966651,7932692,8990930,9358827,9592702,9975742,10009490,10080450,9907076,9968743,10264806,10163313,10097104,1648082
E07000192,Cannock Chase,1482147,1576430,1648075,1605908,1435894,1466004,1445459,1473167,1484201,1597836,1646975,1727561,1815727,1897001,1965055,2064569,2266580,2514517,2620987,2590082,441019
E07000106,Canterbury,2143640,2251048,2487971,2477221,2235121,2434837,2423421,2443224,2535743,2805262,2997553,3273220,3494895,3625042,3652473,3730592,3877419,4186425,4197032,4026031,711042
E07000069,Castle Point,2145408,2227094,2406030,2376584,2108606,2337432,2274714,2271629,2312831,2535129,2831916,3188671,3488992,3566803,3576575,3637266,3923604,4317652,4349537,4230452,701798
E07000130,Charnwood,1827023,1894536,2041216,1941583,1770727,1878719,1856750,1830012,1870952,1989239,2085479,2208897,2305269,2440958,2519863,2590126,2777934,3084078,3163138,3116609,540992
E07000070,Chelmsford,2302840,2401571,2649506,2587544,2317457,2524223,2533800,2587619,2648026,2933273,3199049,3566732,3800585,3870724,3941254,3924115,4113041,4532583,4497852,4436596,745051
E07000078,Cheltenham,2079347,2230491,2378443,2253136,2025410,2275527,2213669,2311612,2327127,2502172,2650951,2828462,3035600,3149338,3134304,3264473,3457278,3832516,3872684,3927147,663251
E07000177,Cherwell,2287522,2449690,2657310,2548382,2333103,2548419,2536773,2586344,2688146,2940858,3209274,3447371,3498306,3560642,3400837,3508196,3689534,4035175,4094549,4109366,706180
E06000049,Cheshire East,1955636,2075230,2220645,2171513,1984513,2100315,2051577,2016551,2080838,2200340,2274953,2402086,2471550,2590752,2646456,2721305,2937255,3196347,3272515,3360359,590200
E06000050,Cheshire West and Chester,1863074,1944027,2065137,2003976,1858170,1932474,1882222,1872079,1893150,1963304,2045549,2152052,2199822,2279454,2330049,2407189,2657415,2882540,2968021,3016706,524907
E07000034,Chesterfield,1406028,1503942,1598740,1572422,1390111,1439627,1406060,1434387,1453522,1533283,1582413,1667519,1754517,1830988,1859006,1912974,2095029,2263648,2299512,2278225,402684
E07000225,Chichester,2994131,3123430,3425597,3418686,3055323,3379378,3444033,3446231,3525171,3766074,4068408,4318312,4550260,4695399,4594576,4825626,4906670,5372751,5392592,5365572,900037
E07000118,Chorley,1537349,1619889,1734096,1674363,1563234,1597360,1559208,1524858,1536886,1587125,1650654,1719593,1780035,1844941,1905340,1943190,2138897,2310276,2386639,2459271,408285
E07000071,Colchester,2015105,2140390,2282817,2122644,1870187,2074729,2065809,2085873,2140053,2325971,2541251,2823607,3057179,3133309,3112094,3106912,3266350,3607861,3623997,3553090,599968
E07000079,Cotswold,2739314,2944803,3122082,3055201,2849746,3082379,3041715,3125044,3195472,3406150,3558911,3760590,3926703,4023388,4184575,4321076,4593977,5157777,5332539,5443273,865868
E06000047,County Durham,1203837,1310082,1377753,1359391,1217521,1235980,1173941,1153262,1128519,1110489,1132697,1153077,1175065,1188517,1186263,1195595,1379650,1475694,1480406,1523910,271991
E08000026,Coventry,1448534,1540278,1614914,1539370,1393719,1469369,1432154,1440044,1502524,1589572,1697463,1845818,1992663,2135268,2169600,2202119,2357838,2564371,2569987,2605708,452753
E07000226,Crawley,2041452,2100489,2302683,2243061,1977026,2153601,2106541,2152209,2279512,2570999,2875669,3163119,3295468,3349534,3327207,3360543,3450133,3740372,3810686,3750006,654618
E09000008,Croydon,2486926,2580658,2842898,2871282,2478396,2660084,2621003,2698742,2852317,3343694,3735901,4329417,4532692,4505121,4452182,4558139,4715193,4963509,4905917,4793583,825101
E07000096,Dacorum,2579827,2699518,2997101,3004500,2695525,2956210,2967591,3052818,3131394,3478261,3904135,4433577,4635693,4655757,4580221,4677113,4942208,5229331,5300442,5295847,920903
E06000005,Darlington,1365276,1447528,1539815,1516119,1385481,1417130,1359774,1321310,1342173,1379571,1364776,1422655,1481720,1461863,1464195,1462057,1616285,1751142,1772026,1785184,309763
E07000107,Dartford,2190061,2280937,2468317,2457965,2147230,2251524,2212596,2314130,2391640,2685498,3038750,3430202,3655700,3656520,3671422,3767667,3893303,4143865,4203464,4150036,702168
E06000015,Derby,1460159,1536101,1642147,1549196,1404745,1443559,1415462,1415353,1475419,1558139,1623321,1703462,1763989,1833632,1877259,1925616,2116822,2297715,2386021,2442661,415972
E07000035,Derbyshire Dales,2363924,2470232,2626962,2426206,2319478,2535804,2466972,2501312,2546517,2647041,2749647,2862714,2947120,3079638,3174172,3242239,3517074,3862609,3968918,3963586,683353
E08000017,Doncaster,1243338,1343411,1411932,1369324,1236652,1274390,1225738,1215224,1214765,1257258,1285785,1349525,1381380,1393305,1445479,1498461,1696075,1855475,1872395,1918434,329385
E07000108,Dover,1878560,1972253,2150491,2078705,1850421,2022331,1946807,1950387,2029849,2214717,2354268,2578813,2753091,2926908,2971649,3037779,3253115,3587301,3644585,3365771,588572
E08000027,Dudley,1468698,1549438,1629085,1591366,1471909,1528284,1470338,1472012,1489002,1557803,1619124,1717090,1816968,1917656,1999452,2061342,2287535,2516430,2599859,2628435,450055
E09000009,Ealing,3143827,3340701,3771791,3791574,3389946,3759491,3881219,4091654,4340611,5135972,5627322,6116865,6221517,6163669,6061718,6159251,6493103,6825469,6777869,6849364,1159654
E07000040,East Devon,2425341,2548723,2768193,2749989,2534247,2725461,2685487,2701194,2718128,2820610,2914300,3014640,3187642,3350039,3415836,3443360,3629758,3973310,4090738,4070897,699545
E07000085,East Hampshire,2832855,2979721,3263979,3242675,2970564,3211714,3250558,3261897,3288157,3641458,3921756,4297090,4516865,4603826,4529501,4659508,4870949,5280019,5304106,5295395,860768
E07000242,East Hertfordshire,2794713,2917572,3216057,3192223,2912205,3110924,3157207,3189564,3273558,3642783,4003646,4494314,4756482,4830022,4748304,4835345,4898742,5213328,5196837,5208842,886808
E07000137,East Lindsey,1608471,1675449,1787983,1678851,1556067,1592640,1553548,1520967,1556129,1633073,1706669,1792525,1921729,1999982,2075931,2063068,2273937,2556961,2599171,2567413,446468
E06000011,East Riding of Yorkshire,1617158,1722921,1826559,1814730,1624985,1680696,1654068,1632484,1645924,1703901,1770793,1855825,1949553,2010719,2050226,2103298,2300357,2466325,2518167,2519491,440216
E07000193,East Staffordshire,1571274,1690274,1757992,1702344,1533448,1636779,1571834,1556055,1641479,1692991,1786210,1856986,1947475,2034203,2040752,2122157,2259068,2479926,2511366,2581557,441319
E07000061,Eastbourne,1761705,1807584,1997125,1975719,1744050,1900099,1828782,1847771,1883711,2072843,2213490,2409458,2558485,2631533,2663859,2651704,2970558,3341628,3312495,3196130,517184
E07000086,Eastleigh,2144566,2229594,2423183,2343137,2112278,2309844,2318153,2337745,2363421,2572082,2766138,3007684,3169373,3230618,3258546,3272757,3497641,3811382,3833960,3774936,628941
E07000207,Elmbridge,4046928,4378000,5038181,4956547,4400942,5087236,5049780,5408832,5763397,6465835,7044896,7600238,7553063,7478225,7563171,7670637,8139968,8753509,8693593,8651017,1448381
E09000010,Enfield,2708981,2798109,3108713,3133279,2829354,3085972,3084238,3156575,3334209,3753673,4276071,4913158,5046209,5054308,5001726,5056911,5384683,5678059,5599770,5585072,947993
E07000072,Epping Forest,3132465,3317520,3643493,3749212,3329752,3710754,3698592,3785908,3938204,4379917,4838284,5464524,5746426,5799809,5739989,5811493,5967116,6399679,6345764,6383869,1091961
E07000208,Epsom and Ewell,3176948,3365042,3718488,3716931,3277638,3678379,3689169,3873104,4057494,4615092,5074600,5569492,5677094,5740511,5608164,5822719,6108681,6580328,6662279,6425687,1106686
E07000036,Erewash,1415336,1476701,1577917,1507500,1374019,1422343,1384122,1407137,1406069,1540818,1639124,1715449,1812244,1914135,1960956,2035228,2247899,2472617,2572371,2535875,435618
E07000041,Exeter,1976932,2089619,2280602,2207881,2067339,2231898,2212968,2260767,2252892,2398892,2543946,2646264,2761962,2880246,2920157,2971983,3118029,3481910,3558374,3470478,588613
E07000087,Fareham,2130229,2224753,2420848,2387081,2137743,2318320,2315295,2344218,2362094,2565687,2776639,3029387,3204741,3292215,3310732,3360653,3636256,4003790,3997002,3918533,665149
E07000010,Fenland,1585547,1638604,1760123,1680826,1494189,1520812,1506553,1516643,1524010,1641618,1787644,1952588,2095164,2202368,2214778,2268042,2436826,2753572,2739847,2657184,455793
E07000112,Folkestone and Hythe,1944960,2040000,2205857,2161149,1921826,2087148,1987759,2026281,2056008,2223872,2387960,2660296,2820835,2974093,3006851,3092873,3326920,3740603,3696504,3601792,615085
E07000080,Forest of Dean,2001497,2132592,2266578,2192987,1937439,2089621,2052988,2018496,2018012,2121064,2197784,2349744,2437629,2678350,2758233,2821488,3008234,3336463,3404352,3336556,586847
E07000119,Fylde,1958538,2096363,2212981,2159262,1982091,2043084,1958173,1921280,1913707,2017305,2043044,2082089,2146936,2185030,2191011,2230446,2385763,2567954,2682756,2711699,468136
E08000037,Gateshead,1309536,1416605,1518793,1478942,1338908,1337440,1301265,1280744,1311588,1356496,1361949,1419820,1444765,1479446,1482129,1496190,1613723,1717039,1766981,1770330,302871
E07000173,Gedling,1614683,1658895,1704257,1597956,1463443,1541699,1511709,1513200,1536534,1629089,1744868,1862264,1978090,2091761,2149432,2252131,2511854,2768654,2845807,2878758,499076
E07000081,Gloucester,1527355,1620256,1780359,1657804,1435157,1532611,1521882,1520605,1552791,1676293,1783518,1946116,2050257,2167276,2221978,2253518,2456772,2714921,2778375,2778325,473170
E07000088,Gosport,1575099,1607387,1727719,1687255,1565964,1647818,1632744,1671059,1668032,1784961,1908428,2093278,2254509,2340109,2362370,2380966,2558093,2838655,2860314,2771621,467895
E07000109,Gravesham,2105384,2189081,2384030,2335085,2068195,2182008,2195819,2208392,2296159,2505429,2842712,3269140,3461394,3517946,3480290,3522093,3791681,4122485,4149448,4106798,709555
E07000145,Great Yarmouth,1440004,1494334,1678184,1601026,1432637,1472143,1449825,1492719,1477169,1580231,1653522,1752853,1865011,1947087,2025081,2018850,2245530,2527589,2504584,2484114,428784
E09000011,Greenwich,2487904,2625047,2899943,2928760,2665029,2902573,2905436,3002819,3210859,3780453,4204904,4723013,4963922,4921316,4982451,5032046,5299689,5662730,5493915,5679542,948358
E07000209,Guildford,3202191,3415014,3854748,3739341,3394909,3798776,3846411,3995905,4103344,4510623,4919133,5403437,5522264,5497236,5520471,5619799,5841877,6238301,6310588,6245466,1060631
E09000012,Hackney,2828002,3142115,3602937,3868122,3501747,3728176,3830005,4038369,4623683,5662387,6287828,6671790,6811484,6757380,6884731,7231926,7121375,7353979,7363700,7371819,1211031
E06000006,Halton,1301847,1394094,1478977,1441542,1280941,1308209,1263737,1231239,1252525,1301090,1342627,1417922,1467883,1501588,1565537,1605636,1807377,2010534,2034298,2096805,361597
E09000013,Hammersmith and Fulham,4506285,4941417,5892871,5902904,5412086,6242316,6445112,7047997,7848982,8962214,9456049,9384754,9407162,9019704,8921136,9035292,9499440,9623528,10292885,9791573,1507064
E07000131,Harborough,2193513,2290613,2482083,2414219,2110610,2317184,2308350,2320096,2344467,2596601,2756523,2873380,3034851,3240317,3396455,3490745,3584759,3861371,3928374,3944911,707234
E09000014,Haringey,3170612,3404070,3940483,3913225,3562628,4056183,4210810,4381294,4801095,5621078,6199279,6806011,7188183,7113967,7044589,7187419,7102426,7414042,7498264,7388477,1276224
E07000073,Harlow,1950496,2049816,2169837,2141722,1930041,2009087,2053574,2082412,2141844,2339255,2698654,3119543,3325542,3373469,3357142,3354311,3438039,3735172,3787411,3742592,624807
E09000015,Harrow,3135097,3259295,3603633,3617854,3229682,3587351,3640294,3743765,3921717,4430021,5017039,5572737,5780258,5720569,5516562,5591565,6008868,6386928,6276344,6285747,1070968
E07000089,Hart,2912660,3044326,3338278,3290044,2973573,3328584,3319249,3425998,3598627,3931878,4278937,4650233,4768822,4777245,4789668,4844564,5063211,5486529,5552763,5497508,945929
E06000001,Hartlepool,1113017,1274315,1398880,1360542,1212006,1234944,1176273,1119942,1111072,1098705,1125644,1161058,1165857,1190337,1205504,1197962,1372489,1486969,1491486,1467027,274229
E07000062,Hastings,1540970,1599036,1768981,1704544,1498174,1606854,1572394,1610984,1610473,1777457,1911803,2185348,2359482,2455946,2511581,2563500,2880065,3232136,3145797,3033564,498009
E07000090,Havant,2029664,2097836,2282309,2231993,2003789,2168125,2173284,2194403,2220309,2404859,2563418,2795538,2991266,3097262,3081690,3158961,3413273,3735803,3764657,3638978,629326
E09000016,Havering,2483854,2572346,2842807,2817714,2507164,2683076,2672674,2697546,2756304,3156043,3552607,4160759,4388090,4507680,4438685,4494863,4678609,5050704,5092041,5049904,884050
E06000019,Herefordshire,2046417,2165579,2331792,2256709,2066316,2198637,2148771,2143071,2160482,2248739,2345745,2441576,2522294,2672690,2666538,2789240,2953746,3302683,3361985,3379104,576127
E07000098,Hertsmere,3277720,3345805,3731913,3666930,3359467,3683637,3776960,3849808,4056875,4609251,5121163,5855415,5994370,6046954,5998287,6041679,6395421,6727910,6668108,6436919,1095530
E07000037,High Peak,1693119,1822091,1917431,1874071,1677661,1718837,1704562,1713668,1712087,1798884,1855357,1981348,2063080,2146742,2202564,2283997,2512911,2800890,2879915,2933483,516466
E09000017,Hillingdon,2746670,2851474,3127912,3149371,2812915,3055860,3102566,3209706,3334387,3767980,4346719,4938730,5096396,5055493,4982587,5050882,5250546,5572407,5547959,5504186,953533
E07000132,Hinckley and Bosworth,1699645,1780711,1888575,1791721,1601597,1677865,1640196,1658067,1683099,1801593,1893758,1990691,2188682,2327727,2377981,2441317,2683884,3008309,3015585,3025868,513987
E07000227,Horsham,2866578,3020997,3363997,3338627,2946006,3265372,3261156,3338959,3470923,3769278,4052786,4382924,4576500,4623082,4548811,4552171,4692758,5099682,5135048,5061923,873412
E09000018,Hounslow,3038334,3230832,3546821,3583855,3219904,3508944,3606476,3652175,3960465,4423174,4789977,5267341,5464188,5406848,5476288,5626538,5734154,6085046,6197278,6189636,1053959
E07000011,Huntingdonshire,1935318,2030725,2197573,2191887,1931141,2060047,2019019,2044926,2114042,2300649,2479077,2764195,2971737,3059737,3067940,3063289,3245458,3588555,3630761,3529585,605687
E07000120,Hyndburn,889135,1019877,1176364,1170103,1032854,1040025,1022571,998396,969783,933311,1011439,1065893,1063247,1091418,1115163,1158460,1314143,1479123,1452868,1505616,261163
E07000202,Ipswich,1552831,1639859,1791639,1685992,1463106,1576701,1543512,1579377,1598554,1753344,1869155,2064663,2228718,2312722,2307986,2309999,2490477,2728023,2732442,2628161,448509
E06000046,Isle of Wight,1861235,1941775,2092189,2053044,1865684,1959470,1930577,1926006,1920023,2022475,2074300,2183473,2273637,2344733,2433133,2537789,2795729,3133283,3148174,3016167,513079
E09000019,Islington,3543302,3838245,4631013,4644545,4146122,4779785,5092575,5308552,5953086,7026649,7722822,7710686,7806479,7799492,7606803,7939743,8155628,8317137,8328309,8440202,1319592
E09000020,Kensington and Chelsea,6754330,7764497,9694840,10190249,9156117,10871652,11796758,13101384,14627359,16728589,16906430,16570567,17457430,17707533,16047594,17146178,17448016,18789213,17713294,16406629,2383286
E07000146,King's Lynn and West Norfolk ,1743844,1834106,1974251,1955506,1786646,1894886,1828827,1829701,1876400,2008927,2159681,2301046,2488429,2578790,2621965,2679837,2880202,3230855,3276328,3202370,538853
E06000010,Kingston upon Hull,830296,963067,1082588,1060946,962954,1015129,977578,962549,985715,1013259,1043348,1115629,1179417,1219595,1237674,1267191,1381501,1495531,1490592,1521251,265396
E09000021,Kingston upon Thames,3174426,3345193,3870511,3923179,3371825,3846251,3944382,4102416,4369884,5132880,5536023,6108970,6222536,6282104,6150846,6202197,6446247,6976610,7008689,6878631,1160299
E08000034,Kirklees,1410618,1543462,1654696,1628893,1450179,1487431,1437462,1428453,1415057,1480514,1536703,1601182,1653662,1713987,1741760,1800182,1998212,2179492,2225005,2292111,397718
E08000011,Knowsley,1365030,1462079,1548828,1510218,1302730,1324094,1274671,1264889,1257856,1295855,1318239,1384345,1474553,1510396,1549040,1602749,1787605,1993334,2092637,2125152,377366
E09000022,Lambeth,2939893,3213382,3831193,3795747,3434272,3817482,3905632,4206697,4662734,5570437,6058454,6610177,6660806,6571893,6523907,6767587,6865295,6984531,6965903,6783754,1136585
E07000121,Lancaster,1431159,1532615,1672837,1643938,1471643,1548337,1479563,1531864,1515738,1563512,1597485,1647510,1682359,1718666,1761532,1797065,2004005,2201741,2303631,2342439,391574
E08000035,Leeds,1625103,1731015,1850806,1782526,1594120,1677601,1637449,1616541,1621877,1719196,1808638,1934479,2025291,2116761,2172598,2259974,2445958,2676914,2727306,2791141,485271
E06000016,Leicester,1412858,1460207,1566651,1517581,1338182,1416445,1408694,1418653,1459706,1529310,1609244,1746246,1860013,1999621,2060928,2192787,2403659,2647953,2721296,2721761,460869
E07000063,Lewes,2489763,2578280,2888331,2833493,2514250,2748986,2794217,2858474,2961277,3160103,3358262,3662005,3776238,3902717,3911518,3894652,4162909,4601827,4673492,4498432,729550
E09000023,Lewisham,2430525,2576892,2924448,2945180,2690807,2872583,2903589,3063461,3321240,4021580,4521231,5127357,5234327,5240453,5203487,5377732,5471852,5637993,5655132,5690185,996441
E07000194,Lichfield,2176422,2236330,2371457,2326956,2061251,2246466,2194449,2208650,2240865,2420973,2554288,2667341,2770936,2941902,2922835,3071301,3282203,3625145,3648624,3737545,658302
E07000138,Lincoln,1299589,1353634,1456949,1390128,1259553,1284322,1274817,1302052,1349152,1459412,1524052,1611299,1647566,1741048,1796513,1817934,1999266,2145541,2160598,2119107,361417
E08000012,Liverpool,1188211,1310020,1390669,1345457,1230798,1245680,1197412,1175100,1174481,1229544,1270263,1301897,1370022,1434413,1466672,1522101,1761505,1912831,1938654,1989315,348830
E12000007,London,3023190,3228117,3688450,3635072,3312554,3655422,3732606,3904445,4228700,4960401,5461545,6005841,6169562,6138697,6051772,6213279,6425444,6791465,6696285,6670057,1117698
E06000032,Luton,1749217,1807074,1977190,1936583,1672803,1793850,1751793,1793031,1828003,1983849,2250028,2659116,2896460,2939559,2865790,2835835,3037568,3353760,3349184,3316723,558012
E07000110,Maidstone,2404016,2532623,2737609,2655578,2369539,2561635,2499337,2537624,2601882,2854226,3133937,3438242,3615601,3775913,3672888,3661718,3793465,4195413,4253937,4180115,728767
E07000074,Maldon,2399592,2467654,2712146,2727316,2443262,2562194,2632560,2623161,2734805,2859663,3194572,3479511,3796891,3978591,3998093,3978060,4191183,4531073,4638910,4377588,762049
E07000235,Malvern Hills,2501806,2609207,2831414,2657885,2454498,2572011,2582022,2536044,2545082,2702608,2832189,2965931,3099391,3222896,3292850,3337444,3595005,3897079,3988167,3996349,691758
E08000003,Manchester,1202420,1410181,1552186,1508048,1342614,1384652,1367437,1380409,1387788,1498635,1603492,1743593,1894119,2013087,2083161,2137881,2515837,2780092,2795750,2911932,492405
E07000174,Mansfield,1250957,1316103,1368961,1355342,1206881,1269694,1199063,1184787,1210197,1297841,1359849,1412510,1487053,1549021,1621721,1685106,1878440,2105558,2145281,2175931,370988
E06000035,Medway,1756184,1829883,1971320,1910236,1671012,1807785,1778659,1780949,1861311,2077054,2278390,2631504,2850018,2939279,2904809,2912761,3150233,3491149,3516319,3417792,596949
E07000133,Melton,1970457,2044664,2294271,2147118,1924355,2028288,2040109,2081590,2059577,2199434,2322132,2459297,2624316,2722035,2758523,2825458,3025881,3211830,3264008,3159190,571747
E09000024,Merton,3158875,3297515,3820859,3856984,3484000,3848323,3926108,4063104,4419737,5387366,5871298,6417316,6570204,6576965,6475674,6723353,6940806,7214938,7266749,7249494,1228472
E07000042,Mid Devon,2163649,2253956,2490027,2388586,2195077,2324250,2285742,2273004,2365701,2385113,2523287,2603172,2740103,2856613,2863501,2941746,3202489,3597956,3647595,3574112,585892
E07000203,Mid Suffolk,2112151,2250848,2435765,2396780,2084215,2298359,2252902,2275720,2313750,2523150,2715714,2974134,3173137,3276030,3279387,3295546,3476676,3783569,3767939,3685132,643645
E07000228,Mid Sussex,2792766,2889683,3174031,3215273,2787817,3120433,3078346,3132934,3241467,3585145,3855575,4241057,4363985,4450653,4421846,4472291,4594909,5047744,5078207,5103418,883588
E06000002,Middlesbrough,1094462,1276755,1393217,1340123,1293231,1240214,1187077,1214125,1162460,1194499,1207117,1230492,1234562,1226912,1248480,1243427,1389825,1526690,1544416,1562198,275120
E06000042,Milton Keynes,1928153,2017067,2249840,2181802,1917362,2034202,2022297,2100406,2161885,2411681,2688748,3014706,3188636,3235200,3148929,3195496,3411283,3732390,3767744,3769276,661825
E07000210,Mole Valley,3381945,3644081,3989001,4075549,3567402,4059375,4045542,4164980,4308185,4847721,5283811,5674919,5852257,5865691,5668345,5745539,6085259,6482820,6564254,6422348,1105447
E07000091,New Forest,2659617,2754215,3010600,2965203,2680816,2939007,2984175,2952785,3009574,3214280,3439056,3720427,3980679,4086328,4007365,4083053,4402042,4918654,4837923,4684233,769699
E07000175,Newark and Sherwood,1698575,1738407,1856217,1772153,1654535,1700055,1674114,1669453,1677916,1785601,1867529,1974536,2054936,2173469,2186217,2237137,2421291,2649770,2718288,2714959,465109
E08000021,Newcastle upon Tyne,1658720,1792667,1909044,1819832,1650288,1711686,1630072,1625166,1629910,1681147,1786126,1838226,1852336,1889075,1888574,1904820,2045679,2181349,2228523,2293767,407473
E07000195,Newcastle-under-Lyme,1373036,1456521,1560590,1546293,1386964,1436560,1384763,1371890,1400717,1460264,1517925,1579806,1637111,1723018,1775886,1813741,1963988,2169571,2233210,2257795,390366
E09000025,Newham,2426772,2548762,2838435,2780506,2359846,2563582,2603663,2668371,2793245,3238690,3730750,4362643,4540362,4503305,4563240,4686412,4840332,5039037,5078790,5158980,831598
E07000043,North Devon,2179041,2256013,2416401,2336220,2132736,2258907,2238872,2243609,2188535,2360752,2466342,2526521,2614400,2617799,2827287,2883018,3104686,3527846,3574440,3426551,582710
E07000038,North East Derbyshire,1656366,1739332,1855283,1827002,1738881,1746556,1699051,1711712,1701439,1842848,1895340,1976296,2080929,2179559,2239731,2325676,2432605,2663885,2702856,2763650,510062
E06000012,North East Lincolnshire,1079761,1203394,1321609,1297853,1188328,1232752,1156468,1141202,1141060,1196513,1222870,1279026,1334508,1355362,1382380,1423510,1566924,1703379,1698965,1726769,304313
E07000099,North Hertfordshire,2456722,2618176,2812613,2762912,2538073,2761649,2747166,2817947,2859011,3183193,3552317,4030329,4191448,4384975,4210641,4310701,4483248,4744927,4821024,4771239,813576
E07000139,North Kesteven,1668899,1719343,1850567,1756801,1621454,1717268,1684616,1672133,1720879,1828226,1911650,2053084,2184487,2304888,2358736,2404341,2589180,2865253,2831967,2767579,475000
E06000013,North Lincolnshire,1350508,1403934,1492211,1471619,1344952,1398317,1336995,1313008,1315382,1368828,1417167,1478179,1555043,1621592,1657422,1715899,1880363,2029035,2059684,2069461,351455
E07000147,North Norfolk,1939605,2063909,2252302,2243236,2028016,2157063,2104920,2110820,2175982,2321840,2483264,2658132,2833777,3010145,3042870,3120110,3318799,3705448,3727702,3631844,615094
E06000024,North Somerset,1967893,2074671,2287081,2224523,1971861,2112376,2104571,2111092,2160342,2339976,2485502,2729917,2842401,2974645,3013883,3072977,3258412,3611282,3682815,3654131,616106
E08000022,North Tyneside,1471791,1574025,1668667,1598143,1463080,1521270,1453356,1476679,1495523,1588067,1645944,1701380,1733478,1788136,1803250,1849863,2006746,2190821,2260431,2285316,399886
E07000218,North Warwickshire,2001386,2064280,2136574,2063655,1938810,1977162,1947252,1937117,1961371,2054870,2166002,2332003,2487072,2613948,2652782,2705638,2837105,3080289,3168385,3124110,525728
E07000134,North West Leicestershire,1949216,2009937,2120122,2093658,1857662,1939431,1930592,1903652,1945420,2081188,2173183,2292996,2398389,2559014,2619579,2711981,2895376,3163992,3201006,3217060,564943
E06000057,Northumberland,1624773,1739212,1857232,1838035,1669896,1732230,1650850,1609839,1598753,1650054,1693730,1731013,1763053,1805868,1773250,1851874,2028094,2186578,2248701,2305506,406077
E07000148,Norwich,1506738,1636106,1853897,1708870,1502088,1622431,1605686,1664545,1718657,1877133,1990320,2157287,2257108,2328385,2351795,2366508,2542020,2792898,2805975,2780266,464747
E06000018,Nottingham,1300992,1335824,1352621,1277784,1145888,1183783,1151050,1160104,1170323,1277380,1343243,1439512,1545709,1635822,1678152,1785494,1985004,2207175,2283605,2271760,387656
E07000219,Nuneaton and Bedworth,1570293,1641284,1744417,1673825,1489213,1580663,1559086,1532769,1559863,1649693,1719270,1860180,1987431,2102874,2145396,2227606,2344153,2599478,2656119,2649978,456174
E07000135,Oadby and Wigston,1834783,1905802,2005515,1903755,1696998,1825790,1853610,1856600,1839487,1956890,2060949,2199234,2359787,2529248,2588594,2677778,2808222,3093857,3132042,3126286,521349
E08000004,Oldham,1131434,1299572,1435238,1411286,1261550,1306240,1240258,1216924,1219018,1283736,1298841,1367451,1451217,1503949,1572511,1678589,1923078,2139996,2204194,2271632,406551
E07000178,Oxford,2901515,3100700,3418091,3381551,3041146,3497830,3442369,3681614,3792682,4224524,4757055,5100567,5217111,5156146,5153967,5229319,5424722,5708251,5716790,5825587,970161
E07000122,Pendle,802744,1004159,1176963,1167822,1033945,1029788,1018439,987490,974790,1044410,1056825,1090171,1148643,1197555,1196612,1261930,1467605,1575025,1590489,1608764,277415
E06000031,Peterborough,1561621,1664453,1788748,1709829,1491112,1575430,1534493,1539104,1579711,1703071,1799063,1960612,2089817,2227190,2274212,2297257,2415702,2701161,2785150,2742607,461958
E06000026,Plymouth,1539627,1625110,1773417,1696982,1529460,1621332,1565179,1590927,1625861,1716511,1780183,1841627,1915663,1970840,1987007,2035009,2182799,2449335,2469763,2494101,424288
E06000044,Portsmouth,1726541,1794276,1953897,1868445,1670866,1804109,1752666,1770922,1811470,1942635,2099344,2246906,2411407,2511202,2504592,2557647,2711412,2983061,3032014,2965462,508416
E07000123,Preston,1493337,1622435,1767392,1688674,1545351,1560890,1493657,1515178,1491437,1517757,1561514,1597087,1609613,1628998,1632383,1648469,1825146,1971520,2032775,2105968,364181
E06000038,Reading,2207611,2302502,2578423,2479581,2237899,2401462,2400274,2472178,2574834,2861974,3218880,3698011,3812511,3750716,3628561,3582187,3780814,4124501,4159333,4082834,698370
E09000026,Redbridge,2669430,2825739,3146445,3116880,2743632,2974311,3087837,3134353,3239412,3585219,4052378,4618658,4836283,4980052,4848356,4985824,5329412,5612564,5575637,5658015,984501
E06000003,Redcar and Cleveland,1227517,1330336,1436977,1384564,1303040,1321742,1279815,1253083,1250219,1285187,1290063,1311236,1317062,1328139,1322356,1359246,1542531,1695334,1726753,1774810,300063
E07000236,Redditch,1661526,1718062,1809953,1748718,1550983,1643978,1620927,1627710,1693516,1785073,1907390,2055739,2178414,2278161,2333620,2395223,2580569,2832862,2885823,2912916,471785
E07000211,Reigate and Banstead,2971993,3073694,3434995,3403864,3017120,3353697,3367435,3441190,3586840,4045645,4476342,4895599,5011930,5073634,4995867,5158039,5290348,5722260,5759198,5745678,961038
E07000124,Ribble Valley,2230387,2398025,2632202,2559603,2367451,2478106,2411600,2341055,2383698,2426018,2452092,2530095,2602575,2684246,2644307,2679389,2850083,3060273,3162894,3218433,540965
E09000027,Richmond upon Thames,4119544,4436228,5224012,5211363,4702191,5347501,5531489,5791232,6264443,7345689,7876804,8322124,8468816,8303195,8257033,8671097,8908333,9485395,9485471,9381670,1579900
E08000005,Rochdale,1250082,1340567,1472009,1435788,1290649,1290045,1222051,1227440,1219964,1274195,1295979,1376742,1417540,1512971,1602551,1657877,1892651,2111482,2200361,2278846,399300
E07000075,Rochford,2547397,2630087,2856917,2884331,2595080,2743773,2712060,2725054,2793926,3005010,3377368,3831655,4129638,4206092,4351145,4297177,4385301,4711243,4797192,4675810,803790
E07000125,Rossendale,1289041,1345140,1441383,1420263,1270026,1319675,1262829,1240017,1216999,1239049,1283375,1334554,1419403,1499796,1554046,1654563,1925888,2084311,2149163,2205020,384297
E07000064,Rother,2204692,2288007,2490443,2438463,2171302,2382217,2367932,2368114,2406980,2567742,2719090,2991755,3147330,3286579,3343976,3371272,3702883,4198046,4143065,4072235,690898
E08000018,Rotherham,1250031,1371216,1482252,1461045,1312316,1338203,1308168,1288204,1292835,1328050,1352419,1419477,1462101,1530829,1579538,1621137,1843787,2011604,2051342,2126995,358629
E07000220,Rugby,1837186,1901672,1989253,1950844,1700188,1803878,1809527,1819326,1880689,2038727,2157747,2361540,2477745,2627333,2630728,2699099,2945281,3214079,3278466,3254693,576332
E07000212,Runnymede,2900643,3102259,3467282,3475831,3013139,3325371,3307899,3342701,3522830,3976109,4306952,4779127,4940377,4923544,4901212,5052424,5357894,5790785,5722353,5713864,991272
E07000176,Rushcliffe,2207098,2267244,2378954,2256456,2111938,2281158,2241896,2291417,2355053,2436482,2636196,2802369,2937467,3068560,3137676,3258768,3486778,3800732,3839111,3820803,681917
E07000092,Rushmoor,2016995,2094892,2327110,2329081,2051748,2236645,2224498,2256791,2317195,2560959,2876455,3244730,3330864,3361475,3307877,3313463,3488730,3810705,3846083,3802056,628497
E06000017,Rutland,2170345,2241650,2438525,2441831,2192856,2338841,2376488,2297587,2385355,2487096,2625140,2846514,2973956,3192221,3254482,3366580,3529555,3821282,4051516,3976238,680762
E08000006,Salford,1252547,1331504,1447533,1382106,1241823,1229463,1199685,1192914,1196763,1281448,1375329,1522313,1674515,1765003,1821580,1897765,2297379,2552375,2534578,2607263,443825
E08000028,Sandwell,1256792,1334909,1428835,1374399,1222661,1286631,1242214,1231145,1232577,1279441,1347381,1444368,1539860,1654695,1711747,1763089,1980702,2210755,2313840,2368845,398877
E08000014,Sefton,1605487,1715908,1808904,1754803,1643219,1675089,1587691,1570265,1547112,1590102,1619505,1721373,1796139,1846427,1914908,1930712,2149536,2360381,2411527,2475590,433643
E07000111,Sevenoaks,3076536,3183136,3507072,3543503,3131105,3401307,3435594,3569659,3690517,4070462,4473212,4964223,5112246,5232055,5238135,5417193,5604133,6052661,6215992,6134227,1057130
E08000039,Sheffield,1394735,1521288,1642581,1590569,1444768,1492296,1437416,1465083,1478595,1574513,1656621,1721405,1792650,1888513,1931505,1986769,2190229,2410894,2487717,2528171,438942
E06000051,Shropshire,1979127,2119355,2264528,2192316,2009287,2124601,2072170,2030175,2076548,2137822,2220748,2324345,2397420,2484060,2531013,2588274,2816857,3092873,3175463,3206507,557277
E06000039,Slough,2083263,2183449,2371743,2319598,2075184,2219578,2203213,2259537,2387011,2615147,3014094,3578327,3685941,3776085,3655625,3621701,3794955,4000941,4033365,4090762,700286
E08000029,Solihull,2203751,2280360,2424642,2312476,2152005,2299983,2241511,2251194,2281735,2487527,2657198,2847351,3021988,3157804,3191548,3207620,3592453,3877121,3934130,3873563,666510
E07000012,South Cambridgeshire,2590234,2855148,3072317,3017729,2713083,2997050,3040514,3123429,3225550,3504730,3932653,4284471,4514628,4596904,4518869,4547165,4700083,5030713,5138314,5134267,879160
E07000039,South Derbyshire,1807668,1918937,2023943,1922410,1717352,1801683,1772222,1810291,1799230,1933247,2059690,2169947,2286299,2337390,2361692,2403864,2583313,2829880,2921986,2964585,504064
E06000025,South Gloucestershire,1973129,2095330,2354062,2220509,1972366,2126932,2103789,2148159,2210046,2407796,2613187,2878956,3058718,3161771,3207084,3269501,3463042,3850045,3907847,3891712,681996
E07000044,South Hams,2739068,2911928,3219187,3078004,2745243,3080378,3059142,3028324,3022186,3209923,3329072,3460959,3448382,3608115,3696434,3826358,4176155,4663806,4652322,4608303,778208
E07000140,South Holland,1662489,1775304,1884368,1796734,1512515,1672258,1592525,1595090,1605230,1722428,1846515,2001812,2127342,2225022,2245089,2252984,2454232,2754529,2744016,2651288,450890
E07000141,South Kesteven,1749633,1869468,2003758,1943342,1704328,1790677,1780585,1794911,1828661,1897275,2021720,2171785,2303216,2448821,2468625,2508574,2715129,3011995,3039303,3012895,514576
E07000149,South Norfolk,2041339,2151150,2341086,2201866,1974955,2126999,2105484,2122811,2197658,2389420,2506684,2736656,2884664,3005474,3040228,3163775,3354323,3675296,3707848,3608330,640980
E07000179,South Oxfordshire,2828430,3022625,3400505,3292207,3021325,3367828,3369300,3415777,3597245,3810955,4153926,4477214,4649569,4663116,4698913,4921855,5158879,5515392,5514211,5505694,970306
E07000126,South Ribble,1646877,1726491,1848138,1799435,1598682,1703831,1637564,1591367,1616877,1667281,1690247,1774055,1835263,1879720,1886696,1941056,2089526,2278076,2352515,2373057,413902
E07000196,South Staffordshire,2012404,2104745,2253705,2229752,2076856,2161422,2086784,2059658,2061179,2124326,2252408,2357497,2493925,2603441,2644082,2758984,3028496,3305752,3347007,3401831,599469
E08000023,South Tyneside,1300023,1415227,1498139,1451337,1277460,1336184,1252721,1249801,1266770,1293451,1321357,1362580,1397502,1432083,1475875,1472248,1601798,1697881,1770683,1796511,309314
E06000045,Southampton,1714731,1752751,1883748,1838405,1640386,1809095,1769669,1779661,1776502,1927749,2074025,2260260,2378436,2435690,2415295,2446464,2582365,2819901,2851961,2800343,480200
E06000033,Southend-on-Sea,1965798,2068902,2217899,2186189,1941247,2089089,2091829,2106604,2151839,2360848,2597006,2946054,3200625,3336457,3366813,3436311,3616102,3925489,3888782,3834959,643506
E09000028,Southwark,3103277,3362423,4012141,4033545,3617157,4070937,4328928,4586342,4996682,5924928,6480349,7068507,7145407,6983929,6910583,7089090,6753402,6985893,6945921,6909284,1166190
E07000213,Spelthorne,2667076,2754169,3060716,3079013,2681966,2975546,2981002,3039798,3186045,3551203,3984646,4447663,4571297,4607435,4541776,4543592,4538854,4963465,5134255,5090878,887618
E07000240,St Albans,3493145,3739092,4196384,4181955,3745915,4268025,4388616,4533819,4683854,5216458,5794331,6458715,6725170,6688322,6478058,6637694,6917033,7405539,7300540,7454468,1277523
E08000013,St Helens,1250564,1341655,1414523,1391718,1225668,1245400,1193330,1162534,1163698,1214082,1218933,1298701,1355413,1398426,1432701,1500876,1700431,1914524,1968870,2028520,346643
E07000197,Stafford,1805415,1891421,2027496,2035995,1829111,1901633,1905060,1866348,1899273,1969330,2045204,2123956,2232271,2280597,2350124,2396206,2564681,2837348,2897670,2917849,500484
E07000198,Staffordshire Moorlands,1539083,1655497,1754018,1691094,1559259,1619162,1593087,1570208,1585401,1646347,1718253,1782215,1912527,1949546,2054144,2119765,2291166,2477059,2481630,2529214,436838
E07000243,Stevenage,1887028,1928551,2101816,2053863,1892093,1971456,2035972,2031219,2087159,2332300,2603628,3038448,3233620,3268521,3255625,3231117,3461918,3801160,3818770,3721016,631914
E08000007,Stockport,1880477,1967987,2106590,2055805,1848549,1907022,1878149,1899232,1939803,2061944,2184236,2348314,2482551,2639969,2725257,2854857,3076588,3423818,3461273,3531081,600670
E06000004,Stockton-on-Tees,1396513,1501845,1622214,1580751,1432420,1474086,1429843,1433540,1419292,1476349,1482897,1525726,1556936,1580722,1587563,1576668,1726164,1851335,1921103,1932613,328525
E06000021,Stoke-on-Trent,1007445,1104269,1203895,1198331,1055740,1067630,1014957,1024207,1037354,1069895,1110381,1172474,1216854,1266529,1302605,1331480,1481620,1603676,1643432,1693467,289134
E07000221,Stratford-on-Avon,2729235,2864617,3033779,2952840,2718862,2951676,2899360,2989462,3015896,3304070,3520197,3609632,3728208,3878310,3878064,3833717,4069613,4326719,4423388,4453392,779018
E07000082,Stroud,2360800,2463330,2690192,2569095,2270914,2458700,2435856,2453903,2489154,2642847,2807459,3001754,3239835,3315470,3363946,3487929,3533467,3958118,4047799,4058325,690402
E08000024,Sunderland,1255149,1339604,1414362,1375913,1263958,1263609,1217786,1186202,1179585,1202793,1218821,1258260,1276890,1299158,1308581,1326997,1478941,1580268,1598007,1590376,282018
E07000214,Surrey Heath,2907671,3024289,3361329,3312800,2958337,3276764,3199458,3302976,3448695,3812539,4229230,4579422,4619955,4665280,4650387,4604221,4946152,5374016,5311873,5229876,903120
E09000029,Sutton,2542123,2617056,2929007,2944341,2573308,2832578,2826965,2897516,3057174,3531872,3917654,4431678,4572665,4601413,4508034,4594800,4894514,5268674,5272829,5206584,894581
E07000113,Swale,1887411,1974248,2116441,2066940,1825534,1931664,1899693,1918791,1974199,2179363,2337688,2615332,2852621,3000699,3000216,3027577,3196334,3527066,3538269,3453297,594911
E06000030,Swindon,1731731,1804252,1966822,1854111,1628953,1756135,1719801,1731620,1792912,1913184,2093074,2344586,2465124,2557834,2526766,2563458,2705551,3006908,3107551,3075482,515158
E08000008,Tameside,1277461,1385881,1493518,1444403,1258477,1264532,1236534,1216458,1231798,1288880,1347800,1445131,1545523,1627208,1703051,1779736,2018839,2277662,2334416,2393189,411153
E07000199,Tamworth,1620271,1647197,1721681,1680533,1521374,1540291,1521749,1566365,1565494,1649162,1743181,1896814,2018420,2123097,2170274,2262350,2378162,2638396,2695963,2693869,451316
E07000215,Tandridge,3198680,3412005,3696226,3673418,3372695,3691869,3688605,3764405,3792055,4274910,4651129,5156434,5387837,5511647,5314015,5484476,5855352,6275350,6276264,6174366,986216
E07000045,Teignbridge,2145025,2244697,2429969,2379533,2112719,2294039,2240452,2239331,2295243,2396671,2476313,2608895,2717135,2809617,2826136,2913916,3162810,3542395,3554140,3562392,596737
E06000020,Telford and Wrekin,1510761,1611076,1730169,1711343,1546515,1601888,1548412,1524636,1541842,1603320,1648517,1727161,1805917,1863277,1922159,1998007,2226427,2479346,2572513,2594698,432673
E07000076,Tendring,1858020,1982669,2124673,2085755,1763560,1897769,1884083,1870291,1863079,1970168,2113112,2316818,2598707,2695366,2670395,2697211,2913356,3232374,3255237,3175625,537420
E07000093,Test Valley,2412152,2531570,2810655,2740401,2452944,2716436,2686940,2680111,2718402,2915337,3175927,3396379,3642884,3714003,3719789,3828915,3993983,4471179,4586602,4437187,761560
E07000083,Tewkesbury,2092947,2186237,2328142,2245692,1952268,2139073,2103396,2195160,2236458,2401598,2517929,2723341,2842501,2988733,3009935,3099118,3274514,3545757,3674912,3772670,642194
E07000114,Thanet,1710077,1789556,1942193,1911484,1648476,1728490,1679451,1664886,1704864,1898696,2046591,2318690,2547716,2716735,2715971,2762860,3083061,3472125,3434199,3261374,547472
E07000102,Three Rivers,3401217,3593247,3950491,3964301,3560500,3918452,4027882,4085142,4305790,4796298,5459876,6207666,6449729,6373923,6285410,6246098,6550157,7036313,6951362,6903352,1134322
E06000034,Thurrock,1953369,2008649,2159675,2163469,1900886,1989382,1981003,2020652,2060783,2244899,2585172,3033152,3191685,3311718,3294216,3359672,3561464,3871969,3940999,3831666,656689
E07000115,Tonbridge and Malling,2392331,2605592,2787655,2776827,2475707,2695003,2756110,2800632,2885499,3158233,3431661,3844451,3964793,4153485,4215565,4271310,4419139,4873551,4843705,4733983,809990
E06000027,Torbay,1791671,1873383,2011111,1952217,1743682,1833482,1782529,1779839,1793759,1859179,1954297,2061738,2146653,2228762,2220542,2300662,2540066,2893774,2914726,2801863,469696
E07000046,Torridge,2046752,2154154,2278860,2292729,2028502,2163390,2081830,2114585,2105660,2197356,2355315,2384911,2480697,2593239,2668209,2709544,2966487,3430680,3458082,3261328,551309
E09000030,Tower Hamlets,2972166,3201426,3782871,3925524,3401853,3724593,3784053,3760215,4071069,5035195,5558182,6021677,6049995,5881708,5778141,6139262,6536177,6542577,6077805,6049391,1006341
E08000009,Trafford,2102348,2181398,2334397,2297385,2075849,2253228,2206144,2229829,2279648,2459466,2700534,2947796,3159620,3331874,3457451,3602254,3865065,4233768,4300312,4409314,773732
E07000116,Tunbridge Wells,2761629,2932322,3189611,3107721,2843502,3147574,3196998,3221114,3380925,3627587,3914961,4327664,4478489,4649401,4567595,4615584,4960498,5367695,5284919,5301875,914728
E07000077,Uttlesford,2992816,3105772,3389017,3317134,3059571,3276585,3307205,3376609,3506031,3872699,4234928,4593263,4810163,4921499,4817287,4946682,5210314,5624434,5503007,5472476,933777
E07000180,Vale of White Horse,2592224,2732522,3018275,2971193,2681236,2922822,2918471,2999700,3096073,3407010,3622823,3895256,3948661,4035558,4063663,4097701,4175463,4505448,4563856,4587938,826436
E08000036,Wakefield,1401734,1508858,1629865,1560796,1431214,1435929,1378750,1358554,1354069,1416124,1458568,1534808,1597726,1650820,1699921,1755887,1970635,2166248,2221126,2256787,388774
E08000030,Walsall,1450279,1538010,1614656,1571158,1401790,1451154,1403403,1398420,1432497,1499205,1526860,1645668,1745038,1847167,1893361,1958645,2138268,2334556,2417311,2437167,413842
E09000031,Waltham Forest,2443924,2598400,2936783,2885598,2539264,2751976,2737146,2858835,3150493,3902220,4429799,5119158,5403735,5462853,5336967,5591032,5764242,5993354,6027655,6052457,1041399
E09000032,Wandsworth,3912611,4281065,5122754,5009030,4686246,5155940,5317194,5636499,6297527,7496867,7884796,8381128,8507525,8214417,8094401,8400505,8184484,8872670,8560857,8644861,1413733
E06000007,Warrington,1731200,1744174,1888151,1813691,1600855,1671564,1671247,1676497,1693434,1793583,1852159,1952194,2052368,2153088,2202983,2273347,2490060,2805590,2864243,2857879,477630
E07000222,Warwick,2346190,2407982,2564972,2473915,2246093,2463457,2505264,2562345,2643712,2874372,3110461,3361845,3527696,3647154,3667616,3725901,3839877,4090830,4179996,4191057,717808
E07000103,Watford,2350662,2466278,2760436,2679246,2410919,2583658,2626719,2710336,2828565,3192743,3614496,4183192,4380568,4301383,4204791,4319024,4584288,4886015,4833026,4709958,809461
E07000216,Waverley,3347900,3627011,4054481,3986320,3551014,4040214,4076494,4174552,4309460,4679754,5113331,5492488,5637355,5772845,5620116,5813089,6025370,6585934,6542667,6504612,1112012
E07000065,Wealden,2687548,2795297,3040790,3072391,2759518,2939555,2866505,2930800,3026649,3192695,3470543,3796877,3946942,4061190,4072021,4129013,4394729,4845768,4814188,4784832,802244
E07000241,Welwyn Hatfield,2720717,2826907,3035471,3021024,2771239,3089426,3103134,3143398,3227335,3570268,3975950,4561497,4727887,4826546,4816071,4873686,5052606,5435898,5362890,5272984,897655
E06000037,West Berkshire,2499630,2640029,2910680,2838535,2549218,2812715,2865407,2897510,2997811,3248282,3540309,3875213,4022854,4065053,4035685,4012563,4204629,4593113,4669113,4591943,797249
E07000047,West Devon,2278401,2399191,2560029,2483771,2226563,2322336,2292489,2363614,2329751,2400310,2530222,2624651,2705390,2826205,2922906,2928117,3188807,3485687,3505993,3482032,615262
E07000127,West Lancashire,1653781,1774623,1946104,1876682,1791463,1833222,1851372,1786393,1784024,1812570,1852916,1981998,2028253,2095456,2111888,2137553,2271870,2447900,2587954,2721147,456667
E07000142,West Lindsey,1546712,1608650,1732709,1686790,1554341,1641288,1561689,1551776,1568862,1632637,1685946,1749887,1866150,1940753,1951789,2010183,2233276,2457865,2442719,2457702,418180
E07000181,West Oxfordshire,2756051,2947696,3186359,3088852,2860197,3107666,3094003,3197159,3305479,3498945,3828449,4088807,4293254,4325896,4212156,4358769,4286385,4690035,4914586,4876831,839649
E09000033,Westminster,5094962,5573093,6562551,6891297,6787972,7739663,8068987,8890698,10077694,11770931,12305970,12700165,13583313,13010455,12156110,12268577,13005407,13866856,13780941,12815751,1873181
E08000010,Wigan,1253327,1360223,1463343,1418201,1253387,1276363,1229986,1221299,1234939,1275821,1325663,1389788,1458235,1494123,1539685,1611279,1818393,2046282,2096755,2159406,374757
E06000054,Wiltshire,2298000,2435935,2625990,2534227,2290469,2479163,2468710,2485194,2500340,2605679,2781887,3018918,3185284,3292129,3253876,3295363,3484698,3826044,3876307,3851436,658891
E07000094,Winchester,3121054,3281342,3620251,3543007,3161791,3551547,3603851,3688606,3784260,4195555,4506741,4778181,5074016,5123338,5022021,5131988,5243472,5720711,5725094,5772364,973205
E06000040,Windsor and Maidenhead,3444577,3636615,4078388,4111963,3580179,3991951,4073787,4192256,4405326,4939887,5378042,5894970,6130056,6077341,5842887,5885114,6253936,6895629,6746707,6821657,1190701
E08000015,Wirral,1510715,1639652,1727622,1655238,1511679,1570759,1542394,1530551,1517783,1576911,1623890,1693145,1771587,1831000,1860472,1883668,2157775,2350035,2399663,2440169,415882
E07000217,Woking,2780716,2901839,3284077,3276698,2893716,3171673,3235522,3354206,3472228,3912808,4323759,4738931,4821485,4863308,4859612,4884240,5091183,5441855,5465254,5390072,926366
E06000041,Wokingham,2947780,3091230,3446943,3397993,3063974,3342006,3357485,3384924,3538612,3971768,4453293,4938329,5022883,5032686,4899986,5034357,5217600,5628803,5796224,5787179,1002002
E08000031,Wolverhampton,1386993,1488341,1576309,1517005,1363275,1392601,1352803,1352694,1372361,1399532,1432384,1541234,1623494,1715474,1784295,1850594,2018295,2268511,2344032,2392145,416731
E07000237,Worcester,1798928,1893464,2041900,1953458,1706599,1807586,1805583,1846022,1842121,1956715,2045446,2161837,2282493,2371810,2376905,2424543,2555656,2863185,2904771,2981874,504008
E07000229,Worthing,1946310,2039516,2282798,2238471,1935766,2118933,2095683,2147692,2213180,2443328,2668334,2939155,3075876,3154545,3186548,3165255,3537388,3898523,3910740,3734121,639506
E07000238,Wychavon,2326566,2445504,2611522,2526021,2264059,2389445,2406070,2371224,2417166,2555777,2643432,2818002,2935726,3091832,3092366,3145862,3399040,3750033,3779253,3783973,622291
E07000128,Wyre,1649061,1751278,1867667,1819619,1668757,1671097,1581534,1557360,1527291,1578241,1620199,1646222,1722091,1738455,1736768,1779596,1971525,2179833,2196167,2195385,375082
E07000239,Wyre Forest,1722960,1790554,1894300,1849247,1643200,1685745,1675652,1647475,1671870,1730526,1800880,1915790,2015281,2111564,2178346,2264969,2447268,2694399,2751131,2724991,464170
E06000014,York,2016027,2117054,2323091,2205195,2032697,2150117,2159574,2203321,2243919,2394913,2568967,2719752,2847323,2906062,2980077,3037783,3318161,3624281,3664033,3705932,603249