AREA_CODE,AREA_NAME,2000,2001,2002,2003,2004,2005,2006,2007,2008,2009,2010
E07000223,Adur,0.60,0.61,0.62,0.60,0.59,0.65,0.62,0.60,0.58,0.54,0.54
E07000032,Amber Valley,0.76,0.78,0.73,0.72,0.72,0.72,0.73,0.73,0.74,0.69,0.72
E07000224,Arun,0.66,0.67,0.62,0.65,0.63,0.63,0.62,0.61,0.59,0.56,0.56
E07000170,Ashfield,0.65,0.65,0.62,0.61,0.63,0.67,0.63,0.64,0.67,0.67,0.66
E07000105,Ashford,0.74,0.85,0.85,0.85,0.85,0.83,0.81,0.82,0.82,0.80,0.80
E07000200,Babergh,0.64,0.71,0.73,0.72,0.71,0.70,0.76,0.75,0.70,0.65,0.66
E09000002,Barking and Dagenham,0.56,0.52,0.50,0.53,0.51,0.51,0.49,0.49,0.48,0.42,0.44
E09000003,Barnet,0.67,0.65,0.64,0.65,0.63,0.63,0.63,0.62,0.63,0.63,0.61
E08000016,Barnsley,0.60,0.57,0.60,0.61,0.61,0.60,0.56,0.56,0.55,0.56,0.54
E07000066,Basildon,0.76,0.70,0.75,0.76,0.78,0.81,0.79,0.77,0.79,0.77,0.74
E07000084,Basingstoke and Deane,0.87,0.83,0.88,0.85,0.84,0.88,0.81,0.85,0.85,0.82,0.83
E07000171,Bassetlaw,0.75,0.71,0.74,0.67,0.65,0.68,0.68,0.71,0.70,0.69,0.66
E06000022,Bath and North East Somerset,0.81,0.80,0.86,0.89,0.95,0.84,0.84,0.84,0.81,0.85,0.86
E06000055,Bedford,0.78,0.75,0.75,0.81,0.81,0.87,0.79,0.81,0.79,0.78,0.77
E09000004,Bexley,0.55,0.54,0.57,0.55,0.61,0.57,0.52,0.52,0.51,0.50,0.53
E08000025,Birmingham,0.86,0.86,0.86,0.86,0.85,0.84,0.83,0.81,0.79,0.73,0.74
E07000129,Blaby,0.57,0.67,0.72,0.71,0.76,0.85,0.85,0.90,0.90,0.89,0.82
E06000008,Blackburn with Darwen,0.80,0.80,0.80,0.78,0.82,0.77,0.75,0.79,0.78,0.73,0.70
E06000009,Blackpool,0.80,0.82,0.80,0.71,0.76,0.70,0.76,0.73,0.72,0.75,0.71
E07000033,Bolsover,0.47,0.49,0.45,0.51,0.49,0.54,0.56,0.54,0.59,0.58,0.59
E08000001,Bolton,0.74,0.72,0.70,0.73,0.71,0.74,0.68,0.68,0.69,0.66,0.63
E07000136,Boston,0.91,0.75,0.75,0.80,0.77,0.84,0.80,0.85,0.77,0.75,0.82
E06000028,Bournemouth,0.82,0.84,0.84,0.85,0.82,0.87,0.81,0.79,0.77,0.72,0.69
E06000036,Bracknell Forest,0.97,1.01,0.98,1.00,0.98,0.94,0.98,1.01,0.95,0.85,0.90
E08000032,Bradford,0.75,0.74,0.74,0.74,0.72,0.71,0.69,0.69,0.68,0.68,0.66
E07000067,Braintree,0.63,0.64,0.71,0.69,0.67,0.67,0.65,0.69,0.63,0.64,0.58
E07000143,Breckland,0.62,0.67,0.65,0.65,0.69,0.71,0.68,0.65,0.64,0.61,0.59
E09000005,Brent,0.67,0.62,0.62,0.65,0.65,0.64,0.58,0.57,0.54,0.53,0.54
E07000068,Brentwood,0.75,0.78,0.83,0.88,0.85,0.80,0.81,0.79,0.81,0.92,0.77
E06000043,Brighton and Hove,0.84,0.83,0.81,0.82,0.84,0.86,0.79,0.80,0.77,0.73,0.73
E06000023,Bristol,1.04,1.03,1.06,0.99,0.96,0.94,0.92,0.92,0.92,0.93,0.91
E07000144,Broadland,0.56,0.64,0.60,0.66,0.66,0.65,0.62,0.66,0.64,0.71,0.65
E09000006,Bromley,0.62,0.61,0.63,0.67,0.67,0.66,0.66,0.71,0.67,0.61,0.61
E07000234,Bromsgrove,0.75,0.74,0.59,0.64,0.67,0.65,0.71,0.72,0.69,0.68,0.65
E07000095,Broxbourne,0.64,0.63,0.69,0.75,0.72,0.67,0.68,0.67,0.69,0.71,0.72
E07000172,Broxtowe,0.63,0.52,0.55,0.51,0.54,0.56,0.54,0.60,0.58,0.60,0.62
E07000117,Burnley,0.73,0.72,0.74,0.72,0.74,0.70,0.69,0.69,0.68,0.72,0.67
E08000002,Bury,0.59,0.58,0.58,0.63,0.63,0.59,0.61,0.62,0.60,0.59,0.61
E08000033,Calderdale,0.76,0.77,0.76,0.76,0.79,0.75,0.75,0.73,0.74,0.74,0.77
E07000008,Cambridge,1.18,1.20,1.22,1.19,1.07,1.04,1.12,1.14,1.17,1.15,1.07
E09000007,Camden,2.05,1.98,1.92,1.86,1.82,1.88,1.80,1.90,2.00,1.99,1.97
E07000192,Cannock Chase,0.59,0.60,0.60,0.65,0.64,0.60,0.60,0.63,0.66,0.68,0.60
E07000106,Canterbury,0.72,0.77,0.77,0.77,0.74,0.76,0.74,0.76,0.80,0.75,0.76
E07000069,Castle Point,0.43,0.42,0.43,0.42,0.43,0.45,0.45,0.51,0.45,0.47,0.48
E07000130,Charnwood,0.66,0.61,0.62,0.67,0.67,0.64,0.66,0.68,0.68,0.64,0.64
E07000070,Chelmsford,0.75,0.77,0.89,0.86,0.84,0.84,0.84,0.83,0.82,0.83,0.86
E07000078,Cheltenham,0.94,0.98,1.04,1.01,1.00,0.88,0.82,0.82,0.84,0.84,0.94
E07000177,Cherwell,0.92,0.87,0.88,0.85,0.91,0.88,0.87,0.86,0.84,0.82,0.82
E06000049,Cheshire East,0.80,0.84,0.81,0.82,0.81,0.82,0.85,0.84,0.82,0.82,0.81
E06000050,Cheshire West and Chester,0.78,0.81,0.81,0.81,0.81,0.80,0.79,0.80,0.79,0.78,0.79
E07000034,Chesterfield,0.87,0.89,0.85,0.89,0.86,0.84,0.86,0.82,0.78,0.75,0.78
E07000225,Chichester,1.03,1.03,1.08,1.00,0.94,0.98,0.98,0.95,0.91,1.00,1.06
E07000118,Chorley,0.66,0.62,0.66,0.66,0.69,0.66,0.69,0.70,0.64,0.65,0.65
E07000071,Colchester,0.81,0.80,0.82,0.81,0.78,0.81,0.78,0.79,0.80,0.77,0.78
E07000079,Cotswold,0.74,0.83,0.84,0.88,0.91,0.86,0.85,0.87,0.84,0.88,0.86
E06000047,County Durham,0.56,0.59,0.57,0.57,0.56,0.57,0.59,0.58,0.59,0.55,0.53
E08000026,Coventry,0.82,0.82,0.83,0.81,0.81,0.82,0.80,0.79,0.77,0.76,0.76
E07000226,Crawley,1.23,1.28,1.37,1.39,1.36,1.32,1.28,1.24,1.21,1.24,1.29
E09000008,Croydon,0.73,0.71,0.68,0.69,0.69,0.67,0.66,0.67,0.63,0.57,0.58
E07000096,Dacorum,0.87,0.86,0.86,0.85,0.81,0.83,0.78,0.78,0.80,0.73,0.70
E06000005,Darlington,0.81,0.85,0.84,0.88,0.82,0.85,0.83,0.85,0.83,0.79,0.87
E07000107,Dartford,0.86,0.90,0.95,1.00,0.90,0.95,0.88,0.95,0.96,0.88,0.91
E06000015,Derby,0.83,0.89,0.86,0.84,0.87,0.88,0.84,0.90,0.84,0.82,0.80
E07000035,Derbyshire Dales,0.87,0.86,0.93,0.88,0.86,0.94,0.87,0.90,0.94,0.96,0.93
E08000017,Doncaster,0.64,0.64,0.65,0.66,0.68,0.69,0.69,0.68,0.67,0.64,0.65
E07000108,Dover,0.67,0.69,0.74,0.75,0.69,0.69,0.67,0.68,0.68,0.61,0.57
E08000027,Dudley,0.71,0.71,0.72,0.72,0.71,0.73,0.69,0.70,0.68,0.67,0.65
E09000009,Ealing,0.64,0.63,0.62,0.64,0.63,0.63,0.62,0.63,0.58,0.56,0.55
E07000040,East Devon,0.68,0.78,0.80,0.70,0.73,0.73,0.85,0.80,0.72,0.73,0.75
E07000085,East Hampshire,0.77,0.82,0.77,0.76,0.76,0.87,0.81,0.77,0.78,0.76,0.82
E07000242,East Hertfordshire,0.79,0.77,0.85,0.82,0.76,0.79,0.83,0.78,0.77,0.75,0.70
E07000137,East Lindsey,0.60,0.64,0.65,0.67,0.66,0.65,0.71,0.73,0.67,0.68,0.69
E06000011,East Riding of Yorkshire,0.54,0.61,0.63,0.67,0.64,0.63,0.62,0.64,0.63,0.66,0.66
E07000193,East Staffordshire,0.84,0.87,0.93,0.95,0.96,0.97,0.89,0.85,0.86,0.85,0.87
E07000061,Eastbourne,0.81,0.81,0.81,0.82,0.80,0.81,0.76,0.76,0.80,0.78,0.77
E07000086,Eastleigh,0.87,0.79,0.80,0.81,0.86,0.95,0.84,0.84,0.83,0.83,0.81
E07000207,Elmbridge,0.93,0.82,0.83,0.78,0.74,0.77,0.75,0.76,0.78,0.75,0.76
E09000010,Enfield,0.63,0.61,0.57,0.60,0.59,0.62,0.56,0.57,0.57,0.54,0.56
E07000072,Epping Forest,0.61,0.61,0.62,0.70,0.69,0.74,0.67,0.65,0.66,0.67,0.65
E07000208,Epsom and Ewell,1.00,0.88,0.74,0.71,0.67,0.77,0.67,0.67,0.70,0.72,0.72
E07000036,Erewash,0.57,0.61,0.65,0.62,0.61,0.65,0.68,0.63,0.62,0.59,0.57
E07000041,Exeter,1.06,1.10,1.06,1.14,1.25,1.18,1.22,1.19,1.16,1.25,1.27
E07000087,Fareham,0.79,0.76,0.77,0.76,0.78,0.79,0.79,0.82,0.88,0.76,0.81
E07000010,Fenland,0.67,0.64,0.63,0.66,0.65,0.66,0.71,0.67,0.62,0.64,0.57
E07000112,Folkestone and Hythe,0.64,0.72,0.74,0.68,0.65,0.68,0.63,0.68,0.70,0.65,0.67
E07000080,Forest of Dean,0.59,0.69,0.68,0.61,0.57,0.56,0.60,0.60,0.59,0.61,0.56
E07000119,Fylde,0.96,1.04,0.90,1.04,1.01,0.96,1.02,1.02,1.04,1.04,1.00
E08000037,Gateshead,0.75,0.75,0.79,0.84,0.84,0.83,0.79,0.79,0.79,0.77,0.75
E07000173,Gedling,0.52,0.51,0.52,0.49,0.45,0.49,0.50,0.51,0.51,0.51,0.44
E07000081,Gloucester,0.93,0.93,0.90,1.01,0.98,0.95,0.95,0.92,0.87,0.93,0.91
E07000088,Gosport,0.68,0.55,0.55,0.50,0.49,0.53,0.49,0.51,0.50,0.45,0.49
E07000109,Gravesham,0.52,0.53,0.54,0.53,0.54,0.57,0.49,0.51,0.51,0.51,0.51
E07000145,Great Yarmouth,0.72,0.71,0.69,0.74,0.69,0.69,0.73,0.70,0.68,0.72,0.77
E09000011,Greenwich,0.60,0.50,0.50,0.51,0.50,0.52,0.51,0.51,0.50,0.49,0.49
E07000209,Guildford,0.99,0.92,0.93,1.00,0.93,0.98,1.06,1.04,0.99,0.95,0.96
E09000012,Hackney,0.75,0.77,0.75,0.68,0.65,0.63,0.57,0.60,0.59,0.60,0.58
E06000006,Halton,0.73,0.73,0.71,0.72,0.74,0.77,0.73,0.73,0.72,0.67,0.69
E09000013,Hammersmith and Fulham,1.00,0.98,0.94,0.99,1.01,1.05,1.02,1.02,1.02,0.98,1.03
E07000131,Harborough,0.76,0.74,0.74,0.74,0.79,0.80,0.85,0.83,0.79,0.78,0.72
E09000014,Haringey,0.48,0.48,0.47,0.49,0.49,0.52,0.50,0.49,0.45,0.42,0.40
E07000073,Harlow,0.86,0.91,0.93,0.88,0.78,0.81,0.78,0.80,0.88,0.81,0.80
E09000015,Harrow,0.59,0.58,0.57,0.59,0.57,0.56,0.56,0.55,0.50,0.50,0.50
E07000089,Hart,0.80,0.82,0.83,0.81,0.77,0.78,0.79,0.81,0.76,0.70,0.72
E06000001,Hartlepool,0.65,0.60,0.66,0.66,0.62,0.65,0.65,0.62,0.59,0.58,0.56
E07000062,Hastings,0.68,0.66,0.67,0.65,0.67,0.67,0.67,0.69,0.60,0.59,0.61
E07000090,Havant,0.65,0.65,0.64,0.62,0.63,0.66,0.60,0.61,0.63,0.60,0.66
E09000016,Havering,0.63,0.63,0.65,0.66,0.65,0.63,0.60,0.56,0.59,0.54,0.55
E06000019,Herefordshire,0.82,0.81,0.77,0.82,0.83,0.83,0.85,0.86,0.84,0.83,0.81
E07000098,Hertsmere,0.94,1.09,0.94,0.91,0.85,0.88,0.85,0.82,0.88,0.91,0.83
E07000037,High Peak,0.69,0.69,0.67,0.65,0.62,0.64,0.63,0.61,0.62,0.61,0.61
E09000017,Hillingdon,1.11,1.16,1.13,1.12,1.20,1.18,1.20,1.19,1.19,1.12,1.08
E07000132,Hinckley and Bosworth,0.72,0.70,0.70,0.70,0.70,0.70,0.70,0.68,0.64,0.63,0.65
E07000227,Horsham,0.79,0.80,0.85,0.75,0.75,0.75,0.74,0.73,0.72,0.74,0.79
E09000018,Hounslow,1.00,1.02,0.91,0.91,0.86,0.90,0.83,0.84,0.83,0.82,0.83
E07000011,Huntingdonshire,0.74,0.72,0.74,0.71,0.67,0.73,0.77,0.77,0.77,0.75,0.77
E07000120,Hyndburn,0.64,0.62,0.64,0.64,0.63,0.61,0.62,0.62,0.67,0.59,0.55
E07000202,Ipswich,0.99,1.01,1.03,0.98,0.96,0.92,0.92,0.90,0.90,0.85,0.83
E06000046,Isle of Wight,0.72,0.72,0.78,0.74,0.70,0.71,0.73,0.73,0.72,0.69,0.68
E09000019,Islington,1.36,1.30,1.29,1.35,1.35,1.42,1.32,1.43,1.44,1.40,1.32
E09000020,Kensington and Chelsea,1.31,1.26,1.17,1.11,1.09,1.09,1.09,1.08,1.10,1.10,1.11
E07000146,King's Lynn and West Norfolk,0.71,0.72,0.71,0.72,0.75,0.75,0.70,0.72,0.72,0.73,0.72
E06000010,Kingston upon Hull,0.79,0.80,0.81,0.81,0.85,0.80,0.77,0.77,0.74,0.74,0.72
E09000021,Kingston upon Thames,0.85,0.80,0.77,0.77,0.81,0.78,0.92,0.80,0.80,0.78,0.78
E08000034,Kirklees,0.69,0.69,0.69,0.69,0.72,0.72,0.68,0.68,0.64,0.64,0.61
E08000011,Knowsley,0.59,0.62,0.64,0.62,0.63,0.62,0.64,0.64,0.65,0.65,0.64
E09000022,Lambeth,0.73,0.66,0.69,0.71,0.72,0.69,0.67,0.66,0.66,0.69,0.68
E07000121,Lancaster,0.66,0.70,0.71,0.70,0.70,0.70,0.69,0.70,0.76,0.72,0.66
E08000035,Leeds,0.94,0.92,0.93,0.94,0.96,0.93,0.92,0.90,0.93,0.88,0.90
E06000016,Leicester,0.99,0.95,0.95,0.93,0.89,0.88,0.85,0.85,0.80,0.80,0.79
E07000063,Lewes,0.77,0.76,0.76,0.71,0.71,0.70,0.62,0.68,0.71,0.71,0.72
E09000023,Lewisham,0.44,0.43,0.45,0.46,0.46,0.45,0.41,0.41,0.41,0.40,0.38
E07000194,Lichfield,0.72,0.72,0.78,0.75,0.73,0.72,0.78,0.75,0.78,0.81,0.73
E07000138,Lincoln,0.98,1.05,1.02,0.98,0.95,0.96,0.99,1.03,1.02,1.01,0.94
E08000012,Liverpool,0.76,0.82,0.82,0.82,0.81,0.81,0.81,0.81,0.82,0.80,0.76
E12000007,London,67.10,59.14,60.47,61.91,59.73,61.26,59.16,57.98,59.67,61.72,68.16
E06000032,Luton,0.72,0.74,0.73,0.78,0.80,0.82,0.81,0.79,0.77,0.76,0.70
E07000110,Maidstone,0.88,0.89,0.89,0.90,0.89,0.94,0.92,0.90,0.86,0.83,0.85
E07000074,Maldon,0.64,0.63,0.65,0.57,0.58,0.59,0.59,0.59,0.69,0.60,0.63
E07000235,Malvern Hills,0.78,0.78,0.68,0.77,0.74,0.70,0.74,0.75,0.74,0.73,0.73
E08000003,Manchester,1.14,1.17,1.17,1.13,1.11,1.04,1.05,1.04,1.01,0.98,0.99
E07000174,Mansfield,0.67,0.63,0.60,0.65,0.68,0.71,0.67,0.67,0.64,0.67,0.62
E06000035,Medway,0.58,0.61,0.64,0.61,0.62,0.66,0.63,0.61,0.58,0.55,0.56
E07000133,Melton,0.68,0.68,0.70,0.70,0.69,0.75,0.69,0.74,0.78,0.72,0.76
E09000024,Merton,0.66,0.62,0.59,0.60,0.70,0.65,0.60,0.58,0.60,0.58,0.57
E07000042,Mid Devon,0.69,0.72,0.73,0.72,0.69,0.69,0.70,0.65,0.63,0.67,0.61
E07000203,Mid Suffolk,0.84,0.81,0.80,0.73,0.73,0.72,0.73,0.71,0.71,0.68,0.75
E07000228,Mid Sussex,0.79,0.85,0.90,0.76,0.76,0.80,0.77,0.74,0.75,0.72,0.71
E06000002,Middlesbrough,0.76,0.67,0.71,0.78,0.80,0.83,0.79,0.82,0.77,0.77,0.74
E06000042,Milton Keynes,0.97,1.00,0.99,0.98,1.00,0.96,0.93,0.96,0.97,0.93,0.95
E07000210,Mole Valley,1.13,1.11,1.08,1.01,0.91,0.92,1.03,0.98,1.00,1.00,1.01
E07000091,New Forest,0.69,0.74,0.71,0.70,0.74,0.76,0.73,0.77,0.75,0.76,0.78
E07000175,Newark and Sherwood,0.60,0.62,0.65,0.68,0.65,0.72,0.73,0.79,0.69,0.69,0.70
E08000021,Newcastle upon Tyne,1.00,1.02,1.05,1.02,1.02,1.11,1.07,1.02,1.04,0.98,0.98
E07000195,Newcastle-under-Lyme,0.66,0.62,0.62,0.63,0.65,0.64,0.62,0.59,0.60,0.63,0.60
E09000025,Newham,0.50,0.48,0.43,0.45,0.47,0.49,0.46,0.44,0.41,0.41,0.38
E07000043,North Devon,0.79,0.85,0.79,0.82,0.83,0.86,0.81,0.87,0.84,0.83,0.92
E07000038,North East Derbyshire,0.47,0.48,0.50,0.52,0.50,0.50,0.47,0.47,0.49,0.47,0.50
E06000012,North East Lincolnshire,0.77,0.74,0.73,0.76,0.79,0.76,0.74,0.75,0.76,0.74,0.74
E07000099,North Hertfordshire,0.74,0.79,0.77,0.79,0.80,0.82,0.69,0.70,0.72,0.66,0.66
E07000139,North Kesteven,0.62,0.66,0.65,0.66,0.67,0.66,0.66,0.66,0.63,0.65,0.68
E06000013,North Lincolnshire,0.77,0.78,0.78,0.77,0.79,0.80,0.77,0.77,0.76,0.71,0.71
E07000147,North Norfolk,0.72,0.71,0.70,0.72,0.72,0.71,0.69,0.65,0.62,0.68,0.68
E06000024,North Somerset,0.69,0.71,0.71,0.70,0.69,0.69,0.69,0.69,0.69,0.71,0.71
E08000022,North Tyneside,0.58,0.56,0.59,0.57,0.57,0.63,0.60,0.60,0.59,0.56,0.60
E07000218,North Warwickshire,0.71,0.74,0.74,0.76,0.79,0.82,0.93,0.97,1.06,1.05,1.03
E07000134,North West Leicestershire,0.79,0.88,0.89,0.86,0.90,0.92,0.94,0.94,0.94,0.92,0.93
E06000057,Northumberland,0.60,0.58,0.61,0.62,0.62,0.65,0.64,0.61,0.64,0.63,0.62
E07000148,Norwich,1.24,1.26,1.22,1.16,1.15,1.20,1.32,1.24,1.14,1.05,1.01
E06000018,Nottingham,1.08,1.11,1.08,1.06,1.04,1.02,1.02,1.02,0.98,0.97,1.01
E07000219,Nuneaton and Bedworth,0.51,0.56,0.58,0.53,0.58,0.59,0.57,0.55,0.53,0.54,0.56
E07000135,Oadby and Wigston,0.60,0.57,0.53,0.52,0.56,0.60,0.60,0.59,0.61,0.59,0.61
E08000004,Oldham,0.65,0.66,0.64,0.66,0.69,0.70,0.63,0.64,0.62,0.61,0.61
E07000178,Oxford,1.06,1.02,1.09,1.05,1.05,1.01,1.10,1.09,1.15,1.12,1.06
E07000122,Pendle,0.66,0.66,0.68,0.68,0.64,0.63,0.65,0.64,0.65,0.57,0.57
E06000031,Peterborough,0.98,0.94,0.97,1.00,0.96,0.94,0.99,0.99,0.97,0.90,0.90
E06000026,Plymouth,0.77,0.81,0.77,0.79,0.78,0.78,0.76,0.76,0.76,0.74,0.74
E06000044,Portsmouth,0.98,0.99,1.01,0.95,0.96,0.92,0.89,0.90,0.91,0.90,0.88
E07000123,Preston,1.03,1.06,1.17,1.10,1.13,1.08,1.04,1.08,1.07,1.00,1.03
E06000038,Reading,1.15,1.16,1.17,1.11,1.13,1.08,1.01,1.03,1.02,0.94,0.94
E09000026,Redbridge,0.53,0.52,0.52,0.52,0.52,0.51,0.44,0.46,0.48,0.45,0.43
E06000003,Redcar and Cleveland,0.51,0.51,0.53,0.53,0.53,0.55,0.56,0.52,0.51,0.49,0.51
E07000236,Redditch,0.85,0.87,0.78,0.86,0.91,0.89,0.89,0.84,0.72,0.73,0.69
E07000211,Reigate and Banstead,0.93,0.85,0.86,0.88,0.81,0.87,0.84,0.84,0.82,0.77,0.81
E07000124,Ribble Valley,0.79,0.83,0.89,0.89,0.83,0.81,0.82,0.80,0.84,1.02,1.00
E09000027,Richmond upon Thames,0.70,0.72,0.67,0.70,0.66,0.70,0.67,0.72,0.73,0.68,0.68
E08000005,Rochdale,0.64,0.64,0.64,0.66,0.65,0.66,0.65,0.67,0.62,0.62,0.58
E07000075,Rochford,0.51,0.49,0.51,0.55,0.47,0.50,0.48,0.46,0.49,0.48,0.50
E07000125,Rossendale,0.67,0.68,0.62,0.55,0.61,0.61,0.58,0.53,0.58,0.53,0.55
E07000064,Rother,0.64,0.70,0.66,0.67,0.64,0.69,0.68,0.69,0.70,0.74,0.67
E08000018,Rotherham,0.61,0.62,0.64,0.65,0.72,0.72,0.71,0.71,0.67,0.66,0.64
E07000220,Rugby,0.84,0.86,0.83,0.81,0.80,0.84,0.81,0.80,0.78,0.74,0.75
E07000212,Runnymede,0.94,0.92,0.96,0.97,0.96,1.09,1.03,1.05,1.02,1.13,1.12
E07000176,Rushcliffe,0.59,0.57,0.64,0.61,0.64,0.72,0.74,0.75,0.68,0.66,0.63
E07000092,Rushmoor,0.92,0.91,0.98,0.95,0.94,0.94,0.84,0.83,0.86,0.81,0.80
E06000017,Rutland,0.80,0.76,0.79,0.80,0.80,0.80,0.78,0.83,0.85,0.83,0.86
E08000006,Salford,0.87,0.85,0.88,0.86,0.88,0.85,0.84,0.85,0.85,0.81,0.83
E08000028,Sandwell,0.77,0.77,0.78,0.75,0.72,0.74,0.74,0.74,0.73,0.69,0.67
E08000014,Sefton,0.64,0.64,0.69,0.69,0.68,0.66,0.64,0.63,0.60,0.60,0.59
E07000111,Sevenoaks,0.69,0.75,0.80,0.74,0.75,0.75,0.69,0.71,0.69,0.76,0.76
E08000019,Sheffield,0.77,0.78,0.79,0.81,0.81,0.81,0.79,0.80,0.80,0.78,0.75
E06000051,Shropshire,0.77,0.76,0.79,0.77,0.75,0.78,0.74,0.72,0.74,0.76,0.75
E06000039,Slough,1.06,1.05,1.03,1.01,0.99,1.00,0.96,0.95,0.91,0.92,0.93
E08000029,Solihull,0.84,0.87,0.89,0.94,0.93,0.93,0.89,0.85,0.81,0.78,0.79
E07000012,South Cambridgeshire,0.82,0.79,0.82,0.81,0.77,0.81,0.85,0.82,0.83,0.80,0.86
E07000039,South Derbyshire,0.46,0.47,0.46,0.58,0.60,0.62,0.57,0.56,0.54,0.50,0.59
E06000025,South Gloucestershire,0.78,0.81,0.79,0.87,0.89,0.93,0.89,0.89,0.91,0.92,0.92
E07000044,South Hams,0.70,0.80,0.83,0.87,0.89,0.90,0.88,0.86,0.90,0.90,0.90
E07000140,South Holland,0.79,0.77,0.81,0.79,0.75,0.78,0.77,0.81,0.76,0.71,0.71
E07000141,South Kesteven,0.68,0.70,0.71,0.74,0.70,0.72,0.70,0.74,0.75,0.75,0.75
E07000149,South Norfolk,0.55,0.57,0.65,0.67,0.70,0.71,0.74,0.68,0.67,0.69,0.69
E07000179,South Oxfordshire,0.82,0.79,0.78,0.79,0.80,0.80,0.76,0.79,0.82,0.81,0.76
E07000126,South Ribble,0.66,0.66,0.70,0.73,0.73,0.75,0.72,0.76,0.71,0.75,0.72
E07000196,South Staffordshire,0.52,0.48,0.51,0.52,0.53,0.52,0.52,0.51,0.52,0.49,0.52
E08000023,South Tyneside,0.52,0.50,0.47,0.47,0.49,0.53,0.51,0.51,0.50,0.50,0.50
E06000045,Southampton,0.85,0.84,0.88,0.82,0.84,0.84,0.81,0.82,0.78,0.76,0.75
E06000033,Southend-on-Sea,0.83,0.77,0.80,0.79,0.77,0.76,0.73,0.74,0.72,0.69,0.67
E09000028,Southwark,1.05,1.06,0.92,0.99,1.07,1.08,1.09,1.13,1.22,1.15,1.09
E07000213,Spelthorne,1.35,0.95,0.88,0.80,0.76,0.85,0.77,0.81,0.74,0.68,0.73
E07000240,St Albans,0.80,0.83,0.76,0.80,0.82,0.87,0.83,0.84,0.93,0.87,0.83
E08000013,St. Helens,0.55,0.62,0.64,0.58,0.59,0.61,0.60,0.62,0.60,0.58,0.58
E07000197,Stafford,0.84,0.88,0.86,0.80,0.81,0.83,0.89,0.88,0.83,0.81,0.82
E07000198,Staffordshire Moorlands,0.57,0.58,0.58,0.56,0.57,0.58,0.60,0.60,0.63,0.61,0.63
E07000243,Stevenage,0.95,0.89,0.87,0.96,0.96,0.97,0.85,0.92,0.86,0.89,0.86
E08000007,Stockport,0.74,0.73,0.75,0.74,0.77,0.76,0.76,0.78,0.81,0.79,0.76
E06000004,Stockton-on-Tees,0.65,0.70,0.71,0.70,0.71,0.73,0.72,0.70,0.70,0.69,0.67
E06000021,Stoke-on-Trent,0.79,0.76,0.75,0.77,0.77,0.75,0.74,0.71,0.71,0.72,0.75
E07000221,Stratford-on-Avon,0.83,0.85,0.86,0.85,0.88,0.95,0.97,1.01,0.99,0.96,0.93
E07000082,Stroud,0.73,0.67,0.71,0.77,0.73,0.71,0.77,0.79,0.83,0.82,0.81
E08000024,Sunderland,0.64,0.64,0.65,0.66,0.68,0.74,0.71,0.71,0.71,0.68,0.66
E07000214,Surrey Heath,1.00,0.94,0.97,0.99,0.95,0.92,0.89,0.88,0.89,1.01,1.01
E09000029,Sutton,0.67,0.65,0.62,0.61,0.62,0.60,0.59,0.59,0.66,0.58,0.59
E07000113,Swale,0.61,0.64,0.64,0.61,0.62,0.67,0.60,0.61,0.57,0.60,0.62
E06000030,Swindon,1.02,1.05,1.02,0.97,0.97,0.98,0.95,0.93,0.89,0.92,0.86
E08000008,Tameside,0.58,0.59,0.59,0.59,0.61,0.62,0.58,0.59,0.55,0.55,0.52
E07000199,Tamworth,0.74,0.69,0.67,0.69,0.73,0.70,0.73,0.70,0.65,0.59,0.60
E07000215,Tandridge,0.70,0.71,0.76,0.84,0.78,0.72,0.78,0.80,0.79,0.69,0.73
E07000045,Teignbridge,0.67,0.69,0.82,0.70,0.68,0.69,0.65,0.66,0.67,0.72,0.66
E06000020,Telford and Wrekin,0.81,0.80,0.84,0.80,0.84,0.86,0.84,0.83,0.83,0.78,0.80
E07000076,Tendring,0.56,0.56,0.56,0.59,0.55,0.53,0.61,0.58,0.58,0.56,0.58
E07000093,Test Valley,0.87,0.87,0.87,0.81,0.87,0.93,0.85,0.83,0.81,0.82,0.80
E07000083,Tewkesbury,0.76,0.83,0.83,0.79,0.86,0.83,0.79,0.83,0.83,0.87,0.84
E07000114,Thanet,0.53,0.64,0.63,0.65,0.64,0.65,0.61,0.65,0.64,0.59,0.59
E07000102,Three Rivers,0.68,0.72,0.68,0.72,0.72,0.73,0.70,0.70,0.72,0.67,0.67
E06000034,Thurrock,0.64,0.64,0.66,0.67,0.66,0.64,0.63,0.63,0.64,0.64,0.63
E07000115,Tonbridge and Malling,0.84,0.84,0.89,0.85,0.87,0.91,0.87,0.88,0.87,0.81,0.83
E06000027,Torbay,0.73,0.77,0.74,0.73,0.76,0.75,0.74,0.74,0.72,0.72,0.70
E07000046,Torridge,0.63,0.66,0.62,0.64,0.63,0.61,0.63,0.55,0.63,0.70,0.63
E09000030,Tower Hamlets,1.15,1.21,1.12,1.13,1.30,1.31,1.31,1.30,1.30,1.23,1.22
E08000009,Trafford,0.99,1.02,1.01,1.03,1.06,1.00,0.97,0.98,0.93,0.95,0.93
E07000116,Tunbridge Wells,0.86,0.90,0.97,0.90,0.87,0.87,0.77,0.76,0.78,0.80,0.75
E07000077,Uttlesford,0.91,0.88,0.92,0.92,0.90,0.93,0.90,0.87,0.89,0.83,0.81
E07000180,Vale of White Horse,0.91,0.87,0.94,0.95,0.87,0.86,0.85,0.80,0.83,0.86,0.85
E08000036,Wakefield,0.66,0.68,0.67,0.71,0.75,0.75,0.70,0.76,0.73,0.71,0.71
E08000030,Walsall,0.72,0.76,0.72,0.70,0.75,0.73,0.71,0.70,0.69,0.63,0.63
E09000031,Waltham Forest,0.50,0.46,0.46,0.46,0.46,0.50,0.44,0.42,0.41,0.41,0.38
E09000032,Wandsworth,0.65,0.61,0.62,0.62,0.61,0.59,0.59,0.59,0.59,0.56,0.52
E06000007,Warrington,0.93,0.95,1.01,0.95,0.96,0.97,0.99,0.93,0.95,0.94,0.96
E07000222,Warwick,0.96,0.94,0.94,0.92,0.91,0.93,0.92,0.92,0.93,0.95,0.96
E07000103,Watford,1.23,1.21,1.16,1.06,1.06,1.06,1.10,1.07,1.02,1.23,1.22
E07000216,Waverley,0.84,0.83,0.79,0.82,0.76,0.81,0.79,0.80,0.82,0.78,0.80
E07000065,Wealden,0.65,0.66,0.65,0.65,0.63,0.65,0.65,0.66,0.65,0.67,0.67
E07000241,Welwyn Hatfield,1.06,1.06,1.07,1.02,1.09,1.04,1.04,1.08,1.09,1.09,1.01
E06000037,West Berkshire,0.93,0.96,0.93,0.96,0.94,0.95,0.93,0.93,0.95,0.97,1.01
E07000047,West Devon,0.72,0.70,0.70,0.69,0.73,0.69,0.75,0.75,0.70,0.80,0.71
E07000127,West Lancashire,0.64,0.66,0.69,0.65,0.69,0.72,0.71,0.73,0.72,0.68,0.71
E07000142,West Lindsey,0.57,0.59,0.59,0.60,0.54,0.54,0.55,0.58,0.55,0.53,0.49
E07000181,West Oxfordshire,0.85,0.76,0.73,0.75,0.80,0.81,0.87,0.87,0.81,0.73,0.73
E09000033,Westminster,4.23,4.03,3.82,3.81,3.68,3.61,3.56,3.73,3.89,3.95,4.00
E08000010,Wigan,0.55,0.57,0.57,0.57,0.58,0.58,0.59,0.56,0.54,0.55,0.56
E06000054,Wiltshire,0.81,0.82,0.80,0.83,0.80,0.81,0.81,0.81,0.79,0.79,0.79
E07000094,Winchester,1.05,1.09,1.12,1.06,1.08,1.08,1.08,1.10,1.05,1.06,1.13
E06000040,Windsor and Maidenhead,1.02,0.98,1.04,0.99,1.03,1.01,0.97,0.98,0.95,0.91,0.91
E08000015,Wirral,0.58,0.58,0.59,0.60,0.59,0.58,0.57,0.56,0.56,0.55,0.55
E07000217,Woking,0.85,0.85,0.85,0.96,0.91,0.91,0.88,0.87,0.86,0.82,0.82
E06000041,Wokingham,0.72,0.69,0.72,0.74,0.73,0.72,0.75,0.76,0.76,0.74,0.78
E08000031,Wolverhampton,0.78,0.75,0.77,0.76,0.75,0.75,0.81,0.78,0.75,0.73,0.78
E07000237,Worcester,0.79,0.90,0.89,1.00,0.98,0.92,0.88,0.88,0.87,0.89,0.88
E07000229,Worthing,0.93,0.92,0.93,0.89,0.88,0.85,0.86,0.84,0.80,0.78,0.76
E07000238,Wychavon,0.78,0.83,0.75,0.74,0.76,0.77,0.77,0.78,0.82,0.79,0.76
E07000128,Wyre,0.58,0.57,0.60,0.64,0.65,0.63,0.65,0.64,0.63,0.66,0.69
E07000239,Wyre Forest,0.68,0.64,0.63,0.64,0.65,0.67,0.60,0.58,0.63,0.59,0.59
E06000014,York,0.91,0.95,0.92,0.94,0.90,0.88,0.86,0.87,0.90,0.88,0.87